sample_name,split,true_label,pred_label,correct,ptv3_prop,ae_prop,sinr_prop,confidence
Abies/TreeScanPL_plot101703_tree1.npy,train,0,0,1,0.6380560881853946,0.14619920464631447,0.21574470569426765,0.9351364374160767
Carpinus/TreeScanPL_plot101703_tree2.npy,train,4,4,1,0.8418219614742392,0.036690063028881316,0.12148797356372906,0.9997715353965759
Fagus/TreeScanPL_plot101703_tree3.npy,train,5,5,1,0.7891222018718129,0.05009038602976861,0.16078741066447538,0.9990525841712952
Abies/TreeScanPL_plot101703_tree4.npy,train,0,0,1,0.7305584755862273,0.10418538567615183,0.16525613654156407,0.9994437098503113
Acer/TreeScanPL_plot101703_tree6.npy,train,1,1,1,0.7035294802849998,0.07314721308739683,0.2233233049384103,0.9996764659881592
Abies/TreeScanPL_plot101703_tree7.npy,train,0,0,1,0.7009573040083112,0.0847584274362652,0.21428426663763211,0.9999486207962036
Fagus/TreeScanPL_plot101703_tree8.npy,train,5,5,1,0.7553432377069509,0.07301906850286981,0.17163769253809852,0.8220351934432983
Abies/TreeScanPL_plot101703_tree9.npy,train,0,0,1,0.6474972384396785,0.12974695978349737,0.2227557995370136,0.9998162388801575
Abies/TreeScanPL_plot101703_tree10.npy,train,0,0,1,0.6208665017285461,0.06555355088322351,0.3135799456910736,0.9999436140060425
Abies/TreeScanPL_plot101703_tree11.npy,train,0,0,1,0.8465520419799424,0.07687772211801815,0.07657023292359622,0.9999897480010986
Abies/TreeScanPL_plot101703_tree12.npy,train,0,0,1,0.39466642887283093,0.11557980558539172,0.48975376411977034,0.9998266100883484
Abies/TreeScanPL_plot101703_tree13.npy,train,0,0,1,0.801398969280336,0.11197664935648093,0.08662437860916457,0.999984622001648
Abies/TreeScanPL_plot101703_tree14.npy,train,0,0,1,0.5392766338473103,0.04790125875537036,0.41282210586414075,0.9999666213989258
Abies/TreeScanPL_plot101703_tree15.npy,train,0,0,1,0.6226972065269922,0.12163489566137786,0.255667895573561,0.9999979734420776
Abies/TreeScanPL_plot101703_tree17.npy,train,0,0,1,0.4669699487162261,0.1439217644186828,0.3891082847675724,0.9999943971633911
Abies/TreeScanPL_plot101703_tree18.npy,train,0,0,1,0.5199847072986231,0.060813408164405496,0.41920188321482393,0.9995137453079224
Abies/TreeScanPL_plot101703_tree19.npy,train,0,0,1,0.5347415155100088,0.06760481740918713,0.3976536654506153,0.9989318251609802
Abies/TreeScanPL_plot101703_tree20.npy,train,0,0,1,0.581795888766722,0.08984978857888543,0.3283543209463809,0.9999922513961792
Fagus/TreeScanPL_plot101703_tree21.npy,train,5,5,1,0.7306900968541952,0.035884204434457896,0.2334256974764356,0.9872131943702698
Abies/TreeScanPL_plot101703_tree22.npy,train,0,0,1,0.5656824562346704,0.04927079815154446,0.3850467438231549,0.999996542930603
Acer/TreeScanPL_plot101703_tree23.npy,train,1,1,1,0.59669958233884,0.04571307570163287,0.3575873406305704,0.9981892704963684
Abies/TreeScanPL_plot101703_tree24.npy,train,0,0,1,0.548167839909919,0.05947836397628777,0.392353794502815,0.9999823570251465
Quercus/TreeScanPL_plot101703_tree25.npy,train,9,9,1,0.6713545692458387,0.18660388609976913,0.14204154275848113,0.996531069278717
Abies/TreeScanPL_plot101703_tree27.npy,train,0,0,1,0.7108391683804937,0.06220351759242886,0.22695731172947042,0.9999105930328369
Abies/TreeScanPL_plot101703_tree28.npy,train,0,0,1,0.8561429177484281,0.10480079947330403,0.03905628062717369,0.9999938011169434
Fagus/TreeScanPL_plot101703_tree29.npy,train,5,5,1,0.678851467361103,0.03749767048484297,0.2836508607144418,0.9983177185058594
Abies/TreeScanPL_plot101703_tree31.npy,train,0,0,1,0.7059269100976889,0.051826392974927506,0.2422466953230879,0.9999175071716309
Abies/TreeScanPL_plot101703_tree32.npy,train,0,0,1,0.715396896699851,0.14072443021030714,0.1438786708274406,0.9999686479568481
Abies/TreeScanPL_plot101703_tree33.npy,train,0,0,1,0.7090668028796868,0.05203489813019265,0.2388982975651459,0.9945492148399353
Acer/TreeScanPL_plot2603203_tree7.npy,train,1,1,1,0.5259829706209995,0.27572204095157876,0.1982949860678026,0.9976658821105957
Acer/TreeScanPL_plot2603203_tree8.npy,train,1,1,1,0.3430464840421752,0.29362828067978036,0.3633252330577246,0.9999508857727051
Acer/TreeScanPL_plot2603203_tree10.npy,train,1,1,1,0.6325868864926018,0.2310638587696167,0.13634925213363666,0.999238133430481
Acer/TreeScanPL_plot2603203_tree12.npy,train,1,1,1,0.5436437976366215,0.19702099305689214,0.2593352070664294,0.9810268878936768
Abies/TreeScanPL_plot2703003_tree1.npy,train,0,0,1,0.786018341620365,0.0931206696197661,0.12086098611688281,0.9999860525131226
Abies/TreeScanPL_plot2703003_tree3.npy,train,0,0,1,0.5023611842596949,0.11383917851651258,0.3837996352037154,0.9997473359107971
Abies/TreeScanPL_plot2703003_tree5.npy,train,0,0,1,0.657842116579999,0.05272622760508156,0.28943165276675037,0.9996474981307983
Abies/TreeScanPL_plot2703003_tree6.npy,train,0,0,1,0.48928580340033506,0.12188327841351786,0.38883091651565976,0.9998779296875
Abies/TreeScanPL_plot2703003_tree11.npy,train,0,0,1,0.6744292465774087,0.10213838111799077,0.2234323694810392,0.9999303817749023
Abies/TreeScanPL_plot2703003_tree13.npy,train,0,0,1,0.5577802197682448,0.1199690431390985,0.3222507345805895,0.9998482465744019
Abies/TreeScanPL_plot2703003_tree14.npy,train,0,0,1,0.48306480923007483,0.09237050595123063,0.42456468312775864,0.9987396597862244
Abies/TreeScanPL_plot2703003_tree15.npy,train,0,0,1,0.6890919519188461,0.18336781281735354,0.12754023344640056,0.9995092153549194
Abies/TreeScanPL_plot2703003_tree16.npy,train,0,0,1,0.3796423905010149,0.1673502748154801,0.4530073332273463,0.9993622899055481
Abies/TreeScanPL_plot2703003_tree17.npy,train,0,0,1,0.7599773033230705,0.13229787450865174,0.10772482044526532,0.9998704195022583
Abies/TreeScanPL_plot2703003_tree18.npy,train,0,0,1,0.7333395704967631,0.08092412291210027,0.1857363044219823,0.9999949932098389
Abies/TreeScanPL_plot2703003_tree19.npy,train,0,0,1,0.5123523402957302,0.1352570075800917,0.3523906501165103,0.9999802112579346
Abies/TreeScanPL_plot2703003_tree20.npy,train,0,0,1,0.620076039861287,0.12561832261554345,0.2543056354640663,0.9996575117111206
Abies/TreeScanPL_plot2703003_tree21.npy,train,0,0,1,0.779899330921093,0.10672208140245128,0.11337858606456233,0.9999339580535889
Abies/TreeScanPL_plot2703003_tree22.npy,train,0,0,1,0.6499444605693415,0.13632461992998143,0.21373091818845485,0.9994304776191711
Abies/TreeScanPL_plot2703003_tree24.npy,train,0,0,1,0.6193198210556305,0.16909815718850305,0.21158202048756114,0.995070219039917
Abies/TreeScanPL_plot2703003_tree25.npy,train,0,0,1,0.7852904400071857,0.10409030873923945,0.11061924885551364,0.9999884366989136
Abies/TreeScanPL_plot2703003_tree26.npy,train,0,0,1,0.6128044780433642,0.14126104228352454,0.2459344775013858,0.9997628331184387
Abies/TreeScanPL_plot2703003_tree27.npy,train,0,0,1,0.5812156259978307,0.09816178646563102,0.3206225861731481,0.99812251329422
Abies/TreeScanPL_plot2703003_tree28.npy,train,0,0,1,0.7668500886884789,0.09807926780657918,0.1350706418327816,0.9997885823249817
Abies/TreeScanPL_plot2703003_tree29.npy,train,0,0,1,0.384631395799933,0.14312669768026545,0.472241904783057,0.9989414811134338
Abies/TreeScanPL_plot2703003_tree30.npy,train,0,0,1,0.619067519650159,0.06861330791203649,0.31231917102832885,0.9971073269844055
Abies/TreeScanPL_plot2703003_tree31.npy,train,0,0,1,0.6339117672785307,0.11208798789384615,0.25400024288930245,0.9999626874923706
Abies/TreeScanPL_plot2703003_tree32.npy,train,0,0,1,0.4762832553245488,0.14992191495330906,0.3737948280050632,0.9997257590293884
Abies/TreeScanPL_plot2703003_tree33.npy,train,0,0,1,0.8065307522087006,0.10364559646598662,0.08982364954198631,0.9999780654907227
Abies/TreeScanPL_plot2703003_tree34.npy,train,0,0,1,0.650769122683636,0.12803902464851794,0.22119185024103566,0.9999611377716064
Abies/TreeScanPL_plot2703003_tree35.npy,train,0,0,1,0.6802606728123689,0.13802733903369746,0.18171198667231953,0.9995625615119934
Abies/TreeScanPL_plot2703003_tree36.npy,train,0,0,1,0.4489710020036544,0.11489706927038064,0.4361319265920272,0.9991201758384705
Abies/TreeScanPL_plot2703003_tree37.npy,train,0,0,1,0.7389101786421596,0.13752257664906065,0.12356724265654688,0.9999939203262329
Abies/TreeScanPL_plot2703003_tree40.npy,train,0,0,1,0.6832690370017863,0.14776235725617226,0.16896860449579712,0.9999117851257324
Abies/TreeScanPL_plot2703003_tree41.npy,train,0,0,1,0.8022582356891058,0.1552659562316238,0.04247580614859224,0.999974250793457
Abies/TreeScanPL_plot2703003_tree43.npy,train,0,0,1,0.551200098423687,0.19758957286122003,0.2512103269283704,0.9752539396286011
Abies/TreeScanPL_plot2703003_tree44.npy,train,0,0,1,0.6050472635785484,0.08831956137822047,0.3066331718857842,0.9999463558197021
Abies/TreeScanPL_plot2703003_tree45.npy,train,0,0,1,0.6954124639909847,0.18997719931825194,0.11461033419196211,0.999983549118042
Abies/TreeScanPL_plot2703003_tree47.npy,train,0,0,1,0.6752398981731761,0.11519786106914809,0.20956223850723957,0.9998941421508789
Abies/TreeScanPL_plot2703003_tree48.npy,train,0,0,1,0.5347254810903511,0.14549268540673368,0.31978183127445675,0.9998370409011841
Abies/TreeScanPL_plot2703003_tree49.npy,train,0,0,1,0.4503391745873766,0.11362616848721745,0.436034655076114,0.9968804121017456
Abies/TreeScanPL_plot2703003_tree50.npy,train,0,0,1,0.5061189605947232,0.14688613671218614,0.34699490118680876,0.874679446220398
Abies/TreeScanPL_plot2703003_tree51.npy,train,0,0,1,0.5486956653986008,0.11348857673464383,0.33781575565979605,0.9999898672103882
Abies/TreeScanPL_plot2703003_tree53.npy,train,0,0,1,0.5727085043263277,0.14668316867259037,0.2806083256627788,0.9677724242210388
Abies/TreeScanPL_plot2703003_tree55.npy,train,0,0,1,0.5544389478937298,0.15921573308269724,0.28634531682198033,0.9999773502349854
Abies/TreeScanPL_plot2800303_tree1.npy,train,0,0,1,0.6824669224426781,0.04380633406214908,0.2737267413326537,0.9999861717224121
Abies/TreeScanPL_plot2800303_tree3.npy,train,0,0,1,0.9065308635763715,0.07589683189000963,0.017572302765430457,0.9998393058776855
Abies/TreeScanPL_plot2800303_tree4.npy,train,0,0,1,0.6476046236103343,0.09682416336385079,0.2555712119078911,0.9987194538116455
Quercus/TreeScanPL_plot2800303_tree5.npy,train,9,9,1,0.711328572902748,0.12199506880803739,0.166676356240876,0.9996059536933899
Abies/TreeScanPL_plot2800303_tree6.npy,train,0,0,1,0.5386357022106593,0.07047022014302816,0.39089407568176976,0.9975351095199585
Quercus/TreeScanPL_plot2800303_tree8.npy,train,9,9,1,0.7474432096955153,0.09061235450443117,0.16194443367839778,0.9979220032691956
Quercus/TreeScanPL_plot2800303_tree9.npy,train,9,9,1,0.8677970617577423,0.06552870657975152,0.0666742284918151,0.9994186162948608
Abies/TreeScanPL_plot2800303_tree10.npy,train,0,0,1,0.5945976226255799,0.11181353653507861,0.293588838017143,0.9999595880508423
Abies/TreeScanPL_plot2800303_tree11.npy,train,0,0,1,0.5499467978342717,0.08184845731613322,0.3682047431528983,0.9966691136360168
Abies/TreeScanPL_plot2800303_tree12.npy,train,0,0,1,0.4597074084880016,0.12058218451130834,0.41971040563163087,0.9993539452552795
Abies/TreeScanPL_plot2800303_tree13.npy,train,0,0,1,0.7145866071394988,0.09119943540357651,0.19421395592626392,0.9968083500862122
Abies/TreeScanPL_plot2800303_tree14.npy,train,0,0,1,0.6621516729175465,0.10525278426535845,0.2325955400884733,0.9999947547912598
Abies/TreeScanPL_plot2800303_tree15.npy,train,0,0,1,0.7163619117034684,0.07612836777124013,0.20750971864639792,0.9998505115509033
Abies/TreeScanPL_plot2800303_tree16.npy,train,0,0,1,0.7161314382377558,0.10758214802071085,0.17628641140209786,0.9999790191650391
Quercus/TreeScanPL_plot2800303_tree17.npy,train,9,9,1,0.6231992432497176,0.17519171797373614,0.20160903671753166,0.9995098114013672
Abies/TreeScanPL_plot2800303_tree18.npy,train,0,0,1,0.45516983614189743,0.05171066455704666,0.49311949791922016,0.9953645467758179
Abies/TreeScanPL_plot2800303_tree19.npy,train,0,0,1,0.7249576894586685,0.10931508878064537,0.16572721996592824,0.9988920092582703
Abies/TreeScanPL_plot2800303_tree20.npy,train,0,0,1,0.7117228977940424,0.14549521959619707,0.14278188034872766,0.9999661445617676
Abies/TreeScanPL_plot2800303_tree21.npy,train,0,0,1,0.5627563556227542,0.08532819216431828,0.3519154504467912,0.9944772124290466
Abies/TreeScanPL_plot2800303_tree22.npy,train,0,0,1,0.609850859846302,0.06148997151431385,0.3286591672875314,0.9540678262710571
Abies/TreeScanPL_plot2800303_tree23.npy,train,0,0,1,0.6753700075836593,0.06472912737317459,0.25990086377213795,0.9969877600669861
Abies/TreeScanPL_plot2800303_tree24.npy,train,0,0,1,0.4948012753305473,0.08472990867639527,0.4204688138123803,0.9999874830245972
Abies/TreeScanPL_plot2800303_tree25.npy,train,0,0,1,0.48802968916392414,0.08325827224112499,0.4287120369699074,0.9998518228530884
Abies/TreeScanPL_plot2800303_tree26.npy,train,0,0,1,0.7460493136070696,0.1198102351221503,0.13414044845473866,0.9999966621398926
Abies/TreeScanPL_plot2800303_tree27.npy,train,0,0,1,0.7448798223186729,0.1284770872067798,0.12664308856043274,0.9999592304229736
Abies/TreeScanPL_plot3203303_tree1.npy,train,0,0,1,0.5701770440884371,0.1339993356405453,0.29582361816855396,0.991015613079071
Abies/TreeScanPL_plot3203303_tree2.npy,train,0,0,1,0.8422935361556937,0.035567513124100274,0.12213894823561043,0.999859094619751
Abies/TreeScanPL_plot3203303_tree4.npy,train,0,0,1,0.6439707166065208,0.06966683288999422,0.28636244896340984,0.9884740710258484
Abies/TreeScanPL_plot3203303_tree5.npy,train,0,0,1,0.7619083139453781,0.1313892206412281,0.10670246358732821,0.9999309778213501
Abies/TreeScanPL_plot3203303_tree6.npy,train,0,0,1,0.7000861982954802,0.12791939032434335,0.17199440937897126,0.9999977350234985
Acer/TreeScanPL_plot3203303_tree7.npy,train,1,1,1,0.6804213252388853,0.12441038199368036,0.195168290947252,0.999921441078186
Abies/TreeScanPL_plot3203303_tree8.npy,train,0,0,1,0.6406859873525212,0.08784847152876468,0.27146553878918683,0.9999387264251709
Abies/TreeScanPL_plot3203303_tree9.npy,train,0,0,1,0.7142727461955793,0.1268417737979222,0.15888547822873755,0.979255735874176
Abies/TreeScanPL_plot3203303_tree10.npy,train,0,0,1,0.7760499962721757,0.06387005188414223,0.16007994826060204,0.9999994039535522
Abies/TreeScanPL_plot3203303_tree11.npy,train,0,0,1,0.7976067898323458,0.12225449650148634,0.080138710980472,0.9999908208847046
Acer/TreeScanPL_plot3203303_tree13.npy,train,1,1,1,0.7589925689985599,0.11352852566437452,0.12747890309557164,0.9957061409950256
Abies/TreeScanPL_plot3203303_tree14.npy,train,0,0,1,0.7342959572323536,0.08848070981334609,0.17722333072127916,0.9999969005584717
Abies/TreeScanPL_plot3203303_tree15.npy,train,0,0,1,0.4901591804260181,0.0967620331536449,0.4130787833674354,0.999914288520813
Abies/TreeScanPL_plot3203303_tree16.npy,train,0,0,1,0.7945520973948724,0.09260297984951674,0.11284492077568097,0.9999750852584839
Abies/TreeScanPL_plot3203303_tree17.npy,train,0,0,1,0.667395467864371,0.12545129974609423,0.20715323082702397,0.9999139308929443
Abies/TreeScanPL_plot3203303_tree18.npy,train,0,0,1,0.6644910473861471,0.12810561653532937,0.2074033341551876,0.9999852180480957
Acer/TreeScanPL_plot3203303_tree19.npy,train,1,1,1,0.6336583851160945,0.20438599191384335,0.16195562095974347,0.9918357729911804
Abies/TreeScanPL_plot3203303_tree20.npy,train,0,0,1,0.8388282712620931,0.05912619850686924,0.10204552841521164,0.9990230798721313
Abies/TreeScanPL_plot3203303_tree21.npy,train,0,0,1,0.6535038416693688,0.10697261515280725,0.2395235407850029,0.9999507665634155
Abies/TreeScanPL_plot3203303_tree22.npy,train,0,0,1,0.5467881873031599,0.10382682880032444,0.3493849806101156,0.9999854564666748
Acer/TreeScanPL_plot3203303_tree23.npy,train,1,1,1,0.6855179490273343,0.12103267777835958,0.1934493717173049,0.9995614886283875
Acer/TreeScanPL_plot3203303_tree24.npy,train,1,1,1,0.7100308948590985,0.06449123240646772,0.22547787112859452,0.9974748492240906
Abies/TreeScanPL_plot3203303_tree25.npy,train,0,0,1,0.7445070039997786,0.12323566551057273,0.1322573265361695,0.9999996423721313
Abies/TreeScanPL_plot3203303_tree26.npy,train,0,0,1,0.7022186605115728,0.13606499557128354,0.16171634197012993,0.9984403252601624
Abies/TreeScanPL_plot3203303_tree27.npy,train,0,0,1,0.5597061469020136,0.07973060217709221,0.36056324885968805,0.9998124241828918
Abies/TreeScanPL_plot3203303_tree28.npy,train,0,0,1,0.6168867188329931,0.1329659988768225,0.25014728045556023,0.9999877214431763
Fagus/TreeScanPL_plot3203403_tree1.npy,train,5,5,1,0.4982390959168753,0.2115855467940136,0.2901753558800377,0.6523050665855408
Fagus/TreeScanPL_plot3203403_tree2.npy,train,5,5,1,0.5756631855783395,0.22742739418509678,0.19690941854499186,0.9883954524993896
Abies/TreeScanPL_plot3203403_tree3.npy,train,0,0,1,0.7409939639775238,0.10106423905971193,0.1579417945574386,0.9999963045120239
Abies/TreeScanPL_plot3203403_tree4.npy,train,0,0,1,0.7750313760157345,0.03483474917603667,0.19013387323987294,0.9997938275337219
Abies/TreeScanPL_plot3203403_tree5.npy,train,0,0,1,0.7590311714656122,0.07215478489313823,0.1688140419141002,0.9999873638153076
Abies/TreeScanPL_plot3203403_tree6.npy,train,0,0,1,0.7272547322477179,0.042102116181097896,0.23064315003036956,0.9998929500579834
Acer/TreeScanPL_plot3203403_tree8.npy,train,1,1,1,0.47872088433301413,0.18011900418640686,0.34116011000023516,0.9920404553413391
Abies/TreeScanPL_plot3203403_tree10.npy,train,0,0,1,0.5454882604033084,0.08673550692044774,0.36777623026102985,0.9999963045120239
Abies/TreeScanPL_plot3203403_tree11.npy,train,0,0,1,0.824305686532423,0.0210456474463343,0.15464866482072945,0.9994396567344666
Fagus/TreeScanPL_plot3203403_tree13.npy,train,5,5,1,0.7531748790604452,0.08454029098827577,0.16228482814588013,0.9953786134719849
Abies/TreeScanPL_plot3203403_tree14.npy,train,0,0,1,0.7196919252304825,0.04432826071099966,0.23597981266236623,0.9997811913490295
Fagus/TreeScanPL_plot3203403_tree17.npy,train,5,5,1,0.47785112682158964,0.18310000569486906,0.3390488655450599,0.9029354453086853
Fagus/TreeScanPL_plot3203403_tree18.npy,train,5,5,1,0.68626529308846,0.2278563795123296,0.08587832409130394,0.9972791075706482
Fagus/TreeScanPL_plot3203403_tree19.npy,train,5,5,1,0.5884724318540082,0.18468041961630532,0.22684714672269435,0.999461829662323
Fagus/TreeScanPL_plot3203403_tree21.npy,train,5,5,1,0.5783142966606539,0.16513366865373996,0.25655203313690816,0.9526966214179993
Abies/TreeScanPL_plot3203403_tree22.npy,train,0,0,1,0.5642238417868263,0.06964515312682264,0.36613100279507504,0.9999945163726807
Abies/TreeScanPL_plot3802203_tree1.npy,train,0,0,1,0.675834893305467,0.08839531860235537,0.23576978615581196,0.9983806610107422
Abies/TreeScanPL_plot3802203_tree3.npy,train,0,0,1,0.6658772753366065,0.06316763979098304,0.2709550830119214,0.9999537467956543
Abies/TreeScanPL_plot3802203_tree4.npy,train,0,0,1,0.738380782069736,0.08345097374855179,0.1781682427230221,0.9993926286697388
Abies/TreeScanPL_plot3802203_tree5.npy,train,0,0,1,0.5349040574925933,0.06360122071326321,0.4014947198118462,0.9997178912162781
Quercus/TreeScanPL_plot3802203_tree6.npy,train,9,9,1,0.7659961309384861,0.10484042575125885,0.12916344140079836,0.9997534155845642
Abies/TreeScanPL_plot3802203_tree7.npy,train,0,0,1,0.45115114671102136,0.07675043017216741,0.47209842131889285,0.9936977028846741
Abies/TreeScanPL_plot3802203_tree8.npy,train,0,0,1,0.7867874271527953,0.0813051907729165,0.13190738069329583,0.9998643398284912
Quercus/TreeScanPL_plot3802203_tree10.npy,train,9,9,1,0.6067526867355721,0.12131040317743037,0.2719369087461109,0.9938070178031921
Abies/TreeScanPL_plot3802203_tree11.npy,train,0,0,1,0.8491648527873688,0.12132330491494137,0.02951183869552296,0.9999953508377075
Abies/TreeScanPL_plot3802203_tree12.npy,train,0,0,1,0.7122718517827803,0.11880492455865865,0.16892322227926707,0.9998206496238708
Quercus/TreeScanPL_plot3802203_tree13.npy,train,9,9,1,0.6112385002175272,0.22706867345005335,0.16169282483765327,0.9991401433944702
Abies/TreeScanPL_plot3802203_tree14.npy,train,0,0,1,0.5417010797326509,0.06298873725419733,0.39531018186686423,0.9940495491027832
Abies/TreeScanPL_plot3802203_tree17.npy,train,0,0,1,0.6573338350318852,0.07931613985787583,0.2633500237564636,0.9999808073043823
Quercus/TreeScanPL_plot3802203_tree18.npy,train,9,9,1,0.6963647109942068,0.14807499594356227,0.15556029100953303,0.9989200830459595
Abies/TreeScanPL_plot3802203_tree21.npy,train,0,0,1,0.5394432170149852,0.045440771846187555,0.41511600917669417,0.9987773299217224
Abies/TreeScanPL_plot3802203_tree22.npy,train,0,0,1,0.6820177639827938,0.03665317011362901,0.2813290637741341,0.9999587535858154
Abies/TreeScanPL_plot3802203_tree23.npy,train,0,0,1,0.7171766031047352,0.11758619502535057,0.1652371995039544,0.9995933175086975
Abies/TreeScanPL_plot3802203_tree24.npy,train,0,0,1,0.6139469022301873,0.03690974258509089,0.3491433532891474,0.9999111890792847
Abies/TreeScanPL_plot3802203_tree25.npy,train,0,0,1,0.6171513839482357,0.0633051133967525,0.3195434999894623,0.9999953508377075
Abies/TreeScanPL_plot3802203_tree26.npy,train,0,0,1,0.644660978165719,0.05675313093461621,0.2985858889607387,0.9999954700469971
Abies/TreeScanPL_plot3802203_tree27.npy,train,0,0,1,0.642963757860563,0.07617224245030686,0.28086399801345713,0.9998160004615784
Abies/TreeScanPL_plot3802203_tree28.npy,train,0,0,1,0.6033535307540281,0.04999607483364425,0.34665039292178645,0.9993002414703369
Abies/TreeScanPL_plot3802203_tree29.npy,train,0,0,1,0.6932606082067383,0.07637148565092328,0.23036790332146356,0.9999682903289795
Abies/TreeScanPL_plot3802203_tree31.npy,train,0,0,1,0.5907623575315842,0.035014182041570294,0.37422345834479337,0.9995458722114563
Abies/TreeScanPL_plot3802203_tree33.npy,train,0,0,1,0.5190703079880051,0.07926932183020773,0.40166036809412947,0.9997979998588562
Abies/TreeScanPL_plot3802203_tree34.npy,train,0,0,1,0.6459586356689175,0.07689286380334316,0.27714849814263853,0.9999570846557617
Abies/TreeScanPL_plot3802203_tree36.npy,train,0,0,1,0.723017335629217,0.10119690282063602,0.17578575899248358,0.998515784740448
Abies/TreeScanPL_plot3802203_tree37.npy,train,0,0,1,0.6211302960145924,0.05479841667739963,0.32407128500219123,0.9995418787002563
Pinus/TreeScanPL_plot4704303_tree1.npy,train,8,8,1,0.8787849761414567,0.09852479625367519,0.022690225616625752,0.9982280135154724
Alnus/TreeScanPL_plot4704303_tree3.npy,train,2,2,1,0.8376203344847699,0.06660360996250157,0.0957760537968158,0.9997077584266663
Pinus/TreeScanPL_plot4704303_tree4.npy,train,8,8,1,0.9088288517536947,0.06581618253321618,0.025354964229558935,0.9618337154388428
Pinus/TreeScanPL_plot4704303_tree5.npy,train,8,8,1,0.8131563365187531,0.17340618570426264,0.01343747607374982,0.9716569781303406
Pinus/TreeScanPL_plot4704303_tree7.npy,train,8,8,1,0.9078745373109185,0.06373854862884369,0.02838691197237524,0.9973318576812744
Alnus/TreeScanPL_plot4704303_tree8.npy,train,2,2,1,0.7657914869070974,0.1327305420040074,0.10147796926665453,0.9994414448738098
Pinus/TreeScanPL_plot4704303_tree10.npy,train,8,8,1,0.9202631772346053,0.06066008880304591,0.019076731955884038,0.9994447827339172
Alnus/TreeScanPL_plot4704303_tree11.npy,train,2,2,1,0.7740675966947551,0.12956283803206636,0.0963695630741415,0.9998370409011841
Alnus/TreeScanPL_plot4704303_tree12.npy,train,2,2,1,0.7676622341810415,0.16430733260757588,0.06803043083262571,0.9998646974563599
Alnus/TreeScanPL_plot4704303_tree15.npy,train,2,2,1,0.8172297599365212,0.11234190212233276,0.07042833612068827,0.9999305009841919
Quercus/TreeScanPL_plot5201303_tree1.npy,train,9,9,1,0.6386297300420952,0.1996437282293394,0.1617265393431271,0.9994388222694397
Abies/TreeScanPL_plot5201303_tree4.npy,train,0,0,1,0.5973077818576907,0.12463202834883819,0.2780601877296753,0.9999798536300659
Abies/TreeScanPL_plot5201303_tree8.npy,train,0,0,1,0.5657898196550154,0.13624780005699183,0.29796237871463277,0.9999681711196899
Quercus/TreeScanPL_plot5201303_tree9.npy,train,9,9,1,0.6657878201901863,0.21359007569347258,0.12062210215195182,0.9989761114120483
Quercus/TreeScanPL_plot5201303_tree10.npy,train,9,9,1,0.6339391566249863,0.2774341039895486,0.0886267376937722,0.9809682965278625
Abies/TreeScanPL_plot5201303_tree12.npy,train,0,0,1,0.7436347297855853,0.055826923089972516,0.20053834484559546,0.9999933242797852
Acer/TreeScanPL_plot5201303_tree13.npy,train,1,1,1,0.6946293908182466,0.08766634876498966,0.21770425732688442,0.9998422861099243
Abies/TreeScanPL_plot5201303_tree15.npy,train,0,0,1,0.5797277473968058,0.11580903325189117,0.30446321759515965,0.9994224309921265
Quercus/TreeScanPL_plot5201303_tree17.npy,train,9,9,1,0.6514076560041343,0.14132896049522475,0.207263381172193,0.9982548356056213
Acer/TreeScanPL_plot5201303_tree18.npy,train,1,1,1,0.5902108041166427,0.12065960459062841,0.2891295889029142,0.9997183680534363
Abies/TreeScanPL_plot5201303_tree19.npy,train,0,0,1,0.6481916276578299,0.11488116548486943,0.23692720418461688,0.9999969005584717
Abies/TreeScanPL_plot5201303_tree21.npy,train,0,0,1,0.5709989661444788,0.10929555448924609,0.31970547732704796,0.9999943971633911
Abies/TreeScanPL_plot5201303_tree22.npy,train,0,0,1,0.7800588499070458,0.12101767827199783,0.09892347005291224,0.9222722053527832
Abies/TreeScanPL_plot5201303_tree25.npy,train,0,0,1,0.5400715813193069,0.140313797628755,0.31961461933610774,0.9999477863311768
Acer/TreeScanPL_plot5201303_tree27.npy,train,1,1,1,0.6829513397010645,0.0989302748277521,0.2181183839108237,0.9967966675758362
Abies/TreeScanPL_plot5201303_tree28.npy,train,0,0,1,0.8786033740510681,0.055236826680335964,0.06615979752382253,0.9947681427001953
Fagus/TreeScanPL_plot5204803_tree2.npy,train,5,5,1,0.7580335281675833,0.09909852916476371,0.1428679407847343,0.999690055847168
Pinus/TreeScanPL_plot5204803_tree4.npy,train,8,8,1,0.8461353538737961,0.13367754803880497,0.020187095454281666,0.9985565543174744
Fagus/TreeScanPL_plot5204803_tree5.npy,train,5,5,1,0.6157244371927807,0.14723318602595595,0.23704237401867986,0.9996066689491272
Pinus/TreeScanPL_plot5204803_tree8.npy,train,8,8,1,0.8594846033082053,0.10767194206617116,0.032843452412567885,0.9962497353553772
Pinus/TreeScanPL_plot5204803_tree9.npy,train,8,8,1,0.8930098165284869,0.07565252562943392,0.031337656224718444,0.9904836416244507
Fagus/TreeScanPL_plot5204803_tree10.npy,train,5,5,1,0.6621182654248692,0.10819137429886738,0.2296903588098617,0.9792720675468445
Pinus/TreeScanPL_plot5204803_tree11.npy,train,8,8,1,0.9118252577745427,0.051268597074841306,0.03690614312936055,0.9886017441749573
Fagus/TreeScanPL_plot5204803_tree12.npy,train,5,5,1,0.44063166035933005,0.085541284538925,0.47382705335458886,0.9759343862533569
Pinus/TreeScanPL_plot5204803_tree15.npy,train,8,8,1,0.9195651152530618,0.053203031490441866,0.027231851307648602,0.9417002201080322
Fagus/TreeScanPL_plot5204803_tree16.npy,train,5,5,1,0.46257334255260035,0.07812879464558271,0.4592978606620511,0.9993394017219543
Fagus/TreeScanPL_plot5204803_tree17.npy,train,5,5,1,0.6011920853336239,0.12484790541039655,0.2739600069669548,0.9977828860282898
Pinus/TreeScanPL_plot5204803_tree18.npy,train,8,8,1,0.8174490087173105,0.1617454940188809,0.02080549439982653,0.9989293217658997
Pinus/TreeScanPL_plot5204803_tree19.npy,train,8,8,1,0.9025844716621246,0.07122676181157658,0.026188764279928927,0.892841637134552
Fagus/TreeScanPL_plot5904503_tree1.npy,train,5,5,1,0.5689861161597042,0.11444862296142258,0.31656525908069605,0.9865685701370239
Fagus/TreeScanPL_plot5904503_tree2.npy,train,5,5,1,0.7949038586996933,0.13728816907659097,0.06780796918971825,0.9998461008071899
Fagus/TreeScanPL_plot5904503_tree3.npy,train,5,5,1,0.6620304315099592,0.1367553875513454,0.2012141774483798,0.9999678134918213
Fagus/TreeScanPL_plot5904503_tree4.npy,train,5,5,1,0.3383589944212599,0.2080927320643934,0.45354827225863364,0.9553036093711853
Fagus/TreeScanPL_plot5904503_tree5.npy,train,5,5,1,0.7515851017187737,0.09178449329212404,0.15663040296520966,0.9998034834861755
Fagus/TreeScanPL_plot5904503_tree6.npy,train,5,5,1,0.6318154097052588,0.09901670457371,0.26916788378517537,0.996105968952179
Fagus/TreeScanPL_plot5904503_tree7.npy,train,5,5,1,0.6005389271402574,0.19689281942825504,0.2025682518432829,0.9939817786216736
Fagus/TreeScanPL_plot5904503_tree8.npy,train,5,5,1,0.5979760838012161,0.19402413059184626,0.207999783215866,0.9991455078125
Fagus/TreeScanPL_plot5904503_tree9.npy,train,5,5,1,0.4876686485437197,0.0980104687935856,0.4143208811294383,0.9640917778015137
Fagus/TreeScanPL_plot5904503_tree11.npy,train,5,5,1,0.38645837709315467,0.26905253728991974,0.34448908395534683,0.9925399422645569
Fagus/TreeScanPL_plot5904503_tree12.npy,train,5,5,1,0.8291867381346384,0.06585412177412124,0.10495913524656023,0.9999557733535767
Fagus/TreeScanPL_plot5904503_tree13.npy,train,5,5,1,0.6052035118578275,0.2559512006103168,0.13884528477968786,0.9991098046302795
Fagus/TreeScanPL_plot5904503_tree14.npy,train,5,5,1,0.6517700230595378,0.10095468322438651,0.24727529114491692,0.9999418258666992
Fagus/TreeScanPL_plot5904503_tree15.npy,train,5,5,1,0.6233640342206527,0.16860080120492174,0.20803516248199144,0.966873824596405
Fagus/TreeScanPL_plot5904503_tree16.npy,train,5,5,1,0.5986236169394367,0.21444192409362717,0.18693445689731727,0.9993651509284973
Fagus/TreeScanPL_plot5904503_tree17.npy,train,5,5,1,0.5537607101999136,0.13111338340907464,0.31512590479555963,0.9996961355209351
Fagus/TreeScanPL_plot5904503_tree18.npy,train,5,5,1,0.792752162254445,0.08529790888683073,0.12194992532163057,0.9997934699058533
Fagus/TreeScanPL_plot5904503_tree19.npy,train,5,5,1,0.6221323921704655,0.11950515982144369,0.2583624462136828,0.9938052892684937
Fagus/TreeScanPL_plot5904503_tree20.npy,train,5,5,1,0.7499995296251487,0.06875952661906909,0.18124093918117282,0.9999775886535645
Fagus/TreeScanPL_plot5904503_tree22.npy,train,5,5,1,0.6659183238791418,0.09114592518712539,0.24293574905698198,0.9996509552001953
Fagus/TreeScanPL_plot5904503_tree23.npy,train,5,5,1,0.5639702067593152,0.10039456528216889,0.3356352259275748,0.9998354911804199
Fagus/TreeScanPL_plot5904503_tree25.npy,train,5,5,1,0.46595474050381425,0.18443298214414866,0.3496122760893356,0.9047957062721252
Fagus/TreeScanPL_plot5904503_tree27.npy,train,5,5,1,0.7533434434395945,0.08359418758003838,0.16306236662222812,0.9997987151145935
Betula/TreeScanPL_plot6004603_tree5.npy,train,3,3,1,0.9464807323493183,0.03135024310727349,0.022169022203429076,0.9966298937797546
Fagus/TreeScanPL_plot6004603_tree6.npy,train,5,5,1,0.6728081610048061,0.1601576560410517,0.16703418073069842,0.9997840523719788
Fagus/TreeScanPL_plot6004603_tree8.npy,train,5,5,1,0.7239159749261525,0.11891762632497206,0.15716639646048605,0.9988672733306885
Fagus/TreeScanPL_plot6004603_tree9.npy,train,5,5,1,0.6148871104269271,0.2654636328288782,0.11964925369019702,0.9999772310256958
Fagus/TreeScanPL_plot6004603_tree10.npy,train,5,5,1,0.6401254002707035,0.09728453943337542,0.2625900584648746,0.9816226959228516
Fagus/TreeScanPL_plot6004603_tree12.npy,train,5,5,1,0.7606648673425696,0.13663729193952404,0.10269783526269681,0.9999865293502808
Fagus/TreeScanPL_plot6004603_tree14.npy,train,5,5,1,0.5424135877133297,0.2844067754794733,0.17317963467529968,0.9997968077659607
Fagus/TreeScanPL_plot6004603_tree15.npy,train,5,5,1,0.5236135880944418,0.11219456780492272,0.36419184202717936,0.9997391104698181
Fagus/TreeScanPL_plot6004603_tree16.npy,train,5,5,1,0.5818962982330247,0.22485725568594414,0.1932464434531771,0.9994311928749084
Fagus/TreeScanPL_plot6004603_tree18.npy,train,5,5,1,0.4828772935870382,0.16855109224078418,0.3485716123873637,0.9909828305244446
Fagus/TreeScanPL_plot6004603_tree19.npy,train,5,5,1,0.4995622474268822,0.15970314538565528,0.3407346051218884,0.9878515601158142
Fagus/TreeScanPL_plot6004603_tree20.npy,train,5,5,1,0.5110041931128956,0.25591040120627845,0.23308540351960205,0.9998101592063904
Fagus/TreeScanPL_plot6004603_tree21.npy,train,5,5,1,0.48620099293967306,0.29947967697610933,0.21431932822979943,0.9938310384750366
Pinus/TreeScanPL_plot6004603_tree22.npy,train,8,2,0,0.8558764905097178,0.05691395651681317,0.08720955206928205,0.5679130554199219
Fagus/TreeScanPL_plot6004603_tree23.npy,train,5,5,1,0.5704176470897016,0.1633468102547614,0.26623554094868235,0.9987952709197998
Fagus/TreeScanPL_plot6004603_tree25.npy,train,5,5,1,0.483768582122823,0.1623213939809158,0.35391002173910685,0.9976056814193726
Fagus/TreeScanPL_plot6004603_tree27.npy,train,5,5,1,0.5722147462519716,0.23888624482085552,0.18889900715996402,0.9988995790481567
Fagus/TreeScanPL_plot6004603_tree28.npy,train,5,5,1,0.5635095890818212,0.15213568890094156,0.2843547199432386,0.9501718282699585
Fagus/TreeScanPL_plot6004603_tree29.npy,train,5,5,1,0.6011398720802965,0.10861355511409237,0.29024657022578976,0.9997865557670593
Fagus/TreeScanPL_plot6004603_tree30.npy,train,5,5,1,0.46878159298300043,0.21223353841553935,0.31898486710444945,0.9978281855583191
Fagus/TreeScanPL_plot6004603_tree32.npy,train,5,5,1,0.7812559478940426,0.10571133884284942,0.11303271051665172,0.999792754650116
Fagus/TreeScanPL_plot6004603_tree33.npy,train,5,5,1,0.6578827005772007,0.14671778673670977,0.19539951041064363,0.999808132648468
Fagus/TreeScanPL_plot6004603_tree35.npy,train,5,5,1,0.7599049950852376,0.10127140197879375,0.1388235963697383,0.9999969005584717
Fagus/TreeScanPL_plot6004603_tree36.npy,train,5,5,1,0.4784034600378149,0.23759767542505952,0.28399886222501586,0.9968480467796326
Fagus/TreeScanPL_plot6004603_tree37.npy,train,5,5,1,0.6388342142818625,0.17310092782106185,0.188064855448179,0.9997691512107849
Fagus/TreeScanPL_plot6105603_tree1.npy,train,5,5,1,0.44641973381313516,0.1902634139787582,0.36331685038908257,0.912071704864502
Fagus/TreeScanPL_plot6105603_tree2.npy,train,5,5,1,0.425247671669041,0.12729413674305776,0.4474581901457116,0.9934436082839966
Fagus/TreeScanPL_plot6105603_tree3.npy,train,5,5,1,0.4468879522876435,0.24162582519406187,0.31148622091657485,0.6828206777572632
Fagus/TreeScanPL_plot6105603_tree5.npy,train,5,5,1,0.7528964380409149,0.1098530588397385,0.13725050074942696,0.9997662901878357
Fagus/TreeScanPL_plot6105603_tree7.npy,train,5,5,1,0.5551507350325975,0.23961839387750625,0.20523086881920447,0.991933286190033
Fagus/TreeScanPL_plot6105603_tree8.npy,train,5,5,1,0.685941623827503,0.08835675957704404,0.2257016144305292,0.9937084913253784
Fagus/TreeScanPL_plot6105603_tree10.npy,train,5,5,1,0.6356006085735829,0.15786740730610194,0.20653198235474668,0.9989132881164551
Fagus/TreeScanPL_plot6105603_tree11.npy,train,5,5,1,0.6748459119711064,0.13097803709231606,0.19417604843543237,0.9997583031654358
Fagus/TreeScanPL_plot6105603_tree15.npy,train,5,5,1,0.5335716853136315,0.29209347581293704,0.17433483617015233,0.9979773163795471
Alnus/TreeScanPL_plot6204103_tree4.npy,train,2,2,1,0.8704131791974054,0.07657327632065515,0.05301354190140694,0.9999809265136719
Betula/TreeScanPL_plot6204103_tree5.npy,train,3,3,1,0.8678732506962155,0.09162247091550255,0.040504276523926186,0.9984934329986572
Alnus/TreeScanPL_plot6204103_tree6.npy,train,2,2,1,0.8579077584012239,0.09050129389897667,0.05159094565870978,0.9999675750732422
Alnus/TreeScanPL_plot6204103_tree7.npy,train,2,2,1,0.7705026869956308,0.14437422487267174,0.08512308663115994,0.9988138675689697
Carpinus/TreeScanPL_plot6204103_tree8.npy,train,4,4,1,0.7666007795697557,0.08824608625403857,0.14515313215529152,0.9997405409812927
Betula/TreeScanPL_plot6204103_tree9.npy,train,3,3,1,0.8658776325555629,0.07711635615495113,0.0570060094820015,0.9831691980361938
Alnus/TreeScanPL_plot6204103_tree10.npy,train,2,2,1,0.8622030398249739,0.034513355363936515,0.10328360334903028,0.9998570680618286
Alnus/TreeScanPL_plot6204103_tree13.npy,train,2,2,1,0.8264479693456551,0.035230112130188646,0.13832191669533683,0.9999164342880249
Alnus/TreeScanPL_plot6204103_tree14.npy,train,2,2,1,0.7493758917494809,0.06516700647140701,0.18545710016765282,0.9998575448989868
Alnus/TreeScanPL_plot6204103_tree16.npy,train,2,2,1,0.8589133279017496,0.06963791233629942,0.07144875787937899,0.9999222755432129
Abies/TreeScanPL_plot6303103_tree2.npy,train,0,0,1,0.6180175493518736,0.11598564259559262,0.26599680621428606,0.9999929666519165
Abies/TreeScanPL_plot6303103_tree8.npy,train,0,0,1,0.6571631115942442,0.1619943986899677,0.180842488045783,0.9997997879981995
Abies/TreeScanPL_plot6303103_tree9.npy,train,0,0,1,0.8078076883829045,0.12434912118575232,0.06784318869275853,0.9986588954925537
Abies/TreeScanPL_plot6303103_tree10.npy,train,0,0,1,0.5689496252992527,0.13553211597783765,0.29551825719630703,0.998315691947937
Abies/TreeScanPL_plot6303103_tree11.npy,train,0,0,1,0.6398746874616497,0.14763874010474803,0.21248656972168328,0.9999213218688965
Abies/TreeScanPL_plot6303103_tree12.npy,train,0,0,1,0.5869667103458581,0.10628660125406636,0.3067466868299557,0.9988573789596558
Carpinus/TreeScanPL_plot6303103_tree13.npy,train,4,4,1,0.8572723947566436,0.03675797376403189,0.10596962986726935,0.9966232776641846
Abies/TreeScanPL_plot6303103_tree15.npy,train,0,0,1,0.7667297422793455,0.15609474049461705,0.07717551562650833,0.9979994893074036
Abies/TreeScanPL_plot6303103_tree16.npy,train,0,0,1,0.7335134577379521,0.12111206690612963,0.14537447301102918,0.9999895095825195
Abies/TreeScanPL_plot6303103_tree17.npy,train,0,0,1,0.6128001443756189,0.15739520767127113,0.22980464526926495,0.9997380375862122
Abies/TreeScanPL_plot6303103_tree20.npy,train,0,0,1,0.6122830621657002,0.06584141132837457,0.32187552465824454,0.9997474551200867
Abies/TreeScanPL_plot6303103_tree21.npy,train,0,0,1,0.6823510609232978,0.06900139932232294,0.24864753828269998,0.9999951124191284
Abies/TreeScanPL_plot6303103_tree22.npy,train,0,0,1,0.513724394051284,0.052492954959203,0.43378264864258165,0.9998515844345093
Abies/TreeScanPL_plot6304803_tree1.npy,train,0,0,1,0.5428849944020984,0.23578858115421533,0.2213264225164719,0.9844459891319275
Abies/TreeScanPL_plot6304803_tree2.npy,train,0,0,1,0.751657977954648,0.15494142158254295,0.09340059808770625,0.9997660517692566
Abies/TreeScanPL_plot6304803_tree3.npy,train,0,0,1,0.5879377503281876,0.10241643255720834,0.30964581421810555,0.9999760389328003
Abies/TreeScanPL_plot6304803_tree5.npy,train,0,0,1,0.729615623842786,0.20015370763434778,0.07023066692842125,0.9995630383491516
Abies/TreeScanPL_plot6304803_tree6.npy,train,0,0,1,0.47207978368947046,0.10772401647733328,0.4201961979774092,0.999201238155365
Picea/TreeScanPL_plot6304803_tree7.npy,train,7,7,1,0.8938446108292957,0.09498360161654967,0.011171784718974722,0.9784988760948181
Abies/TreeScanPL_plot6304803_tree8.npy,train,0,0,1,0.8063455945699195,0.14965518274489378,0.0439992201037775,0.9999954700469971
Abies/TreeScanPL_plot6304803_tree9.npy,train,0,0,1,0.8488021991009465,0.09829753560153684,0.05290026372366527,0.9997212290763855
Abies/TreeScanPL_plot6304803_tree10.npy,train,0,0,1,0.6786174779868934,0.1158275877270844,0.20555493205381603,0.9999810457229614
Abies/TreeScanPL_plot6304803_tree12.npy,train,0,0,1,0.7412364951996685,0.083839715473146,0.17492378695687802,0.9995728135108948
Abies/TreeScanPL_plot6304803_tree13.npy,train,0,0,1,0.807341268213485,0.1307959606275095,0.06186276989236964,0.9991563558578491
Quercus/TreeScanPL_plot6304803_tree14.npy,train,9,9,1,0.8222308678304135,0.16013523622319584,0.017633894106483666,0.9971717000007629
Abies/TreeScanPL_plot6304803_tree15.npy,train,0,0,1,0.8296867362547509,0.12949166367804135,0.04082159823919762,0.9998749494552612
Abies/TreeScanPL_plot6304803_tree16.npy,train,0,0,1,0.708103366854185,0.17155959279565602,0.12033703882671754,0.998601496219635
Fagus/TreeScanPL_plot6304803_tree17.npy,train,5,5,1,0.5338126308253571,0.02177754868664287,0.44440981895503684,0.9989528656005859
Abies/TreeScanPL_plot6304803_tree18.npy,train,0,0,1,0.5115176304980452,0.21435736449506834,0.27412500225414865,0.9999973773956299
Abies/TreeScanPL_plot6304803_tree19.npy,train,0,0,1,0.7581899606346639,0.20884621026436623,0.0329638273930235,0.999910831451416
Fagus/TreeScanPL_plot6304803_tree20.npy,train,5,5,1,0.5267851314529157,0.07140233266586704,0.40181253424232827,0.998076319694519
Fagus/TreeScanPL_plot6304803_tree21.npy,train,5,5,1,0.7544919801600564,0.04610484107447974,0.19940317611017686,0.9998114705085754
Abies/TreeScanPL_plot6304803_tree22.npy,train,0,0,1,0.7686639735409693,0.1821045398180611,0.049231484571846805,0.9998841285705566
Abies/TreeScanPL_plot6304803_tree23.npy,train,0,0,1,0.5541025128675413,0.15637882273782042,0.2895186627078755,0.996150016784668
Abies/TreeScanPL_plot6304803_tree25.npy,train,0,0,1,0.6569803832426309,0.14469307160091943,0.19832654226898133,0.9999415874481201
Abies/TreeScanPL_plot6304803_tree26.npy,train,0,0,1,0.7218172510074724,0.16784071557467098,0.11034203182925556,0.999062716960907
Fagus/TreeScanPL_plot6304803_tree27.npy,train,5,5,1,0.7021096377551502,0.043247907446491374,0.2546424521680709,0.99925297498703
Abies/TreeScanPL_plot6304803_tree28.npy,train,0,0,1,0.7750536968202811,0.14902182318481075,0.07592447855522734,0.9961832165718079
Abies/TreeScanPL_plot6304803_tree29.npy,train,0,0,1,0.8055165978582652,0.1261573594630391,0.06832604082358348,0.9990088939666748
Fagus/TreeScanPL_plot6304803_tree30.npy,train,5,5,1,0.6203098671268812,0.05827743110741947,0.32141269986333104,0.996037483215332
Abies/TreeScanPL_plot6304803_tree31.npy,train,0,0,1,0.7708195842919628,0.12815711189409282,0.10102330145490705,0.9999449253082275
Abies/TreeScanPL_plot6304803_tree32.npy,train,0,0,1,0.7317931996287506,0.1643865911889612,0.10382020664126733,0.9999420642852783
Quercus/TreeScanPL_plot6304803_tree34.npy,train,9,9,1,0.8693821698690789,0.11512835528790917,0.015489472911164192,0.9975939393043518
Abies/TreeScanPL_plot6304803_tree35.npy,train,0,0,1,0.672842424782119,0.1757909456807465,0.1513666274624454,0.999906063079834
Abies/TreeScanPL_plot6304803_tree36.npy,train,0,0,1,0.6606507734634801,0.1363061018876023,0.20304312280692238,0.9996111989021301
Abies/TreeScanPL_plot6304803_tree37.npy,train,0,0,1,0.6244754613695528,0.1701132088817353,0.20541132780439866,0.9975308775901794
Abies/TreeScanPL_plot6304803_tree38.npy,train,0,0,1,0.6431144731859829,0.13560134813718977,0.22128417662049046,0.9990583062171936
Abies/TreeScanPL_plot6304803_tree39.npy,train,0,0,1,0.7493808819147857,0.22212616146430625,0.028492954150009714,0.9999914169311523
Abies/TreeScanPL_plot6304803_tree40.npy,train,0,0,1,0.7879211680303608,0.14813874510265587,0.06394008509786951,0.9990346431732178
Abies/TreeScanPL_plot6304803_tree43.npy,train,0,0,1,0.7498473421407323,0.13315009651862303,0.11700255852299435,0.9999700784683228
Abies/TreeScanPL_plot6305803_tree1.npy,train,0,0,1,0.6547050928172796,0.10326981320374135,0.2420250922890149,0.9992011189460754
Abies/TreeScanPL_plot6305803_tree2.npy,train,0,0,1,0.6074406332666396,0.20836324197470182,0.18419612269664534,0.9992663264274597
Abies/TreeScanPL_plot6305803_tree3.npy,train,0,0,1,0.689442772673348,0.1666765422235953,0.14388068212475816,0.9999892711639404
Fagus/TreeScanPL_plot6305803_tree4.npy,train,5,5,1,0.6584578628906512,0.10890991758893613,0.23263221784260463,0.9997920393943787
Abies/TreeScanPL_plot6305803_tree6.npy,train,0,0,1,0.6920452125308234,0.21081029526620157,0.09714449062532374,0.9997703433036804
Abies/TreeScanPL_plot6305803_tree8.npy,train,0,0,1,0.6491402233438441,0.1605379351996722,0.19032183980832632,0.9942553639411926
Abies/TreeScanPL_plot6305803_tree9.npy,train,0,0,1,0.6521285160082391,0.15570832016298553,0.19216316142592496,0.999870777130127
Abies/TreeScanPL_plot6305803_tree11.npy,train,0,0,1,0.7203774908667039,0.25294971446006237,0.026672792683242772,0.9997410178184509
Abies/TreeScanPL_plot6305803_tree13.npy,train,0,0,1,0.7585038619884211,0.11289563830243307,0.12860049764469644,0.9999046325683594
Abies/TreeScanPL_plot6305803_tree14.npy,train,0,0,1,0.792010376900967,0.10928666428245994,0.09870295683277569,0.9997169375419617
Abies/TreeScanPL_plot6305803_tree15.npy,train,0,0,1,0.6425865947647368,0.13704800535730677,0.22036539790726525,0.999963641166687
Abies/TreeScanPL_plot6305803_tree18.npy,train,0,0,1,0.6371146369330105,0.2388288141616198,0.12405654721885966,0.9720144271850586
Abies/TreeScanPL_plot6305803_tree19.npy,train,0,0,1,0.7959987688530503,0.10831020306336475,0.09569102614189529,0.9950096607208252
Abies/TreeScanPL_plot6305803_tree20.npy,train,0,0,1,0.6311212833757419,0.3071833358356537,0.0616953787043202,0.9971045851707458
Fagus/TreeScanPL_plot6305803_tree21.npy,train,5,5,1,0.8235294234766484,0.05051378721180254,0.12595678717727402,0.9999392032623291
Abies/TreeScanPL_plot6405903_tree1.npy,train,0,0,1,0.6940701908030568,0.23416145296544758,0.07176835488729016,0.8791155219078064
Abies/TreeScanPL_plot6405903_tree2.npy,train,0,0,1,0.6263634083249897,0.2491366366017387,0.1244999527626684,0.9973556995391846
Abies/TreeScanPL_plot6405903_tree3.npy,train,0,0,1,0.6941747016025211,0.09833037644999433,0.2074949199492044,0.9999388456344604
Abies/TreeScanPL_plot6405903_tree6.npy,train,0,0,1,0.6095306884455259,0.10889373935646125,0.2815755707057498,0.9997455477714539
Abies/TreeScanPL_plot6405903_tree7.npy,train,0,0,1,0.6893439919931202,0.12732344808297585,0.18333255744903396,0.9999744892120361
Abies/TreeScanPL_plot6405903_tree9.npy,train,0,0,1,0.7747810613130651,0.12453302676866991,0.10068590983711044,0.9992427825927734
Abies/TreeScanPL_plot6405903_tree10.npy,train,0,0,1,0.6644090597583082,0.10592163939382931,0.22966929876329384,0.9999898672103882
Abies/TreeScanPL_plot6405903_tree12.npy,train,0,0,1,0.6479980957715054,0.20321285869621025,0.1487890437205841,0.999586284160614
Abies/TreeScanPL_plot6405903_tree13.npy,train,0,0,1,0.7057441935353302,0.12253922361179018,0.17171658139660276,0.9934624433517456
Abies/TreeScanPL_plot6405903_tree16.npy,train,0,0,1,0.7090666537198944,0.19698453000253388,0.09394881455771903,0.9995611310005188
Picea/TreeScanPL_plot6405903_tree17.npy,train,7,7,1,0.8410784083183818,0.06233940230531713,0.09658218718832765,0.9318808913230896
Abies/TreeScanPL_plot6405903_tree18.npy,train,0,0,1,0.5799385087041569,0.11421755682311807,0.30584393237747,0.9999829530715942
Abies/TreeScanPL_plot6405903_tree19.npy,train,0,0,1,0.634657114681708,0.14684200508831496,0.21850087818208136,0.9999735355377197
Abies/TreeScanPL_plot6405903_tree21.npy,train,0,0,1,0.7301597292103318,0.23242955259655534,0.037410716666114945,0.9941494464874268
Abies/TreeScanPL_plot6405903_tree22.npy,train,0,0,1,0.6014823504946646,0.10965001829639377,0.28886762933012033,0.9992743134498596
Abies/TreeScanPL_plot6405903_tree23.npy,train,0,0,1,0.6830539705979018,0.11168944708790733,0.20525658065016955,0.9983406066894531
Abies/TreeScanPL_plot6405903_tree24.npy,train,0,0,1,0.7664537812093487,0.11988049445637468,0.11366572250962896,0.9999898672103882
Abies/TreeScanPL_plot6405903_tree26.npy,train,0,0,1,0.6760557909509441,0.17603014553105176,0.14791406120716555,0.9999492168426514
Abies/TreeScanPL_plot6405903_tree27.npy,train,0,0,1,0.6466308243920282,0.1899337261096793,0.1634354473103534,0.9977211356163025
Abies/TreeScanPL_plot6405903_tree28.npy,train,0,0,1,0.7901362082940723,0.16287644487865738,0.046987344728073706,0.9999374151229858
Abies/TreeScanPL_plot6405903_tree29.npy,train,0,0,1,0.7920709839456636,0.17156937928678231,0.036359635496313866,0.9989042282104492
Abies/TreeScanPL_plot6405903_tree31.npy,train,0,0,1,0.6808201296436056,0.2917322534673891,0.027447615162925383,0.9975903034210205
Abies/TreeScanPL_plot6405903_tree32.npy,train,0,0,1,0.7244776413194732,0.23506340370433898,0.040458953045518865,0.9993903636932373
Abies/TreeScanPL_plot6405903_tree33.npy,train,0,0,1,0.7321603695281474,0.17350281194144346,0.09433681617280049,0.999996542930603
Abies/TreeScanPL_plot6405903_tree34.npy,train,0,0,1,0.6533046558517033,0.11426389670984084,0.23243144567435994,0.9999042749404907
Abies/TreeScanPL_plot6405903_tree36.npy,train,0,0,1,0.5578700688391658,0.11652097069207522,0.3256089586646255,0.999609649181366
Fagus/TreeScanPL_plot6504403_tree2.npy,train,5,5,1,0.4201428199115355,0.1408169629002742,0.43904021601705945,0.9851899743080139
Carpinus/TreeScanPL_plot6504403_tree3.npy,train,4,4,1,0.9142049301550038,0.0548587382679705,0.03093632964428629,0.9505083560943604
Betula/TreeScanPL_plot6504403_tree5.npy,train,3,3,1,0.8092916081736833,0.08006407812579926,0.11064431067285418,0.993808925151825
Betula/TreeScanPL_plot6504403_tree6.npy,train,3,3,1,0.9068106978483901,0.05605299552183137,0.03713630371002816,0.9989234805107117
Fagus/TreeScanPL_plot6504403_tree7.npy,train,5,5,1,0.4924251596835646,0.11594310214311764,0.3916317370667397,0.9813854694366455
Fagus/TreeScanPL_plot6504403_tree8.npy,train,5,5,1,0.5516583943289651,0.05567802207599383,0.392663581851116,0.9995865225791931
Abies/TreeScanPL_plot6504403_tree9.npy,train,0,0,1,0.5527501929871951,0.06842197812478787,0.3788278266889952,0.9998024106025696
Fagus/TreeScanPL_plot6504403_tree10.npy,train,5,5,1,0.8017025118908866,0.07139957857632998,0.1268979071252919,0.9970199465751648
Fagus/TreeScanPL_plot6504403_tree11.npy,train,5,5,1,0.6674741138242875,0.11897673280044342,0.21354915056100393,0.9998045563697815
Abies/TreeScanPL_plot6504403_tree12.npy,train,0,0,1,0.6950590686424449,0.11367314276210466,0.19126778629747612,0.9998447895050049
Abies/TreeScanPL_plot6504403_tree13.npy,train,0,0,1,0.8112201948321186,0.06276442450843615,0.12601537912034455,0.9982162117958069
Fagus/TreeScanPL_plot6504403_tree14.npy,train,5,5,1,0.5487653662939955,0.14126157853225943,0.30997305187490815,0.9993112087249756
Abies/TreeScanPL_plot6504403_tree16.npy,train,0,0,1,0.7451042728379377,0.09112660277008855,0.16376912182566294,0.9999858140945435
Fagus/TreeScanPL_plot6504403_tree19.npy,train,5,5,1,0.6142283840284322,0.0807060099464446,0.3050656040005713,0.868908703327179
Fagus/TreeScanPL_plot6504403_tree20.npy,train,5,5,1,0.6834403026236769,0.06698747766251519,0.24957221772986518,0.9995381832122803
Abies/TreeScanPL_plot6504403_tree21.npy,train,0,0,1,0.7916847969015718,0.09285959279518795,0.11545560758661627,0.9999163150787354
Abies/TreeScanPL_plot6504403_tree22.npy,train,0,0,1,0.7983049664670825,0.19049965540046732,0.011195376574389728,0.9999761581420898
Abies/TreeScanPL_plot6504403_tree23.npy,train,0,0,1,0.6575444638253076,0.13781174304662297,0.2046437914929227,0.999916672706604
Abies/TreeScanPL_plot6504403_tree25.npy,train,0,0,1,0.6336739349406134,0.1086665426705399,0.25765951942863224,0.9999512434005737
Abies/TreeScanPL_plot6504403_tree26.npy,train,0,0,1,0.7947620233688899,0.12313386619432418,0.08210410786593937,0.9999955892562866
Abies/TreeScanPL_plot6504403_tree27.npy,train,0,0,1,0.7681662600517816,0.11554969935270203,0.11628403935403812,0.9956969022750854
Abies/TreeScanPL_plot6504403_tree28.npy,train,0,0,1,0.7583617115445809,0.10581868011615045,0.13581960710187008,0.9989425539970398
Fagus/TreeScanPL_plot6504403_tree29.npy,train,5,5,1,0.7473359881327631,0.13669132912101628,0.11597267842348567,0.9998037219047546
Abies/TreeScanPL_plot6504403_tree30.npy,train,0,0,1,0.8807403281172881,0.04947028198270275,0.06978938866867895,0.90383380651474
Fagus/TreeScanPL_plot6504403_tree33.npy,train,5,5,1,0.5445993815283029,0.044279261287152455,0.41112135591123206,0.8119401931762695
Fagus/TreeScanPL_plot6504403_tree35.npy,train,5,5,1,0.5187993680446005,0.07410597256010462,0.40709465693867164,0.9983115196228027
Fagus/TreeScanPL_plot6505003_tree1.npy,train,5,5,1,0.6646653118299186,0.07406963843547873,0.2612650436249832,0.9999758005142212
Fagus/TreeScanPL_plot6505003_tree2.npy,train,5,5,1,0.7783882382426319,0.07030278744718765,0.15130897156128145,0.9999767541885376
Fagus/TreeScanPL_plot6505003_tree4.npy,train,5,5,1,0.6274166327636133,0.19267352017859002,0.17990984446381447,0.9986932873725891
Fagus/TreeScanPL_plot6505003_tree5.npy,train,5,5,1,0.4728645907360562,0.2679641346353558,0.25917127267092954,0.9416518807411194
Fagus/TreeScanPL_plot6505003_tree7.npy,train,5,5,1,0.6339605547447756,0.20422348210228836,0.1618159599679993,0.9999624490737915
Fagus/TreeScanPL_plot6505003_tree8.npy,train,5,5,1,0.7652692132608894,0.07142741022418919,0.16330337221069632,0.9999715089797974
Fagus/TreeScanPL_plot6505003_tree13.npy,train,5,5,1,0.6295503046427364,0.10303065240049919,0.26741903972450176,0.9998363256454468
Fagus/TreeScanPL_plot6505003_tree14.npy,train,5,5,1,0.5652495669389884,0.10318289066859515,0.3315675404848992,0.9968072175979614
Fagus/TreeScanPL_plot6505003_tree15.npy,train,5,5,1,0.45080607227698377,0.19303319909415376,0.35616072666229187,0.990606427192688
Fagus/TreeScanPL_plot6505003_tree19.npy,train,5,5,1,0.4761612570874474,0.11324946590309284,0.41058927542260365,0.9997591376304626
Fagus/TreeScanPL_plot6505003_tree20.npy,train,5,5,1,0.6354419163441766,0.17615362787879799,0.1884044534944372,0.9966450333595276
Fagus/TreeScanPL_plot6505003_tree21.npy,train,5,5,1,0.6077507329633671,0.19020670926318914,0.20204255515002575,0.9995242357254028
Fagus/TreeScanPL_plot6505003_tree22.npy,train,5,5,1,0.654960774563697,0.04839697897347611,0.2966422443854268,0.999994158744812
Fagus/TreeScanPL_plot6505003_tree23.npy,train,5,5,1,0.6424827802619951,0.17728138665220228,0.18023583069114069,0.999962329864502
Fagus/TreeScanPL_plot6505003_tree24.npy,train,5,5,1,0.4427345897531088,0.22667703395305694,0.33058837506322736,0.8739519119262695
Fagus/TreeScanPL_plot6505003_tree25.npy,train,5,5,1,0.6533866358417671,0.11198406715835847,0.2346292941136909,0.9999239444732666
Fagus/TreeScanPL_plot6505003_tree26.npy,train,5,5,1,0.525905675866134,0.18820264124658612,0.2858916815009308,0.9856745600700378
Fagus/TreeScanPL_plot6505003_tree27.npy,train,5,5,1,0.42327462262886084,0.22447848142003024,0.3522468947720046,0.5445326566696167
Fagus/TreeScanPL_plot6605103_tree1.npy,train,5,5,1,0.6021064522187561,0.06882101875101664,0.3290725260479675,0.9965947270393372
Pinus/TreeScanPL_plot6605103_tree2.npy,train,8,8,1,0.9041471100317572,0.056229543417024914,0.03962334404396235,0.9998660087585449
Fagus/TreeScanPL_plot6605103_tree3.npy,train,5,5,1,0.5682911669892885,0.0953527609929359,0.33635606996178014,0.9933104515075684
Fagus/TreeScanPL_plot6605103_tree4.npy,train,5,5,1,0.2970077186475411,0.13913426933578724,0.5638580099889218,0.987565815448761
Fagus/TreeScanPL_plot6605103_tree6.npy,train,5,5,1,0.7387376025330683,0.06931036779591725,0.19195202532196837,0.9999011754989624
Fagus/TreeScanPL_plot6605103_tree7.npy,train,5,5,1,0.5999622725750579,0.2864114395296204,0.11362628534254511,0.9995388984680176
Fagus/TreeScanPL_plot6605103_tree8.npy,train,5,5,1,0.5338312132416314,0.0959411911920296,0.37022759294398794,0.9995026588439941
Fagus/TreeScanPL_plot6605103_tree12.npy,train,5,5,1,0.7987339802281885,0.05210940003629036,0.1491566153726176,0.999972939491272
Fagus/TreeScanPL_plot6605103_tree15.npy,train,5,5,1,0.6568136089793661,0.11190857157458843,0.2312778158565803,0.9992109537124634
Fagus/TreeScanPL_plot6605103_tree16.npy,train,5,5,1,0.6568011087149019,0.1134940112515905,0.22970487644533727,0.9997190833091736
Fagus/TreeScanPL_plot6605103_tree19.npy,train,5,5,1,0.4009887204814944,0.25686160411715886,0.3421496730135682,0.7688354849815369
Abies/TreeScanPL_plot6703803_tree1.npy,train,0,0,1,0.6921667557702117,0.06778833267487352,0.2400449097388398,0.9999876022338867
Abies/TreeScanPL_plot6703803_tree4.npy,train,0,0,1,0.5420811531209306,0.10476702055918055,0.35315182421982705,0.9999865293502808
Abies/TreeScanPL_plot6703803_tree9.npy,train,0,0,1,0.7478357749232584,0.16983537953493227,0.08232884352701478,0.9999409914016724
Abies/TreeScanPL_plot6703803_tree10.npy,train,0,0,1,0.5882022473702277,0.05272590621606432,0.35907184416897153,0.9999715089797974
Abies/TreeScanPL_plot6703803_tree11.npy,train,0,0,1,0.5283197645205363,0.09150964602140006,0.3801705871120034,0.9999973773956299
Abies/TreeScanPL_plot6703803_tree12.npy,train,0,0,1,0.6619401912715819,0.10816599157327093,0.22989381555378557,0.9971537590026855
Abies/TreeScanPL_plot6703803_tree14.npy,train,0,0,1,0.597078380921942,0.0822102838185298,0.3207113333121958,0.9997218251228333
Abies/TreeScanPL_plot6703803_tree15.npy,train,0,0,1,0.5268174108429194,0.131675119633527,0.34150746715651853,0.9999961853027344
Abies/TreeScanPL_plot6703803_tree18.npy,train,0,0,1,0.7712351213517042,0.14434237865609348,0.08442249796889978,0.9999452829360962
Pinus/TreeScanPL_plot6705603_tree2.npy,train,8,8,1,0.853246009402619,0.09695231830582877,0.04980166997988226,0.9718441367149353
Larix/TreeScanPL_plot6705603_tree3.npy,train,6,6,1,0.7550564277939803,0.049585578858058456,0.1953579911147773,0.9999078512191772
Larix/TreeScanPL_plot6705603_tree4.npy,train,6,6,1,0.6688141952561208,0.06068637270641166,0.2704994299997647,0.9993734955787659
Larix/TreeScanPL_plot6705603_tree6.npy,train,6,6,1,0.6339539759019206,0.05726650088282672,0.3087795210523855,0.9995094537734985
Larix/TreeScanPL_plot6705603_tree7.npy,train,6,6,1,0.5915614798020019,0.0898751822501678,0.3185633360114959,0.999265730381012
Larix/TreeScanPL_plot6705603_tree10.npy,train,6,6,1,0.6395325992012366,0.1045072747319715,0.2559601243361616,0.9960576295852661
Larix/TreeScanPL_plot6705603_tree11.npy,train,6,6,1,0.7794995947149983,0.10803096101725121,0.11246944242932655,0.9983648657798767
Larix/TreeScanPL_plot6705603_tree12.npy,train,6,6,1,0.7446892694045013,0.07743052237349485,0.17788020605535215,0.9997379183769226
Fagus/TreeScanPL_plot6705603_tree14.npy,train,5,5,1,0.7249916050228226,0.045515407949292964,0.22949298523997325,0.9962931275367737
Larix/TreeScanPL_plot6705603_tree15.npy,train,6,6,1,0.733850931086251,0.05083152593919505,0.21531754044053744,0.9997357726097107
Fagus/TreeScanPL_plot6804003_tree1.npy,train,5,5,1,0.3954304803780082,0.2413396026122064,0.36322991548863703,0.8969774842262268
Fagus/TreeScanPL_plot6804003_tree2.npy,train,5,5,1,0.7620475686999547,0.18768804888894175,0.05026438030059703,0.9997168183326721
Fagus/TreeScanPL_plot6804003_tree6.npy,train,5,5,1,0.6931652825356642,0.12170883712215502,0.18512587341454653,0.9999884366989136
Fagus/TreeScanPL_plot6804003_tree7.npy,train,5,5,1,0.7253837207028381,0.2227395215172755,0.051876754748660915,0.9995915293693542
Fagus/TreeScanPL_plot6804003_tree8.npy,train,5,5,1,0.7051807961928065,0.18825103399416382,0.10656816748762309,0.9994128942489624
Fagus/TreeScanPL_plot6804003_tree9.npy,train,5,5,1,0.6358385132038428,0.18277230115779164,0.18138918303207235,0.9992934465408325
Abies/TreeScanPL_plot6804603_tree2.npy,train,0,0,1,0.7034561592872801,0.210184191574906,0.0863596473909769,0.9995905756950378
Fagus/TreeScanPL_plot6804603_tree4.npy,train,5,5,1,0.7357159590708018,0.11591818143774711,0.1483658570504715,0.9998757839202881
Abies/TreeScanPL_plot6804603_tree5.npy,train,0,0,1,0.6291934375069962,0.3266802384437006,0.044126322289091455,0.9990540146827698
Abies/TreeScanPL_plot6804603_tree6.npy,train,0,0,1,0.8441113174936594,0.09269268589536288,0.06319599529076084,0.9546400308609009
Abies/TreeScanPL_plot6804603_tree7.npy,train,0,0,1,0.5934103692899708,0.1742326365139621,0.2323569920206058,0.9999867677688599
Abies/TreeScanPL_plot6804603_tree8.npy,train,0,0,1,0.6667166147223897,0.2711202825611129,0.062163101009527495,0.9999042749404907
Abies/TreeScanPL_plot6804603_tree9.npy,train,0,0,1,0.7129687665218379,0.24005251008469547,0.04697872132607588,0.9997846484184265
Abies/TreeScanPL_plot6804603_tree10.npy,train,0,0,1,0.7468965535068557,0.08775201556537343,0.16535142839610648,0.9999982118606567
Abies/TreeScanPL_plot6804603_tree11.npy,train,0,0,1,0.5641752402045066,0.29852827310073365,0.13729648524116922,0.9971501231193542
Abies/TreeScanPL_plot6804603_tree12.npy,train,0,0,1,0.6592801076511017,0.14939516431424427,0.1913247267686781,0.9682613611221313
Acer/TreeScanPL_plot6805703_tree2.npy,train,1,1,1,0.8492265925526042,0.06873041595809345,0.08204298926500729,0.9948298335075378
Fagus/TreeScanPL_plot6805703_tree3.npy,train,5,5,1,0.7115868978901233,0.07649570179358472,0.21191739731299614,0.999897837638855
Betula/TreeScanPL_plot6805703_tree7.npy,train,3,3,1,0.8518858396830528,0.02010979458511281,0.1280043639287797,0.9819846749305725
Fagus/TreeScanPL_plot6805703_tree8.npy,train,5,5,1,0.6755115608574496,0.08205759114007533,0.24243084574415588,0.9954550266265869
Larix/TreeScanPL_plot6805703_tree9.npy,train,6,6,1,0.686115893017775,0.05863101934595003,0.2552530858114065,0.9998134970664978
Larix/TreeScanPL_plot6805703_tree10.npy,train,6,6,1,0.6635905749352145,0.05221979115195651,0.2841896319868325,0.999679446220398
Acer/TreeScanPL_plot6805703_tree11.npy,train,1,1,1,0.8743089172141479,0.08738213277706464,0.038308948078948746,0.9951900243759155
Acer/TreeScanPL_plot6805703_tree12.npy,train,1,1,1,0.8025425270157033,0.07535484654393323,0.12210262386350709,0.9999415874481201
Larix/TreeScanPL_plot6805703_tree13.npy,train,6,6,1,0.7267211207507014,0.09633864232250887,0.17694023436958337,0.9996980428695679
Fagus/TreeScanPL_plot6805703_tree14.npy,train,5,5,1,0.6790968431152811,0.03050850203480382,0.29039465143954313,0.9999045133590698
Fagus/TreeScanPL_plot6805703_tree15.npy,train,5,5,1,0.8050620399528331,0.033902529915317316,0.16103542388156514,0.9999985694885254
Fagus/TreeScanPL_plot6805703_tree16.npy,train,5,5,1,0.6864426111454195,0.03792608023342919,0.2756313070205861,0.995073139667511
Acer/TreeScanPL_plot6805703_tree17.npy,train,1,1,1,0.8872706260894364,0.09893065094370045,0.013798721166535757,0.9995489716529846
Larix/TreeScanPL_plot6805703_tree18.npy,train,6,6,1,0.7045405202529357,0.055495316412885506,0.23996416035578844,0.9999245405197144
Fagus/TreeScanPL_plot6904703_tree4.npy,train,5,5,1,0.7628942278213926,0.044645613938363506,0.19246015481119258,0.9993809461593628
Fagus/TreeScanPL_plot6904703_tree5.npy,train,5,5,1,0.6762468098218434,0.09081975920084297,0.23293342847870513,0.9983410835266113
Fagus/TreeScanPL_plot6904703_tree7.npy,train,5,5,1,0.5239161909081976,0.07846286621078419,0.3976209406475986,0.9842569231987
Fagus/TreeScanPL_plot6904703_tree9.npy,train,5,5,1,0.3311083961037481,0.31578024523470694,0.35311135734598426,0.6460635662078857
Fagus/TreeScanPL_plot6904703_tree10.npy,train,5,5,1,0.522718855726634,0.10020319123156912,0.3770779513426985,0.9963454604148865
Carpinus/TreeScanPL_plot6904703_tree11.npy,train,4,4,1,0.7495007168292585,0.23432721093037134,0.01617207052869689,0.9490898251533508
Fagus/TreeScanPL_plot6904703_tree12.npy,train,5,5,1,0.6890304190896925,0.15851408033400455,0.15245549829423288,0.9979123473167419
Fagus/TreeScanPL_plot6904703_tree13.npy,train,5,5,1,0.44732460115619826,0.20283878616522563,0.3498366106162934,0.9963303208351135
Fagus/TreeScanPL_plot6904703_tree14.npy,train,5,5,1,0.8068159410295797,0.06661522248731498,0.12656883360781032,0.9999914169311523
Fagus/TreeScanPL_plot6904703_tree16.npy,train,5,5,1,0.6350929815447819,0.15167645602892568,0.21323056006101798,0.995930016040802
Carpinus/TreeScanPL_plot7304103_tree1.npy,train,4,4,1,0.722769958988121,0.2290142256954892,0.04821581316312491,0.9832337498664856
Carpinus/TreeScanPL_plot7304103_tree2.npy,train,4,4,1,0.7110911479498263,0.2731445083753491,0.015764341507776575,0.9994106292724609
Carpinus/TreeScanPL_plot7304103_tree3.npy,train,4,4,1,0.7356513133120679,0.1728662845891705,0.09148239986125987,0.9977946281433105
Fagus/TreeScanPL_plot7304103_tree4.npy,train,5,5,1,0.6318512871427033,0.04322322088706233,0.3249254899992193,0.5862088203430176
Fagus/TreeScanPL_plot7304103_tree6.npy,train,5,5,1,0.8691615720297617,0.029225164531350965,0.10161326019368766,0.9996697902679443
Carpinus/TreeScanPL_plot7304103_tree7.npy,train,4,4,1,0.7979145673609008,0.16503984775939945,0.037045582129642214,0.9955160021781921
Fagus/TreeScanPL_plot7304103_tree10.npy,train,5,5,1,0.7420355756858618,0.07151450757801044,0.1864499132269738,0.9792962670326233
Fagus/TreeScanPL_plot7304103_tree11.npy,train,5,5,1,0.76722481280879,0.10613071986876008,0.12664446325876896,0.9995595812797546
Carpinus/TreeScanPL_plot7304103_tree12.npy,train,4,4,1,0.6274023200569042,0.3317458648263147,0.040851812539894,0.9993307590484619
Carpinus/TreeScanPL_plot7304103_tree14.npy,train,4,4,1,0.7125629525349929,0.24404909774738234,0.04338794807394278,0.9974774718284607
Fagus/TreeScanPL_plot7304103_tree16.npy,train,5,5,1,0.5428892798564308,0.05929866201521031,0.39781205629690236,0.9993002414703369
Fagus/TreeScanPL_plot7304103_tree17.npy,train,5,5,1,0.6516092620867577,0.038421532057710296,0.3099692037865651,0.7966530919075012
Carpinus/TreeScanPL_plot7304103_tree20.npy,train,4,4,1,0.644626004354218,0.29629402526569587,0.059079967996167625,0.9997991919517517
Fagus/TreeScanPL_plot7304103_tree21.npy,train,5,5,1,0.652847004770923,0.02805819183547131,0.3190948009745515,0.9982763528823853
Carpinus/TreeScanPL_plot7304103_tree22.npy,train,4,4,1,0.701752432483206,0.2600105154063822,0.03823705029718311,0.892629861831665
Carpinus/TreeScanPL_plot7304103_tree26.npy,train,4,4,1,0.724843609589144,0.2675224975015652,0.007633890879424291,0.8322361707687378
Carpinus/TreeScanPL_plot7304103_tree27.npy,train,4,4,1,0.7309465956697532,0.10899956973399316,0.16005383170071308,0.9996180534362793
Carpinus/TreeScanPL_plot7304103_tree28.npy,train,4,4,1,0.7681858588204358,0.15252595352150847,0.07928818472959792,0.9991447925567627
Fagus/TreeScanPL_plot7305103_tree1.npy,train,5,5,1,0.6367534799027472,0.14486139013796417,0.21838512808842384,0.9997676014900208
Fagus/TreeScanPL_plot7305103_tree3.npy,train,5,5,1,0.6293189781647274,0.06056235345602706,0.310118665101879,0.9985466599464417
Fagus/TreeScanPL_plot7305103_tree4.npy,train,5,5,1,0.6781705534187783,0.06703425777132992,0.25479518745970725,0.9981315732002258
Fagus/TreeScanPL_plot7305103_tree5.npy,train,5,5,1,0.71536527924904,0.051186880933057996,0.2334478359121716,0.9995951056480408
Fagus/TreeScanPL_plot7305103_tree6.npy,train,5,5,1,0.4413822333718779,0.1946278640359866,0.3639899002743363,0.9150002598762512
Fagus/TreeScanPL_plot7305103_tree7.npy,train,5,5,1,0.6076341798856622,0.1961073279163826,0.19625848773623647,0.9998956918716431
Fagus/TreeScanPL_plot7305103_tree9.npy,train,5,5,1,0.8223782752761036,0.11187564950108088,0.06574607168746735,0.9999922513961792
Fagus/TreeScanPL_plot7305103_tree13.npy,train,5,5,1,0.5671046090278791,0.13034198866013028,0.3025534007511117,0.9999444484710693
Fagus/TreeScanPL_plot7305103_tree14.npy,train,5,5,1,0.788398177842553,0.08309806381175364,0.12850375536058176,0.9999184608459473
Fagus/TreeScanPL_plot7305103_tree15.npy,train,5,5,1,0.6431532375410146,0.15199737748687275,0.2048493825954807,0.9889025092124939
Fagus/TreeScanPL_plot7305103_tree17.npy,train,5,5,1,0.6302855001022327,0.1200815855367856,0.24963291215358105,0.9699786305427551
Fagus/TreeScanPL_plot7305103_tree20.npy,train,5,5,1,0.5214497272702767,0.19339523608222348,0.28515503466761666,0.9926819205284119
Fagus/TreeScanPL_plot7305103_tree21.npy,train,5,5,1,0.5776095763274046,0.09024242546125175,0.33214799677936585,0.9900098443031311
Fagus/TreeScanPL_plot7305703_tree1.npy,train,5,5,1,0.8365002818946582,0.047379344066852395,0.11612036828650647,0.9999983310699463
Fagus/TreeScanPL_plot7305703_tree3.npy,train,5,5,1,0.6455901478963223,0.12673560039690027,0.22767424865737748,0.9999099969863892
Fagus/TreeScanPL_plot7305703_tree4.npy,train,5,5,1,0.5992486641902527,0.07464950626791375,0.32610182782276104,0.9957861304283142
Fagus/TreeScanPL_plot7305703_tree6.npy,train,5,5,1,0.6201458089005442,0.16228328975479742,0.21757089923735795,0.9994341731071472
Fagus/TreeScanPL_plot7305703_tree7.npy,train,5,5,1,0.7222201997794979,0.09117585785176328,0.18660393972440287,0.9984639883041382
Fagus/TreeScanPL_plot7305703_tree9.npy,train,5,5,1,0.628242619043779,0.11241402350953146,0.2593433547855432,0.9987682700157166
Fagus/TreeScanPL_plot7305703_tree10.npy,train,5,5,1,0.7740636375057792,0.11348944785134163,0.11244691176185317,0.9987314343452454
Betula/TreeScanPL_plot7305703_tree11.npy,train,3,3,1,0.855809014119088,0.053209813050218435,0.09098116988532244,0.999096155166626
Fagus/TreeScanPL_plot7305703_tree13.npy,train,5,5,1,0.6110354234636043,0.3150752076547168,0.07388936578182169,0.9992889165878296
Fagus/TreeScanPL_plot7305703_tree14.npy,train,5,5,1,0.7945547334771735,0.08587468440470503,0.11957057467656133,0.9999973773956299
Fagus/TreeScanPL_plot7305703_tree15.npy,train,5,5,1,0.8340303650537572,0.06311469133066133,0.10285494027200492,0.9999768733978271
Fagus/TreeScanPL_plot7305703_tree16.npy,train,5,5,1,0.6209524964935252,0.17975733024983537,0.19929017094963375,0.9971822500228882
Fagus/TreeScanPL_plot7305703_tree17.npy,train,5,5,1,0.7854944634799786,0.06054989332973154,0.1539556362983724,0.9999958276748657
Fagus/TreeScanPL_plot7404103_tree1.npy,train,5,5,1,0.4615686083968344,0.23254212059642043,0.30588926966012436,0.9949737787246704
Abies/TreeScanPL_plot7404103_tree2.npy,train,0,0,1,0.6551029227545772,0.18830665885341585,0.15659041651175742,0.992283284664154
Fagus/TreeScanPL_plot7404103_tree4.npy,train,5,5,1,0.48686037015776745,0.108568669812026,0.4045709576836211,0.9995896220207214
Fagus/TreeScanPL_plot7404103_tree5.npy,train,5,5,1,0.7340630990854699,0.12255094108368995,0.1433859565057235,0.9999157190322876
Abies/TreeScanPL_plot7404103_tree6.npy,train,0,0,1,0.6289961722576165,0.3500931680719729,0.02091065836291433,0.9901755452156067
Fagus/TreeScanPL_plot7404103_tree7.npy,train,5,5,1,0.7176241867978781,0.08866090227532082,0.19371490883098932,0.9994571805000305
Abies/TreeScanPL_plot7404103_tree9.npy,train,0,0,1,0.6331257824090314,0.10332644267399346,0.2635477722669527,0.9999973773956299
Abies/TreeScanPL_plot7404103_tree10.npy,train,0,0,1,0.6481660948680813,0.1639515240248837,0.1878823786945188,0.9999814033508301
Abies/TreeScanPL_plot7404103_tree12.npy,train,0,0,1,0.6865143131343264,0.1765868758746324,0.13689880868972323,0.9999072551727295
Abies/TreeScanPL_plot7404103_tree13.npy,train,0,0,1,0.7465958204873818,0.16022640482876693,0.0931777724181875,0.999976634979248
Abies/TreeScanPL_plot7404103_tree14.npy,train,0,0,1,0.6723499743761727,0.20278394125826252,0.12486608208790916,0.9999918937683105
Fagus/TreeScanPL_plot7404103_tree15.npy,train,5,5,1,0.6828852607548781,0.09604552403536021,0.22106921217147152,0.9998780488967896
Fagus/TreeScanPL_plot7404103_tree16.npy,train,5,5,1,0.4128111775352668,0.23083742732852477,0.3563513940390802,0.9729032516479492
Abies/TreeScanPL_plot7404103_tree17.npy,train,0,0,1,0.697640987006544,0.09838667755781845,0.20397233339339893,0.9999607801437378
Fagus/TreeScanPL_plot7404103_tree18.npy,train,5,5,1,0.532496456838971,0.13964887800396789,0.3278546627415494,0.9960081577301025
Abies/TreeScanPL_plot7404103_tree21.npy,train,0,0,1,0.5678189399042424,0.12770030440082464,0.30448075413790116,0.999966025352478
Fagus/TreeScanPL_plot7404103_tree22.npy,train,5,5,1,0.48649542023619663,0.1396525071930089,0.3738520707252452,0.999816358089447
Fagus/TreeScanPL_plot7404103_tree24.npy,train,5,5,1,0.6493041360814342,0.15443214870628677,0.19626371311286028,0.9983201622962952
Fagus/TreeScanPL_plot7404103_tree26.npy,train,5,5,1,0.5360053492796067,0.14760726393952509,0.3163873853157468,0.9947644472122192
Abies/TreeScanPL_plot7404103_tree27.npy,train,0,0,1,0.5490217710784087,0.1531900805235608,0.2977881462945156,0.999962568283081
Fagus/TreeScanPL_plot7404103_tree28.npy,train,5,5,1,0.600578619796794,0.15714282058994683,0.24227855785280322,0.9840436577796936
Abies/TreeScanPL_plot7404103_tree29.npy,train,0,0,1,0.6279641825174967,0.1225545814626407,0.24948123356818755,0.999997615814209
Abies/TreeScanPL_plot7404103_tree32.npy,train,0,0,1,0.7014321494674549,0.28680917359087915,0.01175867493816587,0.9999736547470093
Fagus/TreeScanPL_plot7404103_tree33.npy,train,5,5,1,0.4282525142496746,0.15033103256773359,0.4214164511963821,0.9965382814407349
Abies/TreeScanPL_plot7404103_tree34.npy,train,0,0,1,0.5686228897235408,0.14192185387615724,0.2894552540313693,0.9999924898147583
Fagus/TreeScanPL_plot7404103_tree35.npy,train,5,5,1,0.4850722664908353,0.19434794633741412,0.32057978593003267,0.9986870884895325
Abies/TreeScanPL_plot7404103_tree37.npy,train,0,0,1,0.6645810996005709,0.2858355413212912,0.049583355827454996,0.9999970197677612
Fagus/TreeScanPL_plot7404103_tree38.npy,train,5,5,1,0.5336726119847397,0.22816271081879508,0.23816467504060132,0.998712420463562
Fagus/TreeScanPL_plot7404103_tree39.npy,train,5,5,1,0.6967284528276925,0.13263210357530608,0.1706394412984945,0.9987057447433472
Fagus/TreeScanPL_plot7404103_tree41.npy,train,5,5,1,0.4808178753043275,0.15474780270320002,0.3644343202736421,0.9999300241470337
Fagus/TreeScanPL_plot7404903_tree1.npy,train,5,5,1,0.758063785899064,0.1952682026150864,0.04666800804673037,0.999970555305481
Fagus/TreeScanPL_plot7404903_tree5.npy,train,5,5,1,0.6457431999762703,0.09111736377220461,0.2631394340737858,0.9866711497306824
Fagus/TreeScanPL_plot7404903_tree6.npy,train,5,5,1,0.6304875442066488,0.049663287380256306,0.31984916423727267,0.9999423027038574
Fagus/TreeScanPL_plot7404903_tree8.npy,train,5,5,1,0.5024632161025074,0.15213174367496668,0.34540503888888097,0.7472977042198181
Fagus/TreeScanPL_plot7405403_tree1.npy,train,5,5,1,0.7128079080475771,0.1358051313159995,0.15138695812862987,0.9999368190765381
Fagus/TreeScanPL_plot7405403_tree2.npy,train,5,5,1,0.6048624294846915,0.12778935803083563,0.2673482108336902,0.9989504218101501
Fagus/TreeScanPL_plot7405403_tree3.npy,train,5,5,1,0.6773349753220564,0.19687688715078772,0.1257881351755409,0.9992572665214539
Fagus/TreeScanPL_plot7405403_tree4.npy,train,5,5,1,0.5363103871129485,0.0547363845876778,0.4089532260550168,0.9998834133148193
Fagus/TreeScanPL_plot7405403_tree5.npy,train,5,5,1,0.5506185024374467,0.2114825240953804,0.2378989711670102,0.9964063763618469
Fagus/TreeScanPL_plot7405403_tree6.npy,train,5,5,1,0.48770193539355283,0.13424079099656516,0.37805727118488464,0.999672532081604
Picea/TreeScanPL_plot7405403_tree8.npy,train,7,7,1,0.907760188390301,0.07493996905785903,0.017299841006864616,0.9780791997909546
Fagus/TreeScanPL_plot7405403_tree9.npy,train,5,5,1,0.5522493266224808,0.13989501203658564,0.3078556593585302,0.9995926022529602
Fagus/TreeScanPL_plot7405403_tree10.npy,train,5,5,1,0.6896922262460494,0.1666003871878087,0.14370738415456433,0.9999754428863525
Fagus/TreeScanPL_plot7405403_tree11.npy,train,5,5,1,0.3683461511340268,0.10249382108248734,0.5291600260735675,0.6450092196464539
Fagus/TreeScanPL_plot7405403_tree12.npy,train,5,5,1,0.5338782624265133,0.18796664066370664,0.2781550951220863,0.9931182861328125
Fagus/TreeScanPL_plot7405403_tree13.npy,train,5,5,1,0.7665639177854249,0.08358907086067503,0.14984700806237752,0.9999783039093018
Fagus/TreeScanPL_plot7405403_tree14.npy,train,5,5,1,0.5374453240361841,0.11945090336644199,0.34310376949663957,0.9992295503616333
Fagus/TreeScanPL_plot7405403_tree15.npy,train,5,5,1,0.5546276566674523,0.08239935614642414,0.3629729846013659,0.9995999932289124
Fagus/TreeScanPL_plot7405403_tree16.npy,train,5,5,1,0.3803016286450429,0.12036747521282355,0.4993308944201605,0.9999165534973145
Fagus/TreeScanPL_plot7405403_tree20.npy,train,5,5,1,0.7094047982459486,0.2235762368009912,0.06701896253465639,0.9930463433265686
Fagus/TreeScanPL_plot7405403_tree21.npy,train,5,5,1,0.5768785828074565,0.14609961296460874,0.2770218013433245,0.9990885257720947
Fagus/TreeScanPL_plot7405403_tree23.npy,train,5,5,1,0.5956520671173218,0.08615660702056442,0.3181913228207584,0.999996542930603
Fagus/TreeScanPL_plot7405403_tree24.npy,train,5,5,1,0.7956799919611209,0.07700324635893936,0.12731675850004034,0.9999610185623169
Fagus/TreeScanPL_plot7405403_tree25.npy,train,5,5,1,0.6056884569686554,0.15478687046435488,0.23952467088838703,0.999725878238678
Betula/TreeScanPL_plot7405403_tree26.npy,train,3,3,1,0.8569011529224193,0.057843162110583886,0.08525568278303182,0.9988234639167786
Fagus/TreeScanPL_plot7405403_tree27.npy,train,5,5,1,0.5076206702587416,0.10231315373358918,0.39006617352713796,0.9952155351638794
Abies/TreeScanPL_plot7503903_tree1.npy,train,0,0,1,0.8310617077167776,0.07684856044107802,0.092089730038678,0.9968003034591675
Betula/TreeScanPL_plot7503903_tree2.npy,train,3,3,1,0.8756450383398723,0.038276696293161466,0.086078263048257,0.9958062171936035
Fagus/TreeScanPL_plot7503903_tree3.npy,train,5,5,1,0.6570844513500409,0.03084463379717221,0.31207091218922145,0.9969736337661743
Fagus/TreeScanPL_plot7503903_tree5.npy,train,5,5,1,0.6608502216715884,0.04512701064123703,0.2940227645670184,0.9996083378791809
Fagus/TreeScanPL_plot7503903_tree6.npy,train,5,5,1,0.7270754377686297,0.09555761437185696,0.17736694534373726,0.999680757522583
Abies/TreeScanPL_plot7503903_tree9.npy,train,0,0,1,0.7846129027998001,0.12946745208054325,0.08591964339974215,0.9995892643928528
Betula/TreeScanPL_plot7503903_tree11.npy,train,3,3,1,0.9044759528178802,0.05020898563975722,0.04531505947791322,0.9340893626213074
Abies/TreeScanPL_plot7503903_tree12.npy,train,0,0,1,0.7899364077946974,0.09195314832540255,0.11811044194461975,0.9997866749763489
Fagus/TreeScanPL_plot7503903_tree13.npy,train,5,5,1,0.6499587465765578,0.04267840609637596,0.3073628449662873,0.999079704284668
Abies/TreeScanPL_plot7503903_tree15.npy,train,0,0,1,0.8285125548126587,0.12275196765044677,0.04873547547514501,0.999948263168335
Picea/TreeScanPL_plot7503903_tree17.npy,train,7,7,1,0.9067080101962616,0.06684501933499759,0.02644696896713857,0.9203398823738098
Abies/TreeScanPL_plot7503903_tree18.npy,train,0,0,1,0.7883694674753613,0.06437991310296629,0.14725061672135115,0.9999984502792358
Fagus/TreeScanPL_plot7503903_tree19.npy,train,5,5,1,0.6443569145591751,0.08211421231749318,0.273528870971622,0.9990131855010986
Abies/TreeScanPL_plot7503903_tree20.npy,train,0,0,1,0.6089447835826829,0.0883726081418172,0.3026826065564536,0.999797523021698
Fagus/TreeScanPL_plot7503903_tree21.npy,train,5,5,1,0.6877688368861434,0.06184107871355887,0.25039008204518653,0.999380350112915
Fagus/TreeScanPL_plot7603803_tree2.npy,train,5,5,1,0.6871918887638391,0.1188465280142783,0.19396158144146222,0.6537603735923767
Fagus/TreeScanPL_plot7603803_tree3.npy,train,5,5,1,0.7738814099708609,0.059217736826656285,0.16690085041515515,0.9985290765762329
Abies/TreeScanPL_plot7603803_tree4.npy,train,0,0,1,0.6990053526352774,0.122349347491457,0.1786452986282809,0.9962714910507202
Abies/TreeScanPL_plot7603803_tree5.npy,train,0,0,1,0.5503044927787172,0.2145018457060121,0.23519365944328635,0.9999880790710449
Abies/TreeScanPL_plot7603803_tree8.npy,train,0,0,1,0.641810443775403,0.10634151718327846,0.25184803746173934,0.9984857439994812
Fagus/TreeScanPL_plot7603803_tree9.npy,train,5,5,1,0.5930619288161572,0.17409690799121474,0.23284116101089636,0.965527355670929
Abies/TreeScanPL_plot7603803_tree10.npy,train,0,0,1,0.718015164962224,0.20235440612296984,0.07963042759857772,0.9917710423469543
Fagus/TreeScanPL_plot7603803_tree12.npy,train,5,5,1,0.41600691676489876,0.15606818738277933,0.4279248942944539,0.9981573224067688
Fagus/TreeScanPL_plot7603803_tree13.npy,train,5,5,1,0.5541569680487798,0.17711665894939352,0.26872637016226036,0.9999715089797974
Abies/TreeScanPL_plot7603803_tree14.npy,train,0,0,1,0.7171110945360404,0.22350932593558892,0.059379578017120266,0.9964889287948608
Fagus/TreeScanPL_plot7603803_tree15.npy,train,5,5,1,0.40597610823946767,0.16206542531527107,0.4319584643771222,0.9944185018539429
Abies/TreeScanPL_plot7603803_tree16.npy,train,0,0,1,0.7645849896439687,0.14179791894925403,0.09361708950348192,0.9999892711639404
Abies/TreeScanPL_plot7603803_tree17.npy,train,0,0,1,0.7469189868930696,0.21856080602020525,0.03452020503812934,0.9998230338096619
Fagus/TreeScanPL_plot7603803_tree18.npy,train,5,5,1,0.7068546775918998,0.07938862486605783,0.21375669455938304,0.9924586415290833
Fagus/TreeScanPL_plot7603803_tree19.npy,train,5,5,1,0.6397807405167132,0.10802542609238351,0.25219383069845197,0.9963185787200928
Abies/TreeScanPL_plot7603803_tree20.npy,train,0,0,1,0.5984161164157291,0.1491774833167217,0.2524063978538111,0.9999960660934448
Abies/TreeScanPL_plot7603803_tree21.npy,train,0,0,1,0.7212799089333342,0.0783996572667926,0.20032043234040853,0.9998816251754761
Fagus/TreeScanPL_plot7603803_tree22.npy,train,5,5,1,0.7518944808212915,0.08355524357794783,0.1645502727939995,0.999495267868042
Abies/TreeScanPL_plot7603803_tree23.npy,train,0,0,1,0.5743728435845139,0.15364805595220005,0.271979098118393,0.999993085861206
Abies/TreeScanPL_plot7603803_tree24.npy,train,0,0,1,0.7171146527099991,0.17327782422607416,0.10960752154469028,0.999404788017273
Fagus/TreeScanPL_plot7603803_tree25.npy,train,5,5,1,0.59079371956424,0.1914679866377315,0.21773829167336373,0.9975918531417847
Fagus/TreeScanPL_plot7603803_tree27.npy,train,5,5,1,0.6214704136063043,0.18502502906948234,0.19350455446000725,0.9999271631240845
Fagus/TreeScanPL_plot7603803_tree28.npy,train,5,5,1,0.6328582690067128,0.06816241743424727,0.29897931141242323,0.999670147895813
Fagus/TreeScanPL_plot7603803_tree29.npy,train,5,5,1,0.637435969280046,0.12932917024407203,0.23323485775578776,0.9996547698974609
Fagus/TreeScanPL_plot7603803_tree30.npy,train,5,5,1,0.6837936618022007,0.08557201381986587,0.2306343215753477,0.999946117401123
Abies/TreeScanPL_plot7603803_tree31.npy,train,0,0,1,0.6883978770372143,0.21614392346100875,0.09545819804719956,0.9776931405067444
Abies/TreeScanPL_plot7603803_tree32.npy,train,0,0,1,0.637593762698478,0.1627077666847222,0.19969846898097757,0.9948719143867493
Abies/TreeScanPL_plot7603803_tree33.npy,train,0,0,1,0.67718837476518,0.172661161042047,0.15015046222969444,0.999893307685852
Abies/TreeScanPL_plot7603803_tree34.npy,train,0,0,1,0.6862172631970466,0.26182065197345206,0.05196208330433515,0.9992222785949707
Abies/TreeScanPL_plot7603803_tree35.npy,train,0,0,1,0.5622890567663608,0.25082316640876634,0.18688777505595816,0.9983848333358765
Fagus/TreeScanPL_plot7704703_tree1.npy,train,5,5,1,0.5402502881502409,0.3147765148104862,0.1449731949598769,0.9466405510902405
Fagus/TreeScanPL_plot7704703_tree2.npy,train,5,5,1,0.652472492306942,0.1599721966923294,0.18755530737526327,0.9999725818634033
Fagus/TreeScanPL_plot7704703_tree4.npy,train,5,5,1,0.5132598455514343,0.28012983836258537,0.20661031379267536,0.9983978867530823
Fagus/TreeScanPL_plot7704703_tree5.npy,train,5,5,1,0.7783667926797023,0.09734169080263658,0.12429150999713212,0.9999972581863403
Fagus/TreeScanPL_plot7704703_tree6.npy,train,5,5,1,0.6468243637850369,0.1658630299103782,0.1873126033335336,0.9982788562774658
Fagus/TreeScanPL_plot7704703_tree7.npy,train,5,5,1,0.7475519007741092,0.09594021773837752,0.15650787879572448,0.9996387958526611
Fagus/TreeScanPL_plot7704703_tree11.npy,train,5,5,1,0.6787695626215474,0.1342402425243963,0.18699019070601008,0.9999908208847046
Fagus/TreeScanPL_plot7704703_tree13.npy,train,5,5,1,0.7483428947178227,0.05523405575028776,0.196423043911563,0.9999654293060303
Fagus/TreeScanPL_plot7704703_tree15.npy,train,5,5,1,0.43584142012778754,0.18940432030212284,0.3747542579209136,0.9910749197006226
Fagus/TreeScanPL_plot7704703_tree16.npy,train,5,4,0,0.6402172543172965,0.3183998679432591,0.04138287643537127,0.7132109999656677
Fagus/TreeScanPL_plot7704703_tree17.npy,train,5,5,1,0.7035554652273454,0.029222003300781448,0.2672225282713203,0.9998834133148193
Fagus/TreeScanPL_plot7704703_tree18.npy,train,5,5,1,0.3326628571205483,0.2015783020356256,0.465758839404365,0.9919955730438232
Fagus/TreeScanPL_plot7704703_tree20.npy,train,5,5,1,0.6723256108737105,0.06133382179848156,0.2663405620701814,0.9999827146530151
Fagus/TreeScanPL_plot7704703_tree21.npy,train,5,5,1,0.5886073421240592,0.17887260784528927,0.23252004819792368,0.9974310994148254
Fagus/TreeScanPL_plot7704703_tree22.npy,train,5,5,1,0.37040380669976997,0.3597616683968521,0.2698345229268046,0.7973766326904297
Fagus/TreeScanPL_plot7804503_tree1.npy,train,5,5,1,0.5166019770259388,0.1585287182470736,0.3248693026482785,0.999159574508667
Fagus/TreeScanPL_plot7804503_tree2.npy,train,5,5,1,0.5410074707747352,0.1801916967718882,0.278800830656552,0.9969507455825806
Fagus/TreeScanPL_plot7804503_tree3.npy,train,5,5,1,0.8158469150687011,0.049299887614365816,0.13485319422972636,0.9999426603317261
Fagus/TreeScanPL_plot7804503_tree4.npy,train,5,5,1,0.4134153102414282,0.21600414117293737,0.3705805470253125,0.9680984616279602
Fagus/TreeScanPL_plot7804503_tree7.npy,train,5,5,1,0.7040573742848247,0.09141211819202033,0.2045305042236193,0.9993908405303955
Fagus/TreeScanPL_plot7804503_tree8.npy,train,5,5,1,0.43974468194819943,0.18636601185309556,0.37388930481682586,0.829717218875885
Fagus/TreeScanPL_plot7804503_tree9.npy,train,5,5,1,0.652500287611412,0.1721769581853183,0.17532275072632142,0.9899458289146423
Acer/TreeScanPL_plot7804503_tree11.npy,train,1,1,1,0.8272675884689674,0.10075220485747582,0.07198020491151318,0.9019822478294373
Fagus/TreeScanPL_plot7804503_tree12.npy,train,5,5,1,0.5484863585127062,0.1688098798969379,0.2827037593618873,0.9969677329063416
Fagus/TreeScanPL_plot7904603_tree1.npy,train,5,5,1,0.5666419407949592,0.1329603385665499,0.3003977180325404,0.9998520612716675
Fagus/TreeScanPL_plot7904603_tree2.npy,train,5,5,1,0.5422746756383077,0.07800067146231567,0.3797246505945527,0.9998857975006104
Fagus/TreeScanPL_plot7904603_tree3.npy,train,5,5,1,0.6167482590592809,0.15819741821727043,0.2250543201541468,0.9583807587623596
Fagus/TreeScanPL_plot7904603_tree4.npy,train,5,5,1,0.5122627988202142,0.1932993671212914,0.29443783255022166,0.992215096950531
Fagus/TreeScanPL_plot7904603_tree5.npy,train,5,5,1,0.5563102495950131,0.20563634797153824,0.23805339997882452,0.9998643398284912
Fagus/TreeScanPL_plot7904603_tree11.npy,train,5,5,1,0.4705807576761242,0.12264169243187338,0.40677754832950125,0.9981400966644287
Fagus/TreeScanPL_plot7904603_tree13.npy,train,5,5,1,0.5494139756253965,0.18976626031012261,0.26081976234358767,0.9962403774261475
Fagus/TreeScanPL_plot7904603_tree15.npy,train,5,5,1,0.5841671879346799,0.15335140463918373,0.2624814050145138,0.9999605417251587
Fagus/TreeScanPL_plot7904603_tree16.npy,train,5,5,1,0.6370824304748409,0.17067766907802953,0.19223989885811466,0.9985368251800537
Fagus/TreeScanPL_plot7904603_tree18.npy,train,5,5,1,0.6901114853418742,0.1841098900590847,0.12577861955753467,0.999974250793457
Fagus/TreeScanPL_plot7904603_tree19.npy,train,5,5,1,0.6778809769724707,0.11726066303266747,0.20485835644634537,0.9999853372573853
Fagus/TreeScanPL_plot7904603_tree22.npy,train,5,5,1,0.7211829562510611,0.12542594643464777,0.15339109460056105,0.9999731779098511
Fagus/TreeScanPL_plot7904603_tree23.npy,train,5,5,1,0.5406277339976223,0.16594172086581865,0.2934305425806108,0.999748170375824
Fagus/TreeScanPL_plot7904603_tree24.npy,train,5,5,1,0.5126444165251715,0.3263928181980371,0.16096276207623297,0.9988724589347839
Fagus/TreeScanPL_plot7904603_tree25.npy,train,5,5,1,0.6330568521408616,0.2690807592378951,0.09786238536162949,0.99968421459198
Fagus/TreeScanPL_plot7904603_tree26.npy,train,5,5,1,0.6221422874724754,0.09149184297145266,0.28636586632064437,0.9982642531394958
Fagus/TreeScanPL_plot7904603_tree27.npy,train,5,5,1,0.49299277910115685,0.22033902153330484,0.2866681978765134,0.9980754852294922
Acer/TreeScanPL_plot7904603_tree28.npy,train,1,1,1,0.7251897746956266,0.15610556140376333,0.11870466168258224,0.950463056564331
Fagus/TreeScanPL_plot7904603_tree29.npy,train,5,5,1,0.7171940701326764,0.09983479028615441,0.1829711358926298,0.9998588562011719
Fagus/TreeScanPL_plot7904603_tree30.npy,train,5,5,1,0.5849291948212035,0.13203786527234304,0.28303293607224483,0.9999408721923828
Fagus/TreeScanPL_plot7904603_tree31.npy,train,5,5,1,0.5707104181092566,0.19341278189669,0.23587679658436264,0.9996286630630493
Larix/TreeScanPL_plot8104703_tree1.npy,train,6,6,1,0.6157926789534287,0.08021008414086189,0.30399723515222704,0.9981966614723206
Larix/TreeScanPL_plot8104703_tree2.npy,train,6,6,1,0.578871714805288,0.128513266053358,0.2926150173930895,0.99664705991745
Fagus/TreeScanPL_plot8104703_tree3.npy,train,5,5,1,0.6802542651309209,0.05695014886061228,0.26279558319091034,0.9971749782562256
Larix/TreeScanPL_plot8104703_tree5.npy,train,6,6,1,0.6705612377290349,0.058700694201048384,0.27073806619675456,0.9997500777244568
Larix/TreeScanPL_plot8104703_tree6.npy,train,6,6,1,0.6554441571016424,0.046554661211438274,0.29800117887682737,0.9997385144233704
Fagus/TreeScanPL_plot8104703_tree7.npy,train,5,5,1,0.7983475775279152,0.029969091824073545,0.1716833281308379,0.9999691247940063
Fagus/TreeScanPL_plot8204703_tree1.npy,train,5,5,1,0.5806442276224347,0.15791700707093653,0.26143876254603016,0.9990862607955933
Fagus/TreeScanPL_plot8204703_tree3.npy,train,5,5,1,0.5757912696606425,0.1832596907797286,0.24094903692360473,0.9988704323768616
Fagus/TreeScanPL_plot8204703_tree4.npy,train,5,5,1,0.5752372013576829,0.21121411876267265,0.2135486776515529,0.9987769722938538
Fagus/TreeScanPL_plot8204703_tree5.npy,train,5,5,1,0.7840178454833199,0.13787244703803098,0.07810970360660435,0.9999691247940063
Fagus/TreeScanPL_plot8204703_tree6.npy,train,5,5,1,0.4146578552275158,0.21448199875911306,0.37086014458806354,0.8447397947311401
Fagus/TreeScanPL_plot8204703_tree8.npy,train,5,5,1,0.47134522091655384,0.2508491592298157,0.2778056181730398,0.9978316426277161
Fagus/TreeScanPL_plot8204703_tree10.npy,train,5,5,1,0.45570118656088315,0.16450842555318243,0.3797903860995101,0.9922341108322144
Fagus/TreeScanPL_plot8204703_tree11.npy,train,5,5,1,0.8207450760108511,0.09053582715408753,0.08871909274831848,0.9996091723442078
Fagus/TreeScanPL_plot8204703_tree13.npy,train,5,5,1,0.7528633202888082,0.13561193016444517,0.1115247465415978,0.9999452829360962
Fagus/TreeScanPL_plot8204703_tree14.npy,train,5,5,1,0.6566494244323284,0.13171256150931632,0.21163801093075293,0.9991521835327148
Fagus/TreeScanPL_plot8204703_tree15.npy,train,5,5,1,0.6436709610075709,0.10618020399870831,0.2501488332939144,0.9889483451843262
Fagus/TreeScanPL_plot8204703_tree16.npy,train,5,5,1,0.7033301967438427,0.11933122704090776,0.17733857187237098,0.9999967813491821
Fagus/TreeScanPL_plot8204703_tree17.npy,train,5,5,1,0.5744893133121606,0.18314819297594392,0.24236249151353775,0.9758756756782532
Fagus/TreeScanPL_plot8204703_tree18.npy,train,5,5,1,0.5671665641867305,0.18598169160227498,0.24685174193965176,0.9997854828834534
Fagus/TreeScanPL_plot8204703_tree21.npy,train,5,1,0,0.7461669413630186,0.14614123908326723,0.10769181743650084,0.5993293523788452
Fagus/TreeScanPL_plot8204703_tree22.npy,train,5,5,1,0.4975544896917347,0.1231555293216541,0.379289979262464,0.9824796915054321
Fagus/TreeScanPL_plot8204703_tree25.npy,train,5,5,1,0.4396517490633447,0.19799190408722017,0.36235634503735964,0.9676011204719543
Acer/TreeScanPL_plot8405203_tree3.npy,train,1,1,1,0.8592452813609865,0.08092367381162235,0.05983104331236185,0.9986218214035034
Pinus/TreeScanPL_plot8405203_tree7.npy,train,8,8,1,0.8657424613637038,0.0699683157340352,0.06428922011450974,0.9998055100440979
Pinus/TreeScanPL_plot8405203_tree9.npy,train,8,8,1,0.8060952562364119,0.12024221995673166,0.07366252024014719,0.9999560117721558
Fagus/TreeScanPL_plot8405203_tree11.npy,train,5,5,1,0.7245667803276415,0.06868388186978297,0.2067493344621,0.9999923706054688
Fagus/TreeScanPL_plot8405203_tree12.npy,train,5,5,1,0.5726120593591619,0.08100294292371767,0.34638499492558134,0.9999797344207764
Fagus/TreeScanPL_plot8405203_tree13.npy,train,5,5,1,0.6230154709781933,0.09765665775831842,0.27932786816673505,0.9999910593032837
Fagus/TreeScanPL_plot8405203_tree16.npy,train,5,5,1,0.4663225630367773,0.09959171286346516,0.4340857221771515,0.9980764389038086
Pinus/TreeScanPL_plot8405203_tree18.npy,train,8,8,1,0.8503304458826259,0.0829781381594803,0.06669141316306972,0.9998247027397156
Pinus/TreeScanPL_plot8405203_tree20.npy,train,8,8,1,0.8361794540153683,0.11669233234231026,0.047128209294484094,0.9999679327011108
Fagus/TreeScanPL_plot8405203_tree22.npy,train,5,5,1,0.6443161741871076,0.05999478185560303,0.2956890419321229,0.9918203353881836
Fagus/TreeScanPL_plot8405203_tree26.npy,train,5,5,1,0.6969637804905761,0.1061630276331584,0.19687318967553416,0.9917859435081482
Pinus/TreeScanPL_plot8405203_tree27.npy,train,8,8,1,0.832746789998448,0.09749803729699624,0.0697551702848871,0.9977989792823792
Acer/TreeScanPL_plot8405203_tree29.npy,train,1,1,1,0.8565448897957819,0.04929041672572514,0.09416469187390512,0.9983763694763184
Pinus/TreeScanPL_plot8405203_tree30.npy,train,8,8,1,0.7319578207005647,0.1397699955062425,0.12827218243169747,0.9734540581703186
Abies/TreeScanPL_plot8505103_tree2.npy,train,0,0,1,0.6568781382416575,0.09480146552158723,0.24832039420461163,0.9999388456344604
Fagus/TreeScanPL_plot8505103_tree4.npy,train,5,5,1,0.7327466048462797,0.09925194329597771,0.16800145009505674,0.9997401833534241
Fagus/TreeScanPL_plot8505103_tree5.npy,train,5,5,1,0.9107355022893021,0.03347408585287932,0.05579040709093216,0.9999748468399048
Fagus/TreeScanPL_plot8505103_tree6.npy,train,5,5,1,0.6962182052450645,0.08162076799980371,0.22216102286252334,0.9998432397842407
Fagus/TreeScanPL_plot8505103_tree7.npy,train,5,5,1,0.7013425763632801,0.11028454460381686,0.18837287715518622,0.9994109869003296
Abies/TreeScanPL_plot8505103_tree9.npy,train,0,0,1,0.6113069743453117,0.14933529488562017,0.23935772900176325,0.9990824460983276
Fagus/TreeScanPL_plot8505103_tree10.npy,train,5,5,1,0.7283032814009786,0.07734754143050553,0.19434917453746048,0.9999558925628662
Abies/TreeScanPL_plot8505103_tree11.npy,train,0,0,1,0.6901596050848465,0.11064756274770933,0.1991928302673489,0.999948263168335
Fagus/TreeScanPL_plot8505103_tree12.npy,train,5,5,1,0.5626225598221353,0.09704480581265838,0.34033263281610615,0.9633700251579285
Pinus/TreeScanPL_plot8505103_tree15.npy,train,8,8,1,0.7813509037336207,0.09725075250562619,0.12139834225224157,0.9790416359901428
Pinus/TreeScanPL_plot8505103_tree17.npy,train,8,8,1,0.8529856071763497,0.06535929760314112,0.08165509321581285,0.9983311295509338
Abies/TreeScanPL_plot8505103_tree21.npy,train,0,0,1,0.8803518451589308,0.09562612925919282,0.024022023956042495,0.9997603297233582
Fagus/TreeScanPL_plot8505103_tree22.npy,train,5,5,1,0.48906929785263376,0.11692602059731494,0.39400467990023574,0.9977522492408752
Abies/TreeScanPL_plot8505103_tree23.npy,train,0,0,1,0.8391942722771593,0.12019975643416941,0.04060596966993833,0.980891764163971
Fagus/TreeScanPL_plot8505103_tree24.npy,train,5,5,1,0.8278041625708465,0.08905990837389158,0.08313592398070613,0.999997615814209
Fagus/TreeScanPL_plot8505103_tree25.npy,train,5,5,1,0.8880723548967837,0.0454685038530691,0.06645913842941094,0.9998971223831177
Carpinus/TreeScanPL_plot600405_tree1.npy,train,4,4,1,0.7707068683423545,0.054834256968945595,0.1744588717627697,0.9999628067016602
Picea/TreeScanPL_plot600405_tree3.npy,train,7,7,1,0.872436140712124,0.06233228776373625,0.06523156923607948,0.9998014569282532
Picea/TreeScanPL_plot600405_tree5.npy,train,7,7,1,0.8314210962323996,0.11635785846232263,0.05222104040245212,0.9999959468841553
Picea/TreeScanPL_plot600405_tree6.npy,train,7,7,1,0.8698568485174125,0.08096012358203795,0.049183025647369025,0.9993925094604492
Picea/TreeScanPL_plot600405_tree7.npy,train,7,7,1,0.8217710526695483,0.12804171153264476,0.050187230737967464,0.9999855756759644
Carpinus/TreeScanPL_plot600405_tree8.npy,train,4,4,1,0.6653001961957946,0.04686871402791705,0.2878310876788481,0.9999134540557861
Picea/TreeScanPL_plot600405_tree10.npy,train,7,7,1,0.8921779469700989,0.05248270564429135,0.05533934201211463,0.9999903440475464
Carpinus/TreeScanPL_plot600405_tree11.npy,train,4,4,1,0.6422515493905633,0.04755974584457852,0.31018870325623193,0.9996026158332825
Picea/TreeScanPL_plot600405_tree12.npy,train,7,7,1,0.8816914653398711,0.0827303533796484,0.03557817680259457,0.9999865293502808
Quercus/TreeScanPL_plot600405_tree13.npy,train,9,9,1,0.8509967388829978,0.07832573583576188,0.07067752280865425,0.9970555305480957
Picea/TreeScanPL_plot600405_tree14.npy,train,7,7,1,0.8741672091275068,0.09155419246234053,0.03427859433242422,0.9999865293502808
Picea/TreeScanPL_plot600405_tree15.npy,train,7,7,1,0.8900990601828154,0.05161463138137336,0.058286306552330844,0.9993940591812134
Picea/TreeScanPL_plot600405_tree19.npy,train,7,7,1,0.7178529813150742,0.13576000197836702,0.1463870115157857,0.9999933242797852
Quercus/TreeScanPL_plot600405_tree20.npy,train,9,9,1,0.7693509272429414,0.09648350302027187,0.1341655673166809,0.9952415227890015
Picea/TreeScanPL_plot600405_tree21.npy,train,7,7,1,0.7374689045866816,0.05637145342612138,0.2061596401236023,0.9999117851257324
Picea/TreeScanPL_plot600405_tree22.npy,train,7,7,1,0.9314999419812582,0.03230184666889078,0.03619820782541749,0.9999840259552002
Quercus/TreeScanPL_plot600405_tree23.npy,train,9,9,1,0.6452514902439626,0.09216788599638902,0.2625806218233326,0.6491835117340088
Carpinus/TreeScanPL_plot600405_tree24.npy,train,4,4,1,0.671338579433377,0.022647049347406183,0.30601436971044726,0.9988765120506287
Picea/TreeScanPL_plot600405_tree25.npy,train,7,7,1,0.9110747523332265,0.06478507832607155,0.024140166435610243,0.999809205532074
Carpinus/TreeScanPL_plot600405_tree27.npy,train,4,4,1,0.7114462698248062,0.09619714563701351,0.19235658269480913,0.9741050601005554
Picea/TreeScanPL_plot600405_tree28.npy,train,7,7,1,0.9022302807167526,0.05249461376247731,0.045275100038423194,0.9999946355819702
Picea/TreeScanPL_plot2201705_tree1.npy,train,7,7,1,0.8346353490317898,0.03414264902252485,0.13122199803102497,0.9999909400939941
Picea/TreeScanPL_plot2201705_tree2.npy,train,7,7,1,0.7121374448989936,0.03709299263614788,0.250769560236172,0.9998961687088013
Picea/TreeScanPL_plot2201705_tree3.npy,train,7,7,1,0.8926077243800234,0.0678167453673941,0.03957552689055913,0.9999594688415527
Picea/TreeScanPL_plot2201705_tree4.npy,train,7,7,1,0.8146515678573286,0.0393171857937309,0.14603124373263351,0.9997910857200623
Picea/TreeScanPL_plot2201705_tree5.npy,train,7,7,1,0.7098193473252623,0.04363019079983563,0.24655045933372827,0.9998639822006226
Pinus/TreeScanPL_plot2201705_tree6.npy,train,8,8,1,0.7008007074393465,0.27524907498870194,0.023950215543835838,0.9996612071990967
Picea/TreeScanPL_plot2201705_tree7.npy,train,7,7,1,0.6444585222270602,0.0590329306873921,0.2965085445546149,0.9999938011169434
Pinus/TreeScanPL_plot2201705_tree8.npy,train,8,8,1,0.8105059473726061,0.15941091278379727,0.030083138054157188,0.9566656351089478
Picea/TreeScanPL_plot2201705_tree12.npy,train,7,7,1,0.8224932380303489,0.06567208090216373,0.11183467669809863,0.99998939037323
Picea/TreeScanPL_plot2201705_tree13.npy,train,7,7,1,0.9468569962087678,0.04168175283853522,0.01146124724154924,0.9999746084213257
Picea/TreeScanPL_plot2201705_tree14.npy,train,7,7,1,0.9207557761070605,0.037652313948630084,0.04159190657545773,0.9999499320983887
Picea/TreeScanPL_plot2201705_tree15.npy,train,7,7,1,0.7063387609248858,0.03785159455777931,0.25580964180647464,0.9999761581420898
Picea/TreeScanPL_plot2201705_tree16.npy,train,7,7,1,0.6971348743153748,0.061755799805082556,0.24110932380957822,0.9999926090240479
Picea/TreeScanPL_plot2201705_tree18.npy,train,7,7,1,0.8055002308043138,0.05962920232386641,0.13487056496440988,0.9274464845657349
Picea/TreeScanPL_plot2201705_tree19.npy,train,7,7,1,0.8255483863370333,0.06106059043191695,0.11339101989269156,0.9999797344207764
Acer/TreeScanPL_plot3701705_tree1.npy,train,1,1,1,0.7885859823767467,0.13685141758744918,0.07456259838474696,0.9967227578163147
Picea/TreeScanPL_plot3701705_tree3.npy,train,7,7,1,0.856127310642149,0.07594620619007407,0.06792647736661896,0.9999938011169434
Pinus/TreeScanPL_plot3701705_tree4.npy,train,8,8,1,0.8634761857057871,0.12214229178128029,0.014381520430960975,0.9894037246704102
Quercus/TreeScanPL_plot3701705_tree5.npy,train,9,9,1,0.8268258205011064,0.09959700846711904,0.0735771690663893,0.9886287450790405
Pinus/TreeScanPL_plot3701705_tree9.npy,train,8,8,1,0.7413927993217689,0.249379063506734,0.009228133546987696,0.9999778270721436
Picea/TreeScanPL_plot3701705_tree10.npy,train,7,7,1,0.5991806138406378,0.09247846160463541,0.30834092009134395,0.9999897480010986
Pinus/TreeScanPL_plot3701705_tree11.npy,train,8,8,1,0.8153720085176664,0.17030014400288013,0.014327844923939926,0.9993867874145508
Acer/TreeScanPL_plot3701705_tree12.npy,train,1,1,1,0.906498446856368,0.05663005942183813,0.03687149166069971,0.9989857077598572
Picea/TreeScanPL_plot3701705_tree13.npy,train,7,7,1,0.9323748396141692,0.03187479867790508,0.03575035793596833,0.9999502897262573
Pinus/TreeScanPL_plot3701705_tree14.npy,train,8,8,1,0.7261158246637324,0.26091130667996437,0.012972866441030219,0.9998206496238708
Pinus/TreeScanPL_plot3701705_tree16.npy,train,8,8,1,0.8122881719920538,0.18173283935996115,0.005978985950231299,0.9999874830245972
Picea/TreeScanPL_plot3701705_tree17.npy,train,7,7,1,0.8777496948665439,0.050042627279339995,0.07220767503260102,0.9998654127120972
Pinus/TreeScanPL_plot3701705_tree18.npy,train,8,8,1,0.8150736038625804,0.16542085600163742,0.01950553816850887,0.9848666787147522
Acer/TreeScanPL_plot3701705_tree20.npy,train,1,1,1,0.8481729664480272,0.09819535532525125,0.05363167508343478,0.9999356269836426
Acer/TreeScanPL_plot3701705_tree21.npy,train,1,1,1,0.8783811923401209,0.05621606682319188,0.06540273850936013,0.9976801872253418
Picea/TreeScanPL_plot3701705_tree22.npy,train,7,7,1,0.9289949464525948,0.04480665498236673,0.02619839563407992,0.9999505281448364
Acer/TreeScanPL_plot3701705_tree23.npy,train,1,1,1,0.9179390053660841,0.061503853711151704,0.020557138728053998,0.9977363348007202
Pinus/TreeScanPL_plot3701705_tree24.npy,train,8,8,1,0.7528057289929148,0.2297102680060625,0.017484001044337425,0.9995285272598267
Pinus/TreeScanPL_plot3701705_tree26.npy,train,8,8,1,0.8342525136400702,0.16126584494722424,0.0044816392630441645,0.9996082186698914
Picea/TreeScanPL_plot3701705_tree29.npy,train,7,7,1,0.8708080113383658,0.08378064406035708,0.04541133970918964,0.999991774559021
Acer/TreeScanPL_plot3701705_tree30.npy,train,1,1,1,0.8027290112074619,0.09232999843730251,0.1049409877778065,0.998357355594635
Picea/TreeScanPL_plot3701705_tree31.npy,train,7,7,1,0.8779449323421171,0.09197627365519415,0.030078788893630616,0.9999911785125732
Acer/TreeScanPL_plot3701705_tree32.npy,train,1,1,1,0.7409485370819875,0.1616830050300399,0.09736845620641021,0.9996793270111084
Acer/TreeScanPL_plot3701705_tree33.npy,train,1,1,1,0.846813604832634,0.08972450576149554,0.06346188637245165,0.9998910427093506
Picea/TreeScanPL_plot3701705_tree34.npy,train,7,7,1,0.9123935290155859,0.046658132088152414,0.04094833597049334,0.9966799020767212
Picea/TreeScanPL_plot3702205_tree1.npy,train,7,7,1,0.7641130618258242,0.0698387802401983,0.1660481538826397,0.9999912977218628
Picea/TreeScanPL_plot3702205_tree2.npy,train,7,7,1,0.7695913118206765,0.10375634967866915,0.12665233553314936,0.9999271631240845
Pinus/TreeScanPL_plot3702205_tree3.npy,train,8,8,1,0.7413202519111751,0.2515027922739524,0.007176952860117607,0.999715268611908
Picea/TreeScanPL_plot3702205_tree4.npy,train,7,7,1,0.8126757657727278,0.09604457446842651,0.09127965518077281,0.9999889135360718
Picea/TreeScanPL_plot3702205_tree5.npy,train,7,7,1,0.853654917359287,0.0873636690781396,0.05898140712694107,0.9999911785125732
Pinus/TreeScanPL_plot3702205_tree6.npy,train,8,8,1,0.7701319023844247,0.20690326642580428,0.02296482935264159,0.9952476620674133
Picea/TreeScanPL_plot3702205_tree7.npy,train,7,7,1,0.9053724093580241,0.05759139491342927,0.03703619048023265,0.9999874830245972
Pinus/TreeScanPL_plot3702205_tree8.npy,train,8,8,1,0.7875463558677777,0.09078682614058635,0.12166681656030022,0.9880664348602295
Picea/TreeScanPL_plot3702205_tree9.npy,train,7,7,1,0.9114071643014232,0.05814838801628335,0.030444442142237002,0.9999793767929077
Pinus/TreeScanPL_plot3702205_tree10.npy,train,8,8,1,0.7304633190107701,0.24373655484214643,0.0258001239318121,0.9066228866577148
Picea/TreeScanPL_plot3702205_tree11.npy,train,7,7,1,0.8065112061994778,0.04639432004007653,0.14709447012985535,0.9999935626983643
Pinus/TreeScanPL_plot3702205_tree12.npy,train,8,8,1,0.7549058454647827,0.22377209207122917,0.02132206085708762,0.9979434609413147
Picea/TreeScanPL_plot3702205_tree13.npy,train,7,7,1,0.8863994876957831,0.08315048593502768,0.030450020971215623,0.9999945163726807
Picea/TreeScanPL_plot3702205_tree14.npy,train,7,7,1,0.8697857553345064,0.06427257085074978,0.06594166918571898,0.9999616146087646
Betula/TreeScanPL_plot3702205_tree15.npy,train,3,3,1,0.7222052122293625,0.25946471376801067,0.018330071125274256,0.9994391798973083
Pinus/TreeScanPL_plot3702205_tree16.npy,train,8,8,1,0.7400774361694332,0.25130521312882864,0.008617347365379432,0.9999756813049316
Picea/TreeScanPL_plot3702205_tree17.npy,train,7,7,1,0.897082185338509,0.06770513752618978,0.03521267232076164,0.999990701675415
Picea/TreeScanPL_plot3702205_tree19.npy,train,7,7,1,0.6448182586309047,0.0512878426241333,0.30389389611108153,0.9999876022338867
Pinus/TreeScanPL_plot3702205_tree20.npy,train,8,8,1,0.7586324062175815,0.21665587210336681,0.024711718351721753,0.9999544620513916
Picea/TreeScanPL_plot3702205_tree21.npy,train,7,7,1,0.9039062606181945,0.06576912207778365,0.030324611719648464,0.9999959468841553
Pinus/TreeScanPL_plot3702205_tree22.npy,train,8,8,1,0.7743237116087364,0.1573878026581312,0.06828848418145793,0.9038856029510498
Picea/TreeScanPL_plot3702205_tree23.npy,train,7,7,1,0.873690712666116,0.07420733516370635,0.052101946824343034,0.9999959468841553
Pinus/TreeScanPL_plot3702205_tree24.npy,train,8,8,1,0.8144969742367427,0.15918483447133253,0.026318188573623988,0.9995324611663818
Picea/TreeScanPL_plot3702205_tree25.npy,train,7,7,1,0.8786886470898481,0.06517709801771979,0.056134250424716106,0.9999957084655762
Picea/TreeScanPL_plot3702205_tree26.npy,train,7,7,1,0.890455241908805,0.061858855018016454,0.04768589798328534,0.9999921321868896
Picea/TreeScanPL_plot3702205_tree27.npy,train,7,7,1,0.8839079666408842,0.08570177488181044,0.03039025360819555,0.9999936819076538
Pinus/TreeScanPL_plot3702205_tree28.npy,train,8,8,1,0.7314777041289563,0.23861263539616948,0.029909657334587964,0.9999910593032837
Picea/TreeScanPL_plot3702205_tree30.npy,train,7,7,1,0.8988498291236027,0.06163534845673106,0.03951481597810049,0.9999923706054688
Picea/TreeScanPL_plot3702205_tree32.npy,train,7,7,1,0.8526967605266149,0.0833922547750598,0.06391097968642691,0.9999969005584717
Betula/TreeScanPL_plot3702205_tree33.npy,train,3,3,1,0.8239641194493947,0.1666250212436664,0.00941085703652898,0.9903484582901001
Picea/TreeScanPL_plot4001405_tree1.npy,train,7,7,1,0.7499995834313291,0.08981059956998484,0.1601898152349722,0.983223021030426
Pinus/TreeScanPL_plot4001405_tree3.npy,train,8,8,1,0.8330266347076924,0.1450681885947308,0.021905172687024146,0.9999858140945435
Picea/TreeScanPL_plot4001405_tree4.npy,train,7,7,1,0.8868524062515138,0.050160565138493915,0.0629870224612054,0.999995231628418
Picea/TreeScanPL_plot4001405_tree7.npy,train,7,7,1,0.7445662970062558,0.1489567679237345,0.10647693350311864,0.9942757487297058
Picea/TreeScanPL_plot4001405_tree8.npy,train,7,7,1,0.7707542680539413,0.07357825683192183,0.1556674695809112,0.9999964237213135
Picea/TreeScanPL_plot4001405_tree9.npy,train,7,7,1,0.9100409918272019,0.04567523334715748,0.044283769337196355,0.9999969005584717
Pinus/TreeScanPL_plot4001405_tree10.npy,train,8,8,1,0.8454414023479434,0.1379809703069832,0.016577623349791758,0.9999959468841553
Picea/TreeScanPL_plot4001405_tree11.npy,train,7,7,1,0.8892757060983262,0.06156241309260804,0.04916187318931143,0.9999974966049194
Pinus/TreeScanPL_plot4001405_tree14.npy,train,8,8,1,0.7319159175667115,0.2516059799929796,0.016478098386777943,0.9999865293502808
Pinus/TreeScanPL_plot4001405_tree16.npy,train,8,8,1,0.7261177136552831,0.25431733609776275,0.01956494601889229,0.999994158744812
Pinus/TreeScanPL_plot4001405_tree17.npy,train,8,8,1,0.748687747697716,0.2145685013784306,0.03674374615388153,0.9999885559082031
Pinus/TreeScanPL_plot4001405_tree18.npy,train,8,8,1,0.7039304099654525,0.2867127119609589,0.009356875254089384,0.9999704360961914
Picea/TreeScanPL_plot4001405_tree19.npy,train,7,7,1,0.8884647449604977,0.0738068912885772,0.037728358552216616,0.9999978542327881
Pinus/TreeScanPL_plot4001405_tree21.npy,train,8,8,1,0.7671203411500085,0.1527958582322497,0.08008379906610084,0.6503952741622925
Pinus/TreeScanPL_plot4001405_tree22.npy,train,8,8,1,0.7337351577261323,0.2506543150411933,0.015610523417774587,0.9999961853027344
Pinus/TreeScanPL_plot4001405_tree23.npy,train,8,8,1,0.852647561337625,0.1385464936852987,0.00880594244621514,0.9998804330825806
Pinus/TreeScanPL_plot4001405_tree24.npy,train,8,8,1,0.6931038976465784,0.28786032610591333,0.019035773403004063,0.9999594688415527
Pinus/TreeScanPL_plot4001405_tree25.npy,train,8,8,1,0.8314631888961517,0.1482113011586196,0.020325507464606964,0.999815046787262
Pinus/TreeScanPL_plot4001405_tree27.npy,train,8,8,1,0.7516549802872299,0.2274399974458294,0.02090501983574061,0.9987921118736267
Pinus/TreeScanPL_plot4001405_tree28.npy,train,8,8,1,0.8132665676031531,0.16947126099993834,0.01726216761496973,0.9999929666519165
Picea/TreeScanPL_plot4001405_tree29.npy,train,7,7,1,0.6906072895123057,0.03949989166805457,0.26989281582865743,0.9994640946388245
Picea/TreeScanPL_plot4001405_tree30.npy,train,7,7,1,0.8610547384941674,0.04326506044320648,0.09568019634059047,0.9999791383743286
Pinus/TreeScanPL_plot4001405_tree31.npy,train,8,8,1,0.6440027090226085,0.2409370872658058,0.11506020207195661,0.864745557308197
Pinus/TreeScanPL_plot4001405_tree33.npy,train,8,8,1,0.892579616657325,0.07165635127346501,0.0357640305055678,0.9996575117111206
Picea/TreeScanPL_plot4001405_tree34.npy,train,7,7,1,0.9125720660551231,0.04370177912942434,0.04372615059088567,0.9999301433563232
Picea/TreeScanPL_plot4501505_tree1.npy,train,7,7,1,0.744722717988021,0.059954332459454855,0.19532294642586961,0.9999877214431763
Picea/TreeScanPL_plot4501505_tree2.npy,train,7,7,1,0.7089073971035007,0.07520274674345973,0.21588985400419056,0.9958813190460205
Picea/TreeScanPL_plot4501505_tree3.npy,train,7,7,1,0.820681916081686,0.07308289995132193,0.10623517911870345,0.99998939037323
Picea/TreeScanPL_plot4501505_tree4.npy,train,7,7,1,0.8101608199425303,0.10235552562502617,0.08748365260376181,0.9958773851394653
Picea/TreeScanPL_plot4501505_tree5.npy,train,7,7,1,0.8839817880774232,0.0756599808627289,0.04035822358499378,0.9999961853027344
Picea/TreeScanPL_plot4501505_tree6.npy,train,7,7,1,0.9256535528823869,0.054504056825568345,0.019842386510150335,0.9999680519104004
Pinus/TreeScanPL_plot4501505_tree7.npy,train,8,8,1,0.7412532151024108,0.24251582759432752,0.016230955205431188,0.9997803568840027
Picea/TreeScanPL_plot4501505_tree8.npy,train,7,7,1,0.743954743291491,0.0422071482475039,0.21383810595946862,0.9999003410339355
Picea/TreeScanPL_plot4501505_tree9.npy,train,7,7,1,0.6786731356269706,0.12489742444488733,0.19642943652689424,0.9999960660934448
Picea/TreeScanPL_plot4501505_tree10.npy,train,7,7,1,0.8696925628188886,0.05752771726378097,0.07277971488169765,0.9999948740005493
Picea/TreeScanPL_plot4501505_tree11.npy,train,7,7,1,0.7871086858701886,0.08885795033302835,0.12403336214712195,0.9977407455444336
Picea/TreeScanPL_plot4501505_tree12.npy,train,7,7,1,0.9377441713724802,0.03500180072265638,0.02725402387968713,0.9999651908874512
Picea/TreeScanPL_plot4501505_tree13.npy,train,7,7,1,0.9230179396184279,0.05247181021904561,0.024510248143248977,0.9960081577301025
Picea/TreeScanPL_plot4501505_tree14.npy,train,7,7,1,0.7907423211833905,0.022441559245939643,0.18681611520104358,0.9999908208847046
Picea/TreeScanPL_plot4501505_tree15.npy,train,7,7,1,0.8898667708011015,0.08432419911411651,0.025809025289405742,0.9999949932098389
Picea/TreeScanPL_plot4501505_tree16.npy,train,7,7,1,0.9246818379341915,0.052844736806654975,0.02247342056320913,0.9999939203262329
Pinus/TreeScanPL_plot4501505_tree17.npy,train,8,8,1,0.7239450018334337,0.25616441001897,0.019890584767641377,0.9999856948852539
Picea/TreeScanPL_plot4501505_tree19.npy,train,7,7,1,0.8329115067222657,0.0724854493273071,0.09460303822983196,0.9999910593032837
Pinus/TreeScanPL_plot4501505_tree20.npy,train,8,8,1,0.710902013686544,0.20422112298732875,0.08487686184956261,0.8714004755020142
Picea/TreeScanPL_plot4501505_tree22.npy,train,7,7,1,0.7478410302861318,0.056484226033897016,0.19567474088568168,0.9998047947883606
Picea/TreeScanPL_plot4501505_tree24.npy,train,7,7,1,0.6700292142203498,0.0844766183552721,0.2454941654190767,0.9999301433563232
Picea/TreeScanPL_plot4501505_tree25.npy,train,7,7,1,0.922894926377493,0.050443224479257545,0.02666184450360072,0.9999954700469971
Picea/TreeScanPL_plot4501505_tree27.npy,train,7,7,1,0.9075122597719563,0.022389495854410753,0.07009824157347803,0.9999443292617798
Picea/TreeScanPL_plot4501505_tree29.npy,train,7,7,1,0.8258836968394706,0.06598755812667172,0.10812874086180363,0.9999969005584717
Pinus/TreeScanPL_plot4501505_tree30.npy,train,8,8,1,0.8776908814207834,0.09752854552274304,0.024780571014876067,0.999849796295166
Picea/TreeScanPL_plot4501505_tree31.npy,train,7,7,1,0.6843468547325849,0.13878494682001025,0.1768681957091585,0.9999916553497314
Picea/TreeScanPL_plot4501505_tree33.npy,train,7,7,1,0.9515328627698023,0.029125781201961732,0.019341352879677164,0.9998956918716431
Picea/TreeScanPL_plot4501505_tree34.npy,train,7,7,1,0.8812272685008844,0.07181683459715385,0.046955890484306956,0.9999946355819702
Picea/TreeScanPL_plot4501505_tree36.npy,train,7,7,1,0.9030977606273506,0.06406950412842495,0.03283272876728814,0.9999960660934448
Picea/TreeScanPL_plot4501505_tree37.npy,train,7,7,1,0.7707815920009303,0.08293010483160199,0.14628829897394888,0.9999786615371704
Picea/TreeScanPL_plot4501505_tree38.npy,train,7,7,1,0.7019348447309807,0.07857739865822445,0.21948775367794207,0.9999979734420776
Picea/TreeScanPL_plot4501505_tree40.npy,train,7,7,1,0.8796747225401994,0.04794090780288144,0.07238436576434613,0.9999865293502808
Pinus/TreeScanPL_plot4503105_tree1.npy,train,8,8,1,0.7939129602239218,0.1871343113443816,0.01895272523317785,0.9999635219573975
Pinus/TreeScanPL_plot4503105_tree2.npy,train,8,8,1,0.8675248469103956,0.12510194883271913,0.007373201645697267,0.9988044500350952
Pinus/TreeScanPL_plot4503105_tree3.npy,train,8,8,1,0.850150815291336,0.13607327767635682,0.013775904725217964,0.999823272228241
Pinus/TreeScanPL_plot4503105_tree4.npy,train,8,8,1,0.8497236490597716,0.13358978357547457,0.016686565612466668,0.9708623290061951
Pinus/TreeScanPL_plot4503105_tree6.npy,train,8,8,1,0.8011465956034621,0.18254315160300577,0.01631025016656827,0.9998223185539246
Pinus/TreeScanPL_plot4503105_tree7.npy,train,8,8,1,0.8448185858862898,0.1451817354012356,0.00999967611209126,0.9999152421951294
Pinus/TreeScanPL_plot4503105_tree9.npy,train,8,8,1,0.805713182039986,0.18566913343948915,0.008617680864217953,0.999971866607666
Pinus/TreeScanPL_plot4503105_tree10.npy,train,8,8,1,0.8119767510247339,0.17325022266353998,0.014773024412217239,0.999713122844696
Pinus/TreeScanPL_plot4503105_tree12.npy,train,8,8,1,0.8296480698079773,0.1654656725506854,0.004886254909044829,0.9999719858169556
Pinus/TreeScanPL_plot4503105_tree14.npy,train,8,8,1,0.8123626140092082,0.17918605606730414,0.008451326274626,0.9999929666519165
Pinus/TreeScanPL_plot4503105_tree15.npy,train,8,8,1,0.7882491232887741,0.19970655262780404,0.012044320913557581,0.9999873638153076
Quercus/TreeScanPL_plot4503105_tree16.npy,train,9,9,1,0.8653921896466138,0.03429209200497222,0.10031571543027093,0.9992208480834961
Pinus/TreeScanPL_plot4503105_tree17.npy,train,8,8,1,0.8017541259436597,0.1808559689221225,0.017389902884406262,0.999833345413208
Pinus/TreeScanPL_plot4503105_tree19.npy,train,8,8,1,0.8919501307810301,0.09807986105305862,0.00997000550002821,0.9999616146087646
Pinus/TreeScanPL_plot4503105_tree20.npy,train,8,8,1,0.7838663141231432,0.2081595007870401,0.007974181408409317,0.9999932050704956
Pinus/TreeScanPL_plot4503105_tree21.npy,train,8,8,1,0.8497330503236739,0.14455863490393445,0.005708312385969418,0.9998669624328613
Pinus/TreeScanPL_plot4503105_tree22.npy,train,8,8,1,0.8333690679034977,0.15860984085241106,0.008021089195737617,0.9971047043800354
Pinus/TreeScanPL_plot4503105_tree23.npy,train,8,8,1,0.7017052309276159,0.28566460312759534,0.01263016168690446,0.9999897480010986
Pinus/TreeScanPL_plot4503105_tree25.npy,train,8,8,1,0.8643047682133204,0.1157604653283229,0.01993476449981837,0.9995999932289124
Pinus/TreeScanPL_plot4503105_tree27.npy,train,8,8,1,0.9248844487524783,0.0668005825948653,0.00831496582233962,0.9998844861984253
Pinus/TreeScanPL_plot4503105_tree28.npy,train,8,8,1,0.8418039826495407,0.14746983781039277,0.010726176964571791,0.9997557997703552
Pinus/TreeScanPL_plot4503105_tree29.npy,train,8,8,1,0.8251273875436085,0.16377698438114335,0.011095625578729725,0.9993476271629333
Pinus/TreeScanPL_plot4503105_tree30.npy,train,8,8,1,0.8075263459778447,0.17219932400120566,0.020274327334154216,0.999931812286377
Pinus/TreeScanPL_plot4503105_tree32.npy,train,8,8,1,0.7199424251513555,0.26079502836324836,0.01926254149448839,0.9999955892562866
Pinus/TreeScanPL_plot4503105_tree33.npy,train,8,8,1,0.8596645136786875,0.13104706682864253,0.009288416701256639,0.9998062252998352
Pinus/TreeScanPL_plot4503105_tree34.npy,train,8,8,1,0.8067022667889694,0.18424689502035033,0.009050835980314946,0.9998254179954529
Pinus/TreeScanPL_plot4503105_tree35.npy,train,8,8,1,0.7998731667896193,0.19309371953474783,0.007033111153057507,0.9998047947883606
Pinus/TreeScanPL_plot4503105_tree36.npy,train,8,8,1,0.7708488095451658,0.21689481612754313,0.012256370625190296,0.999970555305481
Pinus/TreeScanPL_plot4503105_tree37.npy,train,8,8,1,0.7099749220487211,0.27813331472956027,0.011891760172275823,0.9999967813491821
Pinus/TreeScanPL_plot4503105_tree38.npy,train,8,8,1,0.7928791130435653,0.1833939170544729,0.0237269678203283,0.9762831926345825
Pinus/TreeScanPL_plot4503105_tree39.npy,train,8,8,1,0.8903492770232279,0.09855338109964473,0.011097339771029467,0.9983021020889282
Picea/TreeScanPL_plot4601905_tree1.npy,train,7,7,1,0.6206370699035565,0.052885391813136846,0.3264775364973699,0.9997498393058777
Picea/TreeScanPL_plot4601905_tree2.npy,train,7,7,1,0.8624755597459471,0.04974221425139322,0.0877822211117273,0.999988317489624
Picea/TreeScanPL_plot4601905_tree3.npy,train,7,7,1,0.8518861468337058,0.05721899996387552,0.09089485031810353,0.999578058719635
Picea/TreeScanPL_plot4601905_tree4.npy,train,7,7,1,0.8704156921670736,0.08125048926210532,0.0483338156800864,0.9994202852249146
Picea/TreeScanPL_plot4601905_tree5.npy,train,7,7,1,0.900575172084395,0.04579388277776934,0.05363094279639331,0.9919549822807312
Alnus/TreeScanPL_plot4601905_tree6.npy,train,2,2,1,0.6726582665990011,0.25182051832236985,0.0755212132139911,0.9980719089508057
Picea/TreeScanPL_plot4601905_tree8.npy,train,7,7,1,0.9022297382165038,0.05561517549931288,0.04215508397456868,0.9996206760406494
Picea/TreeScanPL_plot4601905_tree9.npy,train,7,7,1,0.8491984831776831,0.044147663427622635,0.10665384982155156,0.9999244213104248
Picea/TreeScanPL_plot4601905_tree10.npy,train,7,7,1,0.8539911702219452,0.024309575572713647,0.12169925136221116,0.9999340772628784
Alnus/TreeScanPL_plot4601905_tree12.npy,train,2,2,1,0.5438861331851613,0.27987018256481977,0.17624368275319122,0.9995456337928772
Picea/TreeScanPL_plot4601905_tree14.npy,train,7,7,1,0.7277535648438586,0.06507674682382066,0.2071696852554753,0.9999933242797852
Alnus/TreeScanPL_plot4601905_tree15.npy,train,2,2,1,0.5675736979522115,0.3924873848753669,0.03993891573332228,0.9993830919265747
Alnus/TreeScanPL_plot4601905_tree16.npy,train,2,2,1,0.526086509014572,0.38970260566252585,0.0842108835130623,0.9957571625709534
Picea/TreeScanPL_plot4601905_tree17.npy,train,7,7,1,0.8513814784952676,0.04068830495996663,0.10793021367196515,0.9993107318878174
Alnus/TreeScanPL_plot4601905_tree18.npy,train,2,2,1,0.5508277537988404,0.38029225520708393,0.06887998940672344,0.9951417446136475
Picea/TreeScanPL_plot4601905_tree19.npy,train,7,7,1,0.9326249380469455,0.01978093710541376,0.04759412184917374,0.9998520612716675
Alnus/TreeScanPL_plot4601905_tree21.npy,train,2,2,1,0.6801138292830617,0.1930148260792167,0.12687134321605387,0.997768759727478
Picea/TreeScanPL_plot4601905_tree22.npy,train,7,7,1,0.7786179550254811,0.06043029382272572,0.16095174695813413,0.9999933242797852
Picea/TreeScanPL_plot4601905_tree23.npy,train,7,7,1,0.8438316717003934,0.047696381543848684,0.10847194417146576,0.9916257262229919
Picea/TreeScanPL_plot4601905_tree24.npy,train,7,7,1,0.5677933808012601,0.054024377030305895,0.3781822405005906,0.9992227554321289
Alnus/TreeScanPL_plot4601905_tree25.npy,train,2,2,1,0.5445449897869226,0.3529271051734793,0.1025279029572494,0.9934598207473755
Picea/TreeScanPL_plot4601905_tree29.npy,train,7,7,1,0.8029555753634724,0.05974799890700371,0.1372964229250366,0.9986328482627869
Picea/TreeScanPL_plot4601905_tree30.npy,train,7,7,1,0.9287506369844934,0.02293584302985253,0.048313517131478224,0.9996178150177002
Picea/TreeScanPL_plot4602705_tree1.npy,train,7,7,1,0.810989644980543,0.08544502828555711,0.10356532104526464,0.9999966621398926
Pinus/TreeScanPL_plot4602705_tree2.npy,train,8,8,1,0.790027797924343,0.18945391925762103,0.020518280380360573,0.9982860684394836
Picea/TreeScanPL_plot4602705_tree3.npy,train,7,7,1,0.8904801829959609,0.07090692293900752,0.03861288771496637,0.9999945163726807
Picea/TreeScanPL_plot4602705_tree5.npy,train,7,7,1,0.8085839408976195,0.03400827141232852,0.1574077849155632,0.9998537302017212
Picea/TreeScanPL_plot4602705_tree7.npy,train,7,7,1,0.88552831136152,0.07948692249893946,0.03498476190476329,0.9999830722808838
Picea/TreeScanPL_plot4602705_tree8.npy,train,7,7,1,0.8804446721107021,0.06919488116092092,0.05036044216393373,0.9999885559082031
Picea/TreeScanPL_plot4602705_tree9.npy,train,7,7,1,0.857355721230344,0.09124664188407501,0.051397630221791904,0.9999910593032837
Pinus/TreeScanPL_plot4602705_tree10.npy,train,8,8,1,0.8484998118151752,0.10752301570500428,0.04397717040442481,0.9963459372520447
Picea/TreeScanPL_plot4602705_tree11.npy,train,7,7,1,0.7771059632820426,0.06156987221156159,0.16132416130949512,0.999893307685852
Picea/TreeScanPL_plot4602705_tree12.npy,train,7,7,1,0.912993084438853,0.04839068456713828,0.03861622592639796,0.9999816417694092
Pinus/TreeScanPL_plot4602705_tree13.npy,train,8,8,1,0.6634886830286308,0.3116287629682597,0.024882551966302718,0.9802801012992859
Pinus/TreeScanPL_plot4602705_tree14.npy,train,8,8,1,0.747837480112764,0.15078401600908697,0.10137850201458927,0.6385582685470581
Picea/TreeScanPL_plot4602705_tree15.npy,train,7,7,1,0.8603228101749996,0.07158122013833654,0.06809596540512483,0.9999526739120483
Picea/TreeScanPL_plot4602705_tree16.npy,train,7,7,1,0.9446398163727936,0.040742558510571465,0.014617619928089014,0.9999951124191284
Picea/TreeScanPL_plot4602705_tree17.npy,train,7,7,1,0.7995013613244963,0.07977157288623948,0.12072706099181017,0.999982476234436
Pinus/TreeScanPL_plot4602705_tree18.npy,train,8,8,1,0.7204595797541431,0.17117522377755537,0.10836519384390769,0.9987220168113708
Pinus/TreeScanPL_plot4602705_tree19.npy,train,8,8,1,0.8013074407092933,0.1847266471046659,0.013965908913923615,0.9999723434448242
Pinus/TreeScanPL_plot4602705_tree20.npy,train,8,8,1,0.7664311976403262,0.18519131539361225,0.04837748405852316,0.9741937518119812
Picea/TreeScanPL_plot4602705_tree21.npy,train,7,7,1,0.9267434226454333,0.054609901215426034,0.018646670004173232,0.9999963045120239
Picea/TreeScanPL_plot4602705_tree22.npy,train,7,7,1,0.7925323941736204,0.10666078943327345,0.10080681351851518,0.9999836683273315
Pinus/TreeScanPL_plot4602705_tree24.npy,train,8,8,1,0.6221461064152352,0.36213000487535735,0.01572388620805987,0.9979816675186157
Picea/TreeScanPL_plot4701305_tree2.npy,train,7,7,1,0.6846163137812687,0.06599259029179562,0.24939109311123947,0.9995670914649963
Picea/TreeScanPL_plot4701305_tree4.npy,train,7,7,1,0.6955043569626486,0.06287011521950692,0.24162552507799093,0.999963641166687
Picea/TreeScanPL_plot4701305_tree5.npy,train,7,7,1,0.8356729628890597,0.1179214691199207,0.04640556219856402,0.9999909400939941
Picea/TreeScanPL_plot4701305_tree6.npy,train,7,7,1,0.8062131239415988,0.03627701072880889,0.15750986273657314,0.9999327659606934
Picea/TreeScanPL_plot4701305_tree7.npy,train,7,7,1,0.8656385607184555,0.036345472791956324,0.09801596120437568,0.9999878406524658
Picea/TreeScanPL_plot4701305_tree8.npy,train,7,7,1,0.9168031455498589,0.016708988806070982,0.06648786310664245,0.9999133348464966
Picea/TreeScanPL_plot4701305_tree9.npy,train,7,7,1,0.749812946953999,0.044935792335959325,0.20525125728416763,0.9999915361404419
Picea/TreeScanPL_plot4701305_tree10.npy,train,7,7,1,0.748700365057196,0.07719947652569473,0.1741001556612761,0.999890923500061
Picea/TreeScanPL_plot4701305_tree11.npy,train,7,7,1,0.7311814497425531,0.08311796063142285,0.18570058714818455,0.9999362230300903
Pinus/TreeScanPL_plot4701305_tree12.npy,train,8,8,1,0.8168866623387001,0.15705537917941645,0.026057956400074876,0.9990200996398926
Picea/TreeScanPL_plot4701305_tree13.npy,train,7,7,1,0.8515011362833405,0.06152178845079289,0.0869770724360073,0.9995506405830383
Picea/TreeScanPL_plot4701305_tree14.npy,train,7,7,1,0.6124547354931441,0.08353348049878011,0.30401178218730707,0.9997023940086365
Picea/TreeScanPL_plot4701305_tree16.npy,train,7,7,1,0.6555947855583398,0.06692443396455958,0.27748077902700524,0.9794432520866394
Picea/TreeScanPL_plot4701305_tree17.npy,train,7,7,1,0.8918650359392202,0.05280195827776361,0.05533300345830718,0.9997372031211853
Picea/TreeScanPL_plot4701305_tree18.npy,train,7,7,1,0.8623003459500139,0.05043736767812486,0.08726228294990361,0.9999444484710693
Picea/TreeScanPL_plot4701305_tree19.npy,train,7,7,1,0.823177441235191,0.04986173927518407,0.12696081717654292,0.9973719120025635
Picea/TreeScanPL_plot4701305_tree20.npy,train,7,7,1,0.9006435933456716,0.04440442057883805,0.05495198207224823,0.9999731779098511
Picea/TreeScanPL_plot4701305_tree21.npy,train,7,7,1,0.642121416014206,0.08756551177252954,0.27031306957431556,0.9999935626983643
Picea/TreeScanPL_plot4701305_tree22.npy,train,7,7,1,0.9010638072552205,0.057631278277820594,0.04130491060706514,0.9999850988388062
Picea/TreeScanPL_plot4701305_tree25.npy,train,7,7,1,0.6199111187227215,0.08400993947257361,0.29607894006878066,0.9994028806686401
Picea/TreeScanPL_plot4701305_tree26.npy,train,7,7,1,0.8817272762097117,0.025588922630709172,0.09268379820899675,0.9999359846115112
Picea/TreeScanPL_plot5101105_tree1.npy,train,7,7,1,0.875729148233988,0.09023914150461296,0.0340317050301287,0.9999741315841675
Picea/TreeScanPL_plot5101105_tree2.npy,train,7,7,1,0.9072749401192446,0.05585574362551515,0.03686931365679616,0.9981734752655029
Pinus/TreeScanPL_plot5101105_tree3.npy,train,8,8,1,0.8406604624776975,0.09780811060058356,0.061531424455850074,0.983697235584259
Picea/TreeScanPL_plot5101105_tree4.npy,train,7,7,1,0.7122387352459069,0.08030307072907773,0.2074581891560082,0.9999867677688599
Picea/TreeScanPL_plot5101105_tree6.npy,train,7,7,1,0.8664894354522775,0.04643322689339576,0.0870773321644603,0.9999868869781494
Picea/TreeScanPL_plot5101105_tree7.npy,train,7,7,1,0.652470053216311,0.08813011411217092,0.259399829722775,0.9999700784683228
Picea/TreeScanPL_plot5101105_tree8.npy,train,7,7,1,0.88368893325836,0.08341189793537722,0.0328991664313282,0.9999498128890991
Picea/TreeScanPL_plot5101105_tree9.npy,train,7,7,1,0.7923915910296686,0.09759999414955532,0.11000841255484956,0.9998648166656494
Picea/TreeScanPL_plot5101105_tree10.npy,train,7,7,1,0.8512904402920017,0.09870338084845369,0.05000617315362619,0.9999898672103882
Pinus/TreeScanPL_plot5101105_tree11.npy,train,8,8,1,0.725448195095084,0.25852694903338824,0.016024851823751064,0.9999890327453613
Pinus/TreeScanPL_plot5101105_tree12.npy,train,8,8,1,0.789640212726091,0.1968237735038878,0.013536010972165733,0.9999103546142578
Pinus/TreeScanPL_plot5101105_tree13.npy,train,8,8,1,0.6898653605116213,0.2950372656224753,0.015097371414340924,0.9992071986198425
Picea/TreeScanPL_plot5101105_tree14.npy,train,7,7,1,0.9052112349703092,0.05684175129479522,0.03794701141865809,0.9990472197532654
Picea/TreeScanPL_plot5101105_tree15.npy,train,7,7,1,0.7149786017564922,0.09970057517736508,0.1853208196509618,0.9999655485153198
Picea/TreeScanPL_plot5101105_tree16.npy,train,7,7,1,0.8241204138398188,0.0676884123749791,0.10819116844861415,0.9999877214431763
Picea/TreeScanPL_plot5101105_tree17.npy,train,7,7,1,0.823470931676324,0.0813096553893032,0.09521940789704793,0.999994158744812
Pinus/TreeScanPL_plot5101105_tree18.npy,train,8,8,1,0.6782152525509242,0.3074825731509039,0.01430217107321433,0.9998862743377686
Picea/TreeScanPL_plot5101105_tree19.npy,train,7,7,1,0.7183544849813905,0.09317429325699444,0.18847121866864328,0.9999955892562866
Pinus/TreeScanPL_plot5101105_tree21.npy,train,8,8,1,0.7766009379285221,0.19380360269428132,0.029595455773133415,0.9999812841415405
Picea/TreeScanPL_plot5101105_tree22.npy,train,7,7,1,0.8892162500299298,0.09303385295935158,0.01774989280064779,0.9999686479568481
Picea/TreeScanPL_plot5101105_tree23.npy,train,7,7,1,0.8818540870969502,0.07445294254364751,0.04369296452869663,0.9999914169311523
Pinus/TreeScanPL_plot5101105_tree24.npy,train,8,8,1,0.7092022695628339,0.2765269090579364,0.014270818465325378,0.9999914169311523
Pinus/TreeScanPL_plot5101105_tree25.npy,train,8,8,1,0.6392323888890393,0.340544012279623,0.020223594894997574,0.9999754428863525
Pinus/TreeScanPL_plot5101105_tree27.npy,train,8,8,1,0.6388642161174685,0.34198812035516984,0.0191476602925385,0.9998782873153687
Pinus/TreeScanPL_plot5101105_tree30.npy,train,8,8,1,0.6385596551467675,0.3434057581121634,0.018034583749862065,0.9998469352722168
Pinus/TreeScanPL_plot5101105_tree32.npy,train,8,8,1,0.655865179448908,0.3279342549829352,0.01620056271729958,0.9997891783714294
Picea/TreeScanPL_plot5101105_tree33.npy,train,7,7,1,0.8503577580271907,0.10044030852209151,0.049201929786298795,0.9999845027923584
Pinus/TreeScanPL_plot5101105_tree34.npy,train,8,8,1,0.7936158076420804,0.17432911082915883,0.03205507992282545,0.99885094165802
Pinus/TreeScanPL_plot5101105_tree35.npy,train,8,8,1,0.7215422504762808,0.2638585704970865,0.014599175754740722,0.9999521970748901
Picea/TreeScanPL_plot5101105_tree37.npy,train,7,7,1,0.8971862866158381,0.05171818904541854,0.05109552032520142,0.9999792575836182
Betula/TreeScanPL_plot5101105_tree38.npy,train,3,3,1,0.684046422588792,0.22783051949982064,0.08812305578583376,0.9972419738769531
Pinus/TreeScanPL_plot5101105_tree39.npy,train,8,8,1,0.6917367667398951,0.2871444017020654,0.021118827461471836,0.9999948740005493
Pinus/TreeScanPL_plot5601205_tree1.npy,train,8,8,1,0.8194868801920042,0.15485337944018454,0.02565973759979382,0.9999011754989624
Picea/TreeScanPL_plot5601205_tree2.npy,train,7,7,1,0.9284895886455196,0.05025568942672194,0.02125471864138295,0.999862551689148
Picea/TreeScanPL_plot5601205_tree3.npy,train,7,7,1,0.9050308353434049,0.03595108010865304,0.05901808007225537,0.999968409538269
Betula/TreeScanPL_plot5601205_tree4.npy,train,3,3,1,0.7985352554735977,0.11858154053249056,0.08288320210324275,0.9968928098678589
Picea/TreeScanPL_plot5601205_tree5.npy,train,7,7,1,0.8817565922370235,0.021263299962419553,0.09698010563923723,0.9998030066490173
Pinus/TreeScanPL_plot5601205_tree6.npy,train,8,8,1,0.6725077809084178,0.3106721194500366,0.016820095202403698,0.9999948740005493
Betula/TreeScanPL_plot5601205_tree7.npy,train,3,3,1,0.7770406433732386,0.11540805013503538,0.10755130470946643,0.9977467656135559
Picea/TreeScanPL_plot5601205_tree8.npy,train,7,7,1,0.8819846251802735,0.05318350741917634,0.06483186396761882,0.9999773502349854
Pinus/TreeScanPL_plot5601205_tree9.npy,train,8,8,1,0.7002174518470297,0.17599216925589037,0.12379037709415346,0.950647234916687
Pinus/TreeScanPL_plot5601205_tree10.npy,train,8,8,1,0.6594943239728078,0.33199728340525764,0.008508390773019691,0.9960691928863525
Picea/TreeScanPL_plot5601205_tree11.npy,train,7,7,1,0.9329518785464274,0.049542990252355756,0.017505127866980576,0.9999243021011353
Pinus/TreeScanPL_plot5601205_tree12.npy,train,8,8,1,0.8869068462453484,0.09917400612578216,0.013919145449189457,0.9995409250259399
Pinus/TreeScanPL_plot5601205_tree14.npy,train,8,8,1,0.8174654921450133,0.1680218385571386,0.014512667314173626,0.9993981122970581
Picea/TreeScanPL_plot5601205_tree15.npy,train,7,7,1,0.9231522514075342,0.05814523728503638,0.018702505846843038,0.9999961853027344
Picea/TreeScanPL_plot5601205_tree16.npy,train,7,7,1,0.8664756163874501,0.06970092655849118,0.06382345226205122,0.99998939037323
Pinus/TreeScanPL_plot5601205_tree17.npy,train,8,8,1,0.7669480385839517,0.22331537735065018,0.009736581674615994,0.9998210072517395
Pinus/TreeScanPL_plot5601205_tree18.npy,train,8,8,1,0.7043364528547453,0.2691469168333204,0.02651662616907044,0.9999911785125732
Picea/TreeScanPL_plot5601205_tree20.npy,train,7,7,1,0.9168266723473378,0.041326444772329204,0.04184687898773528,0.9999854564666748
Pinus/TreeScanPL_plot5601205_tree21.npy,train,8,8,1,0.7862117962274189,0.18928233510621503,0.02450586648328659,0.9996324777603149
Picea/TreeScanPL_plot5601205_tree23.npy,train,7,7,1,0.8445319115060903,0.07357510485051647,0.08189297713927485,0.9999955892562866
Picea/TreeScanPL_plot5601205_tree24.npy,train,7,7,1,0.8689981190717293,0.03696860466801127,0.09403327460992998,0.9258182048797607
Pinus/TreeScanPL_plot5601205_tree25.npy,train,8,8,1,0.8241682199650416,0.16565536002120979,0.010176417520961907,0.999896764755249
Picea/TreeScanPL_plot5601205_tree26.npy,train,7,7,1,0.8744151518311309,0.08862631520083585,0.03695852795831859,0.9999804496765137
Picea/TreeScanPL_plot5601205_tree27.npy,train,7,7,1,0.9427496819871203,0.04113782329062891,0.016112491033290214,0.999951958656311
Picea/TreeScanPL_plot5801105_tree1.npy,train,7,7,1,0.8734640581243471,0.06590426173342455,0.06063167648251485,0.9999923706054688
Betula/TreeScanPL_plot5801105_tree2.npy,train,3,3,1,0.7616647420660188,0.19558632834766843,0.04274892768769568,0.9995608925819397
Betula/TreeScanPL_plot5801105_tree3.npy,train,3,3,1,0.7655001485248778,0.20414109596286015,0.03035875334866159,0.9989080429077148
Pinus/TreeScanPL_plot5801105_tree4.npy,train,8,8,1,0.7582283339268951,0.23130676137285014,0.010464901835418193,0.9999752044677734
Betula/TreeScanPL_plot5801105_tree5.npy,train,3,3,1,0.7191659397517459,0.24514721310328522,0.035686845359451734,0.9993637204170227
Picea/TreeScanPL_plot5801105_tree6.npy,train,7,7,1,0.8647765677800857,0.0846537210138347,0.050569708772817,0.9997896552085876
Betula/TreeScanPL_plot5801105_tree7.npy,train,3,3,1,0.7385806606298936,0.1881306869055349,0.0732886508990889,0.998103141784668
Picea/TreeScanPL_plot5801105_tree9.npy,train,7,7,1,0.9158589466776895,0.027183816953897065,0.05695723417564903,0.9988251328468323
Picea/TreeScanPL_plot5801105_tree10.npy,train,7,7,1,0.8787407257453351,0.10146779460678015,0.019791476554893817,0.9999537467956543
Pinus/TreeScanPL_plot5801105_tree11.npy,train,8,8,1,0.7701483501980398,0.2202799016667507,0.009571745992550744,0.9995231628417969
Betula/TreeScanPL_plot5801105_tree12.npy,train,3,3,1,0.6014174364266671,0.2926115443694443,0.1059710174883107,0.9806946516036987
Betula/TreeScanPL_plot5801105_tree13.npy,train,3,3,1,0.6644489963683734,0.25152068148206436,0.08403031994456969,0.9909000396728516
Betula/TreeScanPL_plot5801105_tree14.npy,train,3,3,1,0.6666613522544727,0.3178854219615793,0.015453223566628618,0.993765115737915
Betula/TreeScanPL_plot5801105_tree15.npy,train,3,3,1,0.6428884933327639,0.21790249601603612,0.1392090081006261,0.9997245669364929
Betula/TreeScanPL_plot5801105_tree16.npy,train,3,3,1,0.7473730711035351,0.20089096432826897,0.05173596164494525,0.9945906400680542
Betula/TreeScanPL_plot5801105_tree17.npy,train,3,3,1,0.7614680211643161,0.18592131144085616,0.05261066543391729,0.9981896281242371
Betula/TreeScanPL_plot5801105_tree18.npy,train,3,3,1,0.5599552560484296,0.3324396215737446,0.10760512080808171,0.9789718389511108
Picea/TreeScanPL_plot5801105_tree20.npy,train,7,7,1,0.9206713450799389,0.05377003807662816,0.025558613873978876,0.9999712705612183
Betula/TreeScanPL_plot5801105_tree21.npy,train,3,3,1,0.6401917582758122,0.32840306750087833,0.031405171999180324,0.9964932799339294
Picea/TreeScanPL_plot5801105_tree22.npy,train,7,7,1,0.8328150634753436,0.05807081972005318,0.1091141141189932,0.9997630715370178
Betula/TreeScanPL_plot5801105_tree23.npy,train,3,3,1,0.6686239437184359,0.2232117015728096,0.1081643517878753,0.9996404647827148
Pinus/TreeScanPL_plot5801105_tree24.npy,train,8,8,1,0.8052349394622798,0.16025919003854866,0.034505869173515655,0.802344799041748
Betula/TreeScanPL_plot5801105_tree25.npy,train,3,3,1,0.5970103276127343,0.33511255597721445,0.06787711437649654,0.9965165853500366
Picea/TreeScanPL_plot5801105_tree26.npy,train,7,7,1,0.8793123204777414,0.06182335570426378,0.05886432163992301,0.99647057056427
Betula/TreeScanPL_plot5801105_tree28.npy,train,3,3,1,0.6799362744218238,0.226825740868621,0.09323798291631187,0.996469259262085
Betula/TreeScanPL_plot5801105_tree30.npy,train,3,3,1,0.5807025057936183,0.3219285019829713,0.09736899025039351,0.9578589797019958
Betula/TreeScanPL_plot5801105_tree31.npy,train,3,3,1,0.6712268406288501,0.27303465373817165,0.05573850368802567,0.9985111355781555
Pinus/TreeScanPL_plot5801605_tree3.npy,train,8,8,1,0.7044348279893595,0.24939412495922586,0.04617104531681043,0.7175266146659851
Pinus/TreeScanPL_plot5801605_tree5.npy,train,8,8,1,0.81089226220949,0.16986730930907465,0.01924042433266444,0.9999977350234985
Pinus/TreeScanPL_plot5801605_tree6.npy,train,8,8,1,0.7821678640436224,0.20110464721585944,0.0167274855612446,0.9999912977218628
Pinus/TreeScanPL_plot5801605_tree7.npy,train,8,8,1,0.8308224406497408,0.15943666907650395,0.00974088638575832,0.9999921321868896
Pinus/TreeScanPL_plot5801605_tree9.npy,train,8,8,1,0.8260877343574916,0.146414761449914,0.027497500136880345,0.9999927282333374
Pinus/TreeScanPL_plot5801605_tree10.npy,train,8,8,1,0.7304965182678633,0.24932224716816712,0.020181231773779028,0.9999117851257324
Pinus/TreeScanPL_plot5801605_tree11.npy,train,8,8,1,0.7759862144929469,0.20610630183966305,0.017907479924878324,0.9999929666519165
Pinus/TreeScanPL_plot5801605_tree12.npy,train,8,8,1,0.8115363078027696,0.17756222788963996,0.01090146100758262,0.9999759197235107
Pinus/TreeScanPL_plot5801605_tree13.npy,train,8,8,1,0.8268470452822283,0.15701868379463876,0.016134268906499112,0.9998078942298889
Pinus/TreeScanPL_plot5801605_tree14.npy,train,8,8,1,0.7669525427052688,0.20349262896196066,0.029554825681185313,0.9999644756317139
Pinus/TreeScanPL_plot5801605_tree15.npy,train,8,8,1,0.8660940507077678,0.1270669527372807,0.006838993488010421,0.9999803304672241
Pinus/TreeScanPL_plot5801605_tree16.npy,train,8,8,1,0.7307646171296399,0.2615597994013938,0.007675581189460247,0.9999281167984009
Pinus/TreeScanPL_plot5801605_tree20.npy,train,8,8,1,0.8653459704977864,0.09639557088517002,0.03825845676826214,0.9956420660018921
Pinus/TreeScanPL_plot5801605_tree21.npy,train,8,8,1,0.7557791370324667,0.2322701019076548,0.011950757660053357,0.9999920129776001
Pinus/TreeScanPL_plot5801605_tree22.npy,train,8,8,1,0.7855862099737448,0.20266975763578557,0.011744028485667315,0.9999669790267944
Pinus/TreeScanPL_plot5801605_tree23.npy,train,8,8,1,0.7846870570544019,0.1984029543742781,0.016909984407337878,0.9999954700469971
Pinus/TreeScanPL_plot5801605_tree24.npy,train,8,8,1,0.7817093603697408,0.2015315409023458,0.016759096646683555,0.9988340735435486
Pinus/TreeScanPL_plot5801605_tree25.npy,train,8,8,1,0.731302705783934,0.2547814608014287,0.013915830469360391,0.9999663829803467
Pinus/TreeScanPL_plot5801605_tree26.npy,train,8,8,1,0.844542135041152,0.1408542314092464,0.01460363098382242,0.9996020197868347
Pinus/TreeScanPL_plot5801605_tree27.npy,train,8,8,1,0.8525544819417678,0.1293390956448894,0.018106419741847086,0.9999704360961914
Pinus/TreeScanPL_plot5801605_tree28.npy,train,8,8,1,0.8175173360243237,0.17138997306904596,0.011092687281429016,0.9999754428863525
Pinus/TreeScanPL_plot5801605_tree29.npy,train,8,8,1,0.7620210073700482,0.2293651151851868,0.008613874053257637,0.999996542930603
Pinus/TreeScanPL_plot5801605_tree30.npy,train,8,8,1,0.8244143340440064,0.1644540720376869,0.011131590926498432,0.9999690055847168
Pinus/TreeScanPL_plot5801605_tree31.npy,train,8,8,1,0.8843863198708036,0.0699726788337929,0.045640999942173376,0.9994134902954102
Pinus/TreeScanPL_plot5801605_tree32.npy,train,8,8,1,0.7954860434317498,0.19572991103103457,0.008784042492187937,0.9999911785125732
Pinus/TreeScanPL_plot5801605_tree33.npy,train,8,8,1,0.739980372472418,0.24995320515054226,0.010066418286601497,0.9999973773956299
Pinus/TreeScanPL_plot5801605_tree34.npy,train,8,8,1,0.7763550193758846,0.2089953865681542,0.014649591288338662,0.9999463558197021
Pinus/TreeScanPL_plot5801605_tree35.npy,train,8,8,1,0.8243688127852128,0.1653506194818138,0.010280563985341811,0.9999825954437256
Pinus/TreeScanPL_plot5801605_tree36.npy,train,8,8,1,0.753874876732755,0.2304358939891939,0.015689226219644213,0.9999001026153564
Pinus/TreeScanPL_plot5801605_tree37.npy,train,8,8,1,0.7972268264950644,0.17986821552837506,0.02290495431916887,0.9999916553497314
Pinus/TreeScanPL_plot5801605_tree38.npy,train,8,8,1,0.8180701384235374,0.14405684122347281,0.03787301809823546,0.9996849298477173
Pinus/TreeScanPL_plot5801605_tree39.npy,train,8,8,1,0.8491119963205991,0.12351855727330913,0.02736944354396787,0.9998636245727539
Pinus/TreeScanPL_plot5801605_tree40.npy,train,8,8,1,0.8232859895752995,0.16147764668686176,0.015236361067304971,0.9999244213104248
Pinus/TreeScanPL_plot5801605_tree42.npy,train,8,8,1,0.7065614415807118,0.28598626477125966,0.007452291297466307,0.9999103546142578
Pinus/TreeScanPL_plot5801605_tree44.npy,train,8,8,1,0.774822526222926,0.21388302798522574,0.011294441543616765,0.9999955892562866
Pinus/TreeScanPL_plot5801605_tree45.npy,train,8,8,1,0.8122492401614109,0.17031197047590643,0.01743878565208148,0.9999954700469971
Pinus/TreeScanPL_plot5801605_tree47.npy,train,8,8,1,0.8055053916796397,0.17841470419112693,0.01607990039401167,0.999990701675415
Pinus/TreeScanPL_plot5801605_tree49.npy,train,8,8,1,0.8560266021963863,0.12646989939295983,0.01750349484932839,0.9999953508377075
Pinus/TreeScanPL_plot5801605_tree50.npy,train,8,8,1,0.8576586332141866,0.1348808819708346,0.007460482444333621,0.9992954730987549
Pinus/TreeScanPL_plot5801605_tree51.npy,train,8,8,1,0.8333982212115031,0.14577124714157963,0.020830527753022642,0.9999964237213135
Pinus/TreeScanPL_plot5801605_tree52.npy,train,8,8,1,0.779266091299838,0.1861269705858158,0.03460693619017333,0.9999589920043945
Pinus/TreeScanPL_plot5801605_tree54.npy,train,8,8,1,0.7282397933857134,0.25803991418600014,0.013720288239259866,0.9999955892562866
Pinus/TreeScanPL_plot5801605_tree57.npy,train,8,8,1,0.791324237029228,0.17724272264171362,0.031433038047166656,0.9999412298202515
Pinus/TreeScanPL_plot5801605_tree58.npy,train,8,8,1,0.8465340541128574,0.13860561425932413,0.01486032850207822,0.9999735355377197
Pinus/TreeScanPL_plot5801605_tree59.npy,train,8,8,1,0.8866170241074871,0.08992565531862338,0.023457317942776813,0.9999326467514038
Pinus/TreeScanPL_plot5801605_tree61.npy,train,8,8,1,0.7686799326391183,0.21168874101155571,0.019631322951163235,0.999991774559021
Pinus/TreeScanPL_plot5801605_tree62.npy,train,8,8,1,0.7889994574026491,0.19988907291061003,0.011111465960748764,0.9999979734420776
Pinus/TreeScanPL_plot5801605_tree63.npy,train,8,8,1,0.7863175910077788,0.19439049381939094,0.01929191307241192,0.9984122514724731
Pinus/TreeScanPL_plot5801605_tree64.npy,train,8,8,1,0.8263914690738825,0.1315033287338031,0.04210519923194212,0.9999825954437256
Pinus/TreeScanPL_plot5801605_tree65.npy,train,8,8,1,0.7692130226136711,0.20262865113368578,0.02815832433879288,0.9994288086891174
Pinus/TreeScanPL_plot5801605_tree68.npy,train,8,8,1,0.8281290917077342,0.15098515509531588,0.02088574958068636,0.9999938011169434
Pinus/TreeScanPL_plot5801605_tree69.npy,train,8,8,1,0.7745031523360789,0.2156368660672546,0.00985997893962539,0.9999861717224121
Pinus/TreeScanPL_plot5801605_tree71.npy,train,8,8,1,0.8134361109794667,0.17731809742143953,0.009245788991459229,0.9998375177383423
Pinus/TreeScanPL_plot5801605_tree72.npy,train,8,8,1,0.7604529618730257,0.21483530161678635,0.024711733048979407,0.9999932050704956
Pinus/TreeScanPL_plot5801605_tree73.npy,train,8,8,1,0.7302155541171363,0.25232399644486353,0.017460446814285147,0.9999237060546875
Pinus/TreeScanPL_plot6102605_tree2.npy,train,8,8,1,0.8193939403736092,0.17436960469026777,0.0062364520409560024,0.9998989105224609
Pinus/TreeScanPL_plot6102605_tree3.npy,train,8,8,1,0.7729915879755974,0.21631539730408425,0.010693011920741752,0.9999501705169678
Pinus/TreeScanPL_plot6102605_tree4.npy,train,8,8,1,0.7890396060862556,0.1989125912337569,0.01204779929709602,0.999988317489624
Pinus/TreeScanPL_plot6102605_tree5.npy,train,8,8,1,0.7591696105681959,0.22968893792682377,0.011141447648918404,0.9999973773956299
Pinus/TreeScanPL_plot6102605_tree6.npy,train,8,8,1,0.792637446720587,0.19260554683695774,0.014757004623654075,0.9925711750984192
Pinus/TreeScanPL_plot6102605_tree7.npy,train,8,8,1,0.8496294299754298,0.1350825199736421,0.015288048248901563,0.9352702498435974
Pinus/TreeScanPL_plot6102605_tree8.npy,train,8,8,1,0.7967842402857316,0.18870040474618746,0.014515351011619031,0.999995231628418
Pinus/TreeScanPL_plot6102605_tree9.npy,train,8,8,1,0.7279004507676714,0.2582757961042301,0.013823749785833042,0.9999856948852539
Pinus/TreeScanPL_plot6102605_tree10.npy,train,8,8,1,0.7639429632857136,0.21342734338014024,0.022629690656907196,0.9997789263725281
Pinus/TreeScanPL_plot6102605_tree11.npy,train,8,8,1,0.8465838846223773,0.1438813844566328,0.009534727210057511,0.9999926090240479
Pinus/TreeScanPL_plot6102605_tree12.npy,train,8,8,1,0.7309912363133829,0.2563886689599633,0.0126200923933138,0.9999030828475952
Pinus/TreeScanPL_plot6102605_tree13.npy,train,8,8,1,0.7906505259133827,0.1920015277706768,0.017347943985099843,0.9999744892120361
Pinus/TreeScanPL_plot6102605_tree14.npy,train,8,8,1,0.7878956190544728,0.19105246793481082,0.021051910358929317,0.9999603033065796
Pinus/TreeScanPL_plot6102605_tree15.npy,train,8,8,1,0.7947385262023654,0.19601676930336545,0.009244701192875765,0.9999889135360718
Pinus/TreeScanPL_plot6102605_tree16.npy,train,8,8,1,0.7334837923134873,0.24816000513028783,0.01835619994422964,0.9999313354492188
Pinus/TreeScanPL_plot6102605_tree17.npy,train,8,8,1,0.7572748006711081,0.23556575599626703,0.007159441402603342,0.9998347759246826
Pinus/TreeScanPL_plot6102605_tree18.npy,train,8,8,1,0.7965040529947458,0.19519782397943986,0.008298120105427432,0.9999850988388062
Pinus/TreeScanPL_plot6102605_tree20.npy,train,8,8,1,0.787865899494339,0.2000107249651751,0.012123373173009532,0.9999287128448486
Pinus/TreeScanPL_plot6102605_tree21.npy,train,8,8,1,0.7498070900753254,0.24064810073596274,0.009544806890648903,0.9999674558639526
Pinus/TreeScanPL_plot6102605_tree22.npy,train,8,8,1,0.7345877170042739,0.2522148192546195,0.013197460877686158,0.9999426603317261
Pinus/TreeScanPL_plot6102605_tree25.npy,train,8,8,1,0.7919356718106761,0.1722677054569918,0.0357966206759499,0.979112982749939
Pinus/TreeScanPL_plot6102605_tree26.npy,train,8,8,1,0.778461237936557,0.21288683467430483,0.008651924238611271,0.9999817609786987
Pinus/TreeScanPL_plot6102605_tree28.npy,train,8,8,1,0.7819611310817003,0.20403747414888573,0.01400139280958047,0.9998695850372314
Pinus/TreeScanPL_plot6102605_tree29.npy,train,8,8,1,0.8120292112029386,0.17951620763978632,0.00845457936592712,0.9998544454574585
Pinus/TreeScanPL_plot6102605_tree30.npy,train,8,8,1,0.7638631288280967,0.22448029360382052,0.01165657481286211,0.9999786615371704
Pinus/TreeScanPL_plot6102605_tree31.npy,train,8,8,1,0.7309247066252017,0.25670419403110833,0.012371096796389132,0.9999377727508545
Pinus/TreeScanPL_plot6102605_tree33.npy,train,8,8,1,0.8066507796108734,0.17562117990384402,0.01772803808697701,0.999896764755249
Pinus/TreeScanPL_plot6102605_tree34.npy,train,8,8,1,0.8159651322529003,0.16656661527300945,0.01746824800755261,0.9999939203262329
Pinus/TreeScanPL_plot6102605_tree36.npy,train,8,8,1,0.7389307893669806,0.23903382908207926,0.022035379871035807,0.9753888249397278
Pinus/TreeScanPL_plot6102605_tree37.npy,train,8,8,1,0.7632894559049491,0.20201640407366822,0.034694138390492534,0.5939642190933228
Pinus/TreeScanPL_plot6102605_tree38.npy,train,8,8,1,0.8616622022748901,0.11963528636365525,0.018702508068585946,0.9999927282333374
Pinus/TreeScanPL_plot6102605_tree40.npy,train,8,8,1,0.7266032778149394,0.2579146411111844,0.015482079385257757,0.9897602200508118
Pinus/TreeScanPL_plot6102605_tree41.npy,train,8,8,1,0.8566836594775998,0.1348507348574048,0.008465603196284272,0.9998725652694702
Pinus/TreeScanPL_plot6102605_tree42.npy,train,8,8,1,0.7947802080775608,0.1975539124284014,0.00766587777710764,0.9974716901779175
Pinus/TreeScanPL_plot6302005_tree1.npy,train,8,8,1,0.7734592331113234,0.2126918201129612,0.013848945014481091,0.9920938611030579
Pinus/TreeScanPL_plot6302005_tree3.npy,train,8,8,1,0.8034328927156532,0.17944645258538924,0.0171206528937087,0.9993278980255127
Pinus/TreeScanPL_plot6302005_tree4.npy,train,8,8,1,0.7655241487627789,0.21162678182367717,0.022849067065344914,0.9998956918716431
Pinus/TreeScanPL_plot6302005_tree5.npy,train,8,8,1,0.778408522823323,0.2126737366527154,0.008917738909990666,0.9853572249412537
Pinus/TreeScanPL_plot6302005_tree8.npy,train,8,8,1,0.7261552013863896,0.25062575039895413,0.023219044364166774,0.9999946355819702
Pinus/TreeScanPL_plot6302005_tree9.npy,train,8,8,1,0.7571038558381021,0.22541132159731225,0.017484819802713988,0.9999041557312012
Pinus/TreeScanPL_plot6302005_tree10.npy,train,8,8,1,0.7724530050422733,0.21415977151439897,0.013387219850039432,0.9999761581420898
Pinus/TreeScanPL_plot6302005_tree11.npy,train,8,8,1,0.7560558361148089,0.21652112669995902,0.027423035016761542,0.9995759129524231
Pinus/TreeScanPL_plot6302005_tree12.npy,train,8,8,1,0.796456566135844,0.18906234329512958,0.014481088380890133,0.9998218417167664
Pinus/TreeScanPL_plot6302005_tree13.npy,train,8,8,1,0.7973068570986537,0.19210683112227397,0.010586308273375518,0.9999914169311523
Pinus/TreeScanPL_plot6302005_tree14.npy,train,8,8,1,0.7028833706753039,0.27963929586860414,0.017477331025262565,0.9999570846557617
Pinus/TreeScanPL_plot6302005_tree15.npy,train,8,8,1,0.7420923165502894,0.2460328594621638,0.011874821848558533,0.9984723925590515
Pinus/TreeScanPL_plot6302005_tree16.npy,train,8,8,1,0.7425067794598259,0.24926332137827764,0.008229896850905624,0.9999469518661499
Pinus/TreeScanPL_plot6302005_tree17.npy,train,8,8,1,0.7522644979577008,0.23364361315771603,0.01409188547340488,0.9999936819076538
Pinus/TreeScanPL_plot6302005_tree18.npy,train,8,8,1,0.8612774924577696,0.1263400572703756,0.012382448331249768,0.997944176197052
Pinus/TreeScanPL_plot6302005_tree19.npy,train,8,8,1,0.7704607336196292,0.22093842423734417,0.008600839299433734,0.9999474287033081
Pinus/TreeScanPL_plot6302005_tree20.npy,train,8,8,1,0.6847151191079527,0.29072637874830354,0.024558499139903024,0.9999858140945435
Pinus/TreeScanPL_plot6302005_tree22.npy,train,8,8,1,0.8375632993308703,0.15112366026959617,0.011313038018874897,0.9997897744178772
Pinus/TreeScanPL_plot6302005_tree25.npy,train,8,8,1,0.7565433395823649,0.22662474335090477,0.01683191501380085,0.9990869760513306
Pinus/TreeScanPL_plot6302005_tree28.npy,train,8,8,1,0.7635675787477407,0.21188118192316807,0.02455123702882031,0.9998205304145813
Pinus/TreeScanPL_plot2406101_tree1.npy,train,8,8,1,0.7260938314410471,0.2277438074020297,0.04616235853976771,0.9998514652252197
Pinus/TreeScanPL_plot2406101_tree2.npy,train,8,8,1,0.7737558834203306,0.1622140156216866,0.06403009632535843,0.9999803304672241
Pinus/TreeScanPL_plot2406101_tree3.npy,train,8,8,1,0.7533078021266318,0.14217897366818388,0.10451322016760564,0.9999984502792358
Pinus/TreeScanPL_plot2406101_tree4.npy,train,8,8,1,0.706334809906278,0.1722908147060897,0.12137437268209696,0.9999866485595703
Pinus/TreeScanPL_plot2406101_tree5.npy,train,8,8,1,0.6970018222907312,0.21418583305002245,0.08881233968061013,0.9999984502792358
Pinus/TreeScanPL_plot2406101_tree6.npy,train,8,8,1,0.670879596525361,0.28161336476400584,0.047507033740002653,0.9999983310699463
Pinus/TreeScanPL_plot2406101_tree7.npy,train,8,8,1,0.7566751481372544,0.17776022726656024,0.06556462093488379,0.9999901056289673
Pinus/TreeScanPL_plot2406101_tree8.npy,train,8,8,1,0.7290468781902881,0.2165569567593669,0.054396161024160575,0.9999772310256958
Pinus/TreeScanPL_plot2406101_tree9.npy,train,8,8,1,0.6025006108167535,0.3516959327858099,0.045803453252627975,0.9999717473983765
Pinus/TreeScanPL_plot2406101_tree11.npy,train,8,8,1,0.7498355165853845,0.20290536304113221,0.04725911672455103,0.9999737739562988
Pinus/TreeScanPL_plot2406101_tree12.npy,train,8,8,1,0.7069355600448309,0.24192675116096107,0.051137684297714654,0.9999959468841553
Pinus/TreeScanPL_plot2406101_tree13.npy,train,8,8,1,0.6685030647698674,0.2361075781543931,0.0953893529695871,0.9999951124191284
Pinus/TreeScanPL_plot2406101_tree14.npy,train,8,8,1,0.6822852257029659,0.2756940025299597,0.04202076632327718,0.9999978542327881
Pinus/TreeScanPL_plot2406101_tree15.npy,train,8,8,1,0.7795537190163827,0.15247978791477315,0.06796648975444569,0.9999877214431763
Pinus/TreeScanPL_plot2406101_tree16.npy,train,8,8,1,0.7616204582951388,0.17761859872233837,0.060760939444561964,0.9996685981750488
Pinus/TreeScanPL_plot2406101_tree17.npy,train,8,8,1,0.7342192086645154,0.2147464108685316,0.05103437855469774,0.9989867806434631
Pinus/TreeScanPL_plot2406101_tree18.npy,train,8,8,1,0.7310579170250646,0.16847365714055987,0.10046842147530502,0.9999948740005493
Pinus/TreeScanPL_plot2406101_tree19.npy,train,8,8,1,0.7233766142901316,0.21235645904744796,0.06426692207173362,0.9999935626983643
Pinus/TreeScanPL_plot2406101_tree20.npy,train,8,8,1,0.6440732145856266,0.2711243915966853,0.08480238915120482,0.9999977350234985
Pinus/TreeScanPL_plot2406101_tree21.npy,train,8,8,1,0.7073335876956046,0.21112384540835852,0.08154256235655352,0.9999978542327881
Pinus/TreeScanPL_plot2406101_tree22.npy,train,8,8,1,0.7236473895344705,0.17257209420799877,0.10378051285050137,0.999996542930603
Pinus/TreeScanPL_plot2406101_tree23.npy,train,8,8,1,0.7048662340311573,0.2265041694380719,0.0686295919643171,0.9999902248382568
Pinus/TreeScanPL_plot2406101_tree24.npy,train,8,8,1,0.6774455084383391,0.2659142878489459,0.05664020065212588,0.9997603297233582
Pinus/TreeScanPL_plot2406101_tree25.npy,train,8,8,1,0.745582913942332,0.19057783133768247,0.0638392509561231,0.9999946355819702
Pinus/TreeScanPL_plot2406101_tree26.npy,train,8,8,1,0.6446291999778826,0.3017587178761773,0.05361207717270518,0.9999964237213135
Pinus/TreeScanPL_plot2406101_tree27.npy,train,8,8,1,0.7629759836915169,0.1690807118529565,0.06794329868998145,0.9999986886978149
Pinus/TreeScanPL_plot2406101_tree29.npy,train,8,8,1,0.7082938582174589,0.21764345467369936,0.07406268317398858,0.9999836683273315
Pinus/TreeScanPL_plot2506201_tree1.npy,train,8,8,1,0.6540084665393998,0.24343275075606732,0.10255877907870117,0.9999924898147583
Pinus/TreeScanPL_plot2506201_tree2.npy,train,8,8,1,0.685957869247119,0.2420989991457478,0.07194312654559888,0.9999904632568359
Pinus/TreeScanPL_plot2506201_tree3.npy,train,8,8,1,0.6698381195481129,0.2634608460326852,0.0667010306628567,0.9999898672103882
Pinus/TreeScanPL_plot2506201_tree4.npy,train,8,8,1,0.6278028589364627,0.25494547859276234,0.11725165897252436,0.9999935626983643
Pinus/TreeScanPL_plot2506201_tree5.npy,train,8,8,1,0.7803484473474622,0.15759225838780627,0.062059289034389446,0.9999988079071045
Pinus/TreeScanPL_plot2506201_tree6.npy,train,8,8,1,0.6835903977402455,0.23188115071910492,0.08452844754392459,0.9999935626983643
Pinus/TreeScanPL_plot2506201_tree7.npy,train,8,8,1,0.6346699969495034,0.28754886918852846,0.07778112959617454,0.9999895095825195
Pinus/TreeScanPL_plot2506201_tree8.npy,train,8,8,1,0.5701568615090072,0.3295363541587945,0.10030677909497444,0.9999969005584717
Pinus/TreeScanPL_plot2506201_tree9.npy,train,8,8,1,0.6861934546775856,0.2069872367894674,0.10681930434387231,0.9999983310699463
Pinus/TreeScanPL_plot2506201_tree10.npy,train,8,8,1,0.7467268707824912,0.18425578541518503,0.06901733898385631,0.9999985694885254
Pinus/TreeScanPL_plot2506201_tree11.npy,train,8,8,1,0.7100831991899458,0.20019453781002958,0.08972225900961465,0.999969482421875
Pinus/TreeScanPL_plot2506201_tree14.npy,train,8,8,1,0.6029801942049269,0.2737870588817832,0.1232327404014471,0.9999995231628418
Pinus/TreeScanPL_plot2506201_tree15.npy,train,8,8,1,0.6880494337069076,0.2600069726060434,0.051943590158014634,0.9999390840530396
Pinus/TreeScanPL_plot2506201_tree16.npy,train,8,8,1,0.6581844808141036,0.24624577680105264,0.09556973775294111,0.9999977350234985
Pinus/TreeScanPL_plot2506201_tree20.npy,train,8,8,1,0.6662194511207934,0.22456036221939155,0.10922018131143713,0.9999973773956299
Pinus/TreeScanPL_plot2506201_tree21.npy,train,8,8,1,0.6767028516652152,0.2515869802466309,0.07171016355400783,0.9999984502792358
Pinus/TreeScanPL_plot2506201_tree22.npy,train,8,8,1,0.6558295587724366,0.22050693107783867,0.12366350524573821,0.9999985694885254
Pinus/TreeScanPL_plot2506201_tree23.npy,train,8,8,1,0.609511673024141,0.3391066690736247,0.051381653163891754,0.9999974966049194
Pinus/TreeScanPL_plot2506201_tree24.npy,train,8,8,1,0.7091923454262046,0.19354923022445614,0.09725841877388999,0.999998927116394
Pinus/TreeScanPL_plot2506201_tree25.npy,train,8,8,1,0.7347396326302801,0.1972891651136435,0.06797119701136857,0.9999943971633911
Pinus/TreeScanPL_plot2506201_tree26.npy,train,8,8,1,0.7368551233645552,0.19333410703877088,0.06981076570920038,0.9999860525131226
Pinus/TreeScanPL_plot2506201_tree28.npy,train,8,8,1,0.653024138363619,0.2513012569736954,0.0956745985890814,0.999998927116394
Pinus/TreeScanPL_plot2506201_tree29.npy,train,8,8,1,0.7008602824850032,0.20257899822635184,0.09656071592482689,0.9999837875366211
Pinus/TreeScanPL_plot2506201_tree30.npy,train,8,8,1,0.6623027107091539,0.21694363140697068,0.12075365169505674,0.9999994039535522
Pinus/TreeScanPL_plot2506201_tree32.npy,train,8,8,1,0.7462993482713464,0.15230266921518779,0.10139797849120703,0.9999979734420776
Pinus/TreeScanPL_plot2604401_tree1.npy,train,8,8,1,0.690351183270249,0.2633636415739768,0.0462851715791407,0.9999423027038574
Pinus/TreeScanPL_plot2604401_tree2.npy,train,8,8,1,0.6383566853737491,0.29741266440571923,0.06423064832046824,0.9967106580734253
Pinus/TreeScanPL_plot2604401_tree3.npy,train,8,8,1,0.6061795004221636,0.3532199352917746,0.0406005605818666,0.9999754428863525
Pinus/TreeScanPL_plot2604401_tree4.npy,train,8,8,1,0.6397883924953012,0.3095018611659581,0.05070974223381046,0.9999412298202515
Pinus/TreeScanPL_plot2604401_tree5.npy,train,8,8,1,0.7482218715320773,0.20268771434116312,0.0490904094368548,0.9999967813491821
Pinus/TreeScanPL_plot2604401_tree6.npy,train,8,8,1,0.6312658047713567,0.3311326760132452,0.037601514192702176,0.9999988079071045
Pinus/TreeScanPL_plot2604401_tree7.npy,train,8,8,1,0.625104141337553,0.2794621627159546,0.09543369058047857,0.9999984502792358
Pinus/TreeScanPL_plot2604401_tree8.npy,train,8,8,1,0.6864441300514571,0.2552175036501687,0.05833836253677542,0.9999862909317017
Pinus/TreeScanPL_plot2604401_tree9.npy,train,8,8,1,0.6265804817781211,0.306407710554214,0.06701180205473782,0.9999983310699463
Pinus/TreeScanPL_plot2604401_tree10.npy,train,8,8,1,0.645956876305969,0.23445526864142197,0.11958785228024968,0.999955415725708
Pinus/TreeScanPL_plot2604401_tree11.npy,train,8,8,1,0.6373135180281237,0.30990530247020975,0.05278117542902963,0.9999942779541016
Pinus/TreeScanPL_plot2604401_tree13.npy,train,8,8,1,0.6449808952933848,0.2841227917362658,0.0708963080725809,0.9999933242797852
Pinus/TreeScanPL_plot2604401_tree14.npy,train,8,8,1,0.6902716639152452,0.2776860085556859,0.032042324743744396,0.999984622001648
Pinus/TreeScanPL_plot2604401_tree15.npy,train,8,8,1,0.6805916405698927,0.27625232742834255,0.04315602924082521,0.999213695526123
Pinus/TreeScanPL_plot2604401_tree16.npy,train,8,8,1,0.7023996310565004,0.23263338927453553,0.06496697522001302,0.9999797344207764
Pinus/TreeScanPL_plot2604401_tree18.npy,train,8,8,1,0.6554819521966503,0.30243631111520713,0.042081734328302575,0.9987616539001465
Pinus/TreeScanPL_plot2604401_tree19.npy,train,8,8,1,0.6066892893875218,0.3211796172267675,0.07213108752883804,0.9999983310699463
Pinus/TreeScanPL_plot2604401_tree20.npy,train,8,8,1,0.652128645192801,0.3035438935521617,0.044327456459855655,0.9999910593032837
Pinus/TreeScanPL_plot2604401_tree21.npy,train,8,8,1,0.7396712336657165,0.21027677494682628,0.050051987320399595,0.9999947547912598
Pinus/TreeScanPL_plot2606301_tree1.npy,train,8,8,1,0.6763987786245506,0.2708778750185804,0.05272334305253704,0.9999703168869019
Pinus/TreeScanPL_plot2606301_tree2.npy,train,8,8,1,0.650506907811558,0.3027048796134635,0.0467882085933521,0.9998160004615784
Pinus/TreeScanPL_plot2606301_tree4.npy,train,8,8,1,0.7573369259456054,0.21245591193374927,0.030207159890440198,0.9970268607139587
Pinus/TreeScanPL_plot2606301_tree6.npy,train,8,8,1,0.6875726812278141,0.26014557158042667,0.052281742369989975,0.9999966621398926
Pinus/TreeScanPL_plot2606301_tree7.npy,train,8,8,1,0.6602929241734558,0.28937290328205784,0.05033416874844918,0.9999817609786987
Fagus/TreeScanPL_plot2606301_tree10.npy,train,5,5,1,0.7204305952205047,0.09065838356987128,0.18891101989692652,0.9813357591629028
Pinus/TreeScanPL_plot2606301_tree11.npy,train,8,8,1,0.7037630026919445,0.2537836013273661,0.042453392836232555,0.998992383480072
Pinus/TreeScanPL_plot2606301_tree16.npy,train,8,8,1,0.8202559582013178,0.14123396075841604,0.038510078978278565,0.9936197400093079
Pinus/TreeScanPL_plot2606301_tree17.npy,train,8,8,1,0.7271925100046945,0.24884212868907282,0.023965357928807274,0.9999369382858276
Pinus/TreeScanPL_plot2606301_tree18.npy,train,8,8,1,0.7723378299923886,0.16883680897699255,0.05882535719700241,0.9999887943267822
Pinus/TreeScanPL_plot2606301_tree19.npy,train,8,8,1,0.6555259383701523,0.2904214771437184,0.054052581191493115,0.9997910857200623
Pinus/TreeScanPL_plot2606301_tree20.npy,train,8,8,1,0.7683423016579419,0.19819298177440173,0.03346471404690474,0.999457061290741
Pinus/TreeScanPL_plot2606301_tree21.npy,train,8,8,1,0.72256463922262,0.22247001383075934,0.0549653446349902,0.9991899132728577
Pinus/TreeScanPL_plot2705901_tree1.npy,train,8,8,1,0.6574383243634291,0.28187562913867786,0.06068604306320331,0.9999856948852539
Pinus/TreeScanPL_plot2705901_tree3.npy,train,8,8,1,0.6815837046524049,0.2425649172636266,0.07585137313945262,0.9999946355819702
Pinus/TreeScanPL_plot2705901_tree4.npy,train,8,8,1,0.7317092835937767,0.22870784847838774,0.0395828644805526,0.9999841451644897
Pinus/TreeScanPL_plot2705901_tree5.npy,train,8,8,1,0.6870519138539889,0.22985476001826735,0.0830933228329848,0.9999688863754272
Pinus/TreeScanPL_plot2705901_tree6.npy,train,8,8,1,0.5284399963429764,0.3660067464140157,0.10555325081288117,0.999998927116394
Pinus/TreeScanPL_plot2705901_tree7.npy,train,8,8,1,0.6042088065936837,0.31461753536433734,0.08117365342476425,0.9999984502792358
Pinus/TreeScanPL_plot2705901_tree8.npy,train,8,8,1,0.6144964013879787,0.271179373600545,0.11432421999495031,0.9999980926513672
Pinus/TreeScanPL_plot2705901_tree10.npy,train,8,8,1,0.6285826876059464,0.27903368629387293,0.09238362098257741,0.9999971389770508
Pinus/TreeScanPL_plot2705901_tree12.npy,train,8,8,1,0.7223349258738951,0.20534757831363765,0.07231749183506396,0.9999927282333374
Pinus/TreeScanPL_plot2705901_tree13.npy,train,8,8,1,0.7039551073181508,0.20363014420443398,0.09241474269653031,0.9999974966049194
Pinus/TreeScanPL_plot2705901_tree15.npy,train,8,8,1,0.7807198751660818,0.157580873327365,0.061699248226472166,0.9999912977218628
Pinus/TreeScanPL_plot2705901_tree16.npy,train,8,8,1,0.7080904379053278,0.23122481644342377,0.06068474288486879,0.9998098015785217
Pinus/TreeScanPL_plot2705901_tree18.npy,train,8,8,1,0.6560766011686389,0.29906956372718174,0.04485383074565837,0.9999889135360718
Pinus/TreeScanPL_plot2705901_tree19.npy,train,8,8,1,0.6175863401515284,0.3288082223916133,0.05360543203235458,0.9999909400939941
Pinus/TreeScanPL_plot2705901_tree20.npy,train,8,8,1,0.6463628689406282,0.2900980881073405,0.06353903708603181,0.9999985694885254
Pinus/TreeScanPL_plot2705901_tree21.npy,train,8,8,1,0.6367550444121385,0.2815843369081996,0.08166061385334257,0.9999971389770508
Pinus/TreeScanPL_plot2705901_tree22.npy,train,8,8,1,0.6516852609910844,0.264404406956317,0.08391032778910996,0.9999921321868896
Pinus/TreeScanPL_plot2705901_tree24.npy,train,8,8,1,0.5891489133231016,0.3466657796331002,0.06418530084767288,0.9999992847442627
Pinus/TreeScanPL_plot2705901_tree25.npy,train,8,8,1,0.6935951272009477,0.2572895679750906,0.04911529913887358,0.9999985694885254
Pinus/TreeScanPL_plot2705901_tree26.npy,train,8,8,1,0.6151155348368937,0.29429333537855956,0.09059112448158832,0.9999982118606567
Pinus/TreeScanPL_plot2705901_tree27.npy,train,8,8,1,0.7653133280178084,0.14650406701261734,0.08818260260597655,0.9993647933006287
Pinus/TreeScanPL_plot2804101_tree1.npy,train,8,8,1,0.7947922171837692,0.13090220511510392,0.07430557368940727,0.9999982118606567
Pinus/TreeScanPL_plot2804101_tree2.npy,train,8,8,1,0.7720975621293437,0.12825741999320805,0.09964501462093348,0.9999966621398926
Pinus/TreeScanPL_plot2804101_tree4.npy,train,8,8,1,0.7436788020208156,0.1834684287410496,0.07285276574079953,0.9999947547912598
Pinus/TreeScanPL_plot2804101_tree5.npy,train,8,8,1,0.7547783024017484,0.18068995862398074,0.06453173385851708,0.9999992847442627
Pinus/TreeScanPL_plot2804101_tree6.npy,train,8,8,1,0.7368587184574037,0.15754988430642866,0.10559139291546076,0.9999980926513672
Pinus/TreeScanPL_plot2804101_tree7.npy,train,8,8,1,0.716197333175446,0.22956870801906643,0.0542339551645271,0.9999984502792358
Pinus/TreeScanPL_plot2804101_tree9.npy,train,8,8,1,0.800657026525954,0.12849248246069805,0.07085048666843373,0.999998927116394
Pinus/TreeScanPL_plot2804101_tree10.npy,train,8,8,1,0.7637981661869699,0.13563342878861617,0.10056840101761844,0.9999979734420776
Pinus/TreeScanPL_plot2804101_tree12.npy,train,8,8,1,0.8267481080018493,0.08356702005185289,0.08968486928847812,0.9999969005584717
Pinus/TreeScanPL_plot2804101_tree13.npy,train,8,8,1,0.7485810829207183,0.15883784011961594,0.09258107389347069,0.9999818801879883
Pinus/TreeScanPL_plot2804101_tree14.npy,train,8,8,1,0.8045186169226713,0.1006142807668314,0.09486709886420609,0.9999977350234985
Pinus/TreeScanPL_plot2804101_tree15.npy,train,8,8,1,0.7196272757624981,0.1784230856456173,0.10194963405215726,0.9999966621398926
Pinus/TreeScanPL_plot2804101_tree16.npy,train,8,8,1,0.7564357692193028,0.19695121668392646,0.04661301141743364,0.9999953508377075
Pinus/TreeScanPL_plot2804101_tree18.npy,train,8,8,1,0.674740265157071,0.20913297803336295,0.11612675400638836,0.9999819993972778
Pinus/TreeScanPL_plot2804101_tree19.npy,train,8,8,1,0.7180138164037281,0.18123963235428037,0.10074654871518764,0.9999312162399292
Pinus/TreeScanPL_plot2804101_tree21.npy,train,8,8,1,0.7827641563842159,0.11264999383503022,0.10458584639982106,0.9999977350234985
Pinus/TreeScanPL_plot2804101_tree22.npy,train,8,8,1,0.7104102432535048,0.1607479296238409,0.12884182529057833,0.9997277855873108
Pinus/TreeScanPL_plot2804101_tree23.npy,train,8,8,1,0.7216017728425586,0.08037811700972386,0.1980201080636193,0.999890923500061
Pinus/TreeScanPL_plot2804101_tree25.npy,train,8,8,1,0.7989868730864006,0.08844130581548165,0.11257181821230952,0.9999972581863403
Pinus/TreeScanPL_plot2804101_tree26.npy,train,8,8,1,0.7498135181030302,0.12886173055873215,0.12132474853849101,0.9999932050704956
Pinus/TreeScanPL_plot2804101_tree27.npy,train,8,8,1,0.7626896286953523,0.16922863777060512,0.0680817295869228,0.999994158744812
Pinus/TreeScanPL_plot2804101_tree28.npy,train,8,8,1,0.49961891990842683,0.3840883117186553,0.11629276668454423,0.9966626763343811
Pinus/TreeScanPL_plot2804101_tree29.npy,train,8,8,1,0.7051885544101922,0.19725537367098864,0.09755606975406081,0.9999223947525024
Pinus/TreeScanPL_plot2804101_tree30.npy,train,8,8,1,0.6892701056053125,0.23541072372363478,0.0753191676457797,0.9999790191650391
Pinus/TreeScanPL_plot2804101_tree31.npy,train,8,8,1,0.7274327763789363,0.1672603200110357,0.10530690087590021,0.999987006187439
Pinus/TreeScanPL_plot2804101_tree32.npy,train,8,8,1,0.701124940550239,0.21775196257184407,0.08112309495224715,0.9996639490127563
Pinus/TreeScanPL_plot2804101_tree33.npy,train,8,8,1,0.7374629679933223,0.18908581608065114,0.07345121236762645,0.9999966621398926
Pinus/TreeScanPL_plot2804101_tree34.npy,train,8,8,1,0.7755688391552317,0.13949423725380475,0.08493692090229257,0.9999550580978394
Pinus/TreeScanPL_plot2804101_tree35.npy,train,8,8,1,0.7265535549696541,0.1725613398222445,0.10088510166917908,0.9999959468841553
Pinus/TreeScanPL_plot2804101_tree37.npy,train,8,8,1,0.7711830102828545,0.13947524270109887,0.08934174327671553,0.9999892711639404
Pinus/TreeScanPL_plot2804101_tree39.npy,train,8,8,1,0.7304493196080537,0.2077823698369465,0.06176830604649074,0.9999983310699463
Pinus/TreeScanPL_plot2804101_tree40.npy,train,8,8,1,0.7314858963056212,0.21966852343352009,0.04884557830772662,0.9975268244743347
Pinus/TreeScanPL_plot2804101_tree41.npy,train,8,8,1,0.7969904750523022,0.08599995912603668,0.11700956206191207,0.9999980926513672
Pinus/TreeScanPL_plot2804101_tree42.npy,train,8,8,1,0.6972489746046614,0.2270249113473491,0.07572610725046026,0.9999997615814209
Pinus/TreeScanPL_plot2804101_tree43.npy,train,8,8,1,0.7386299832847031,0.1637186896240152,0.09765132492238779,0.9998936653137207
Pinus/TreeScanPL_plot2804101_tree44.npy,train,8,8,1,0.7318119239994443,0.11490099464044953,0.15328707882853737,0.9999673366546631
Pinus/TreeScanPL_plot2804101_tree45.npy,train,8,8,1,0.7195209011178211,0.20265551240435772,0.07782358146754569,0.9999979734420776
Pinus/TreeScanPL_plot2804101_tree46.npy,train,8,8,1,0.6844692169534082,0.22690540781742125,0.08862537060576425,0.9999980926513672
Pinus/TreeScanPL_plot2804101_tree47.npy,train,8,8,1,0.6168504393290158,0.29166590997929603,0.09148364864570499,0.9990389347076416
Pinus/TreeScanPL_plot2804101_tree48.npy,train,8,8,1,0.745862801835464,0.1351725275268254,0.11896466720841449,0.9999954700469971
Pinus/TreeScanPL_plot2804101_tree49.npy,train,8,8,1,0.7693384031686837,0.11081097523145327,0.11985061924167444,0.9999477863311768
Pinus/TreeScanPL_plot2804101_tree51.npy,train,8,8,1,0.683143643608151,0.22784428488015368,0.08901206712068087,0.9999990463256836
Pinus/TreeScanPL_plot2804101_tree52.npy,train,8,8,1,0.7378717380735443,0.17809058908346723,0.08403766852885806,0.9999990463256836
Pinus/TreeScanPL_plot2804101_tree56.npy,train,8,8,1,0.7041514705796471,0.25364022931222063,0.042208298234447814,0.999367892742157
Pinus/TreeScanPL_plot2804101_tree57.npy,train,8,8,1,0.6980954295377827,0.24434129196276944,0.0575632751407597,0.999981164932251
Pinus/TreeScanPL_plot2804101_tree59.npy,train,8,8,1,0.6835273733641979,0.22972370165757505,0.08674892287288437,0.9995361566543579
Pinus/TreeScanPL_plot2804101_tree61.npy,train,8,8,1,0.7614954823484261,0.16806565386786732,0.0704388596248209,0.999998927116394
Pinus/TreeScanPL_plot2804101_tree62.npy,train,8,8,1,0.7399187850442055,0.19876835113179267,0.06131286132418566,0.9999891519546509
Pinus/TreeScanPL_plot2804101_tree63.npy,train,8,8,1,0.6927952068399053,0.23090415164335878,0.0763006389580433,0.9999047517776489
Pinus/TreeScanPL_plot2804101_tree65.npy,train,8,8,1,0.727368852876688,0.1785449402651523,0.09408620327452989,0.9999980926513672
Pinus/TreeScanPL_plot2804101_tree66.npy,train,8,8,1,0.7827162881431152,0.08916560646837818,0.12811810334226809,0.999904990196228
Pinus/TreeScanPL_plot2804101_tree67.npy,train,8,8,1,0.7646127953408526,0.12646545669819892,0.10892174449786808,0.9999948740005493
Pinus/TreeScanPL_plot2804101_tree68.npy,train,8,8,1,0.8026869282023567,0.12204214904702013,0.0752709187855367,0.9999970197677612
Pinus/TreeScanPL_plot2804101_tree69.npy,train,8,8,1,0.7231337505767842,0.20148614231829395,0.07538010372483092,0.9999949932098389
Pinus/TreeScanPL_plot2804101_tree70.npy,train,8,8,1,0.780343260701672,0.10884602796824046,0.11081070745671112,0.9999986886978149
Pinus/TreeScanPL_plot2804101_tree71.npy,train,8,8,1,0.708035004043806,0.18531115941666135,0.10665383408723392,0.9999836683273315
Pinus/TreeScanPL_plot2804101_tree74.npy,train,8,8,1,0.7295812621058998,0.20538687798778263,0.06503185587198534,0.9999967813491821
Pinus/TreeScanPL_plot2804101_tree75.npy,train,8,8,1,0.7381788069499324,0.20403549331533977,0.05778569752200686,0.9997792840003967
Pinus/TreeScanPL_plot2804101_tree76.npy,train,8,8,1,0.8326091256611963,0.08997709276043993,0.07741377864005015,0.9999978542327881
Pinus/TreeScanPL_plot2804101_tree79.npy,train,8,8,1,0.749423372653653,0.16441563507069804,0.08616098933374274,0.9999780654907227
Pinus/TreeScanPL_plot2804101_tree80.npy,train,8,8,1,0.7793769898229568,0.12246037628299401,0.0981626310343231,0.9999979734420776
Pinus/TreeScanPL_plot2804101_tree81.npy,train,8,8,1,0.7862459736444161,0.12651372494918225,0.087240296968551,0.9999992847442627
Pinus/TreeScanPL_plot2804101_tree82.npy,train,8,8,1,0.7808245413493559,0.15157132207472576,0.06760413355062289,0.9999909400939941
Pinus/TreeScanPL_plot2804101_tree83.npy,train,8,8,1,0.6805206647235864,0.2388274156047663,0.08065191669964919,0.9999879598617554
Pinus/TreeScanPL_plot2804101_tree84.npy,train,8,8,1,0.6955343063538674,0.21092081611922353,0.0935448744625353,0.9999945163726807
Pinus/TreeScanPL_plot2804101_tree85.npy,train,8,8,1,0.7225291334621208,0.20611866089638137,0.07135220233409895,0.9999960660934448
Pinus/TreeScanPL_plot2804101_tree86.npy,train,8,8,1,0.7406662537424751,0.14867879197989584,0.11065495132332735,0.9999923706054688
Pinus/TreeScanPL_plot2804101_tree87.npy,train,8,8,1,0.7653478585295304,0.1256998702901636,0.1089522666878361,0.9999991655349731
Pinus/TreeScanPL_plot2804101_tree88.npy,train,8,8,1,0.7324632960339211,0.2070929216430613,0.06044377760501483,0.9999969005584717
Pinus/TreeScanPL_plot2804101_tree89.npy,train,8,8,1,0.7825146737494929,0.1372035847833156,0.0802817388188235,0.999988317489624
Pinus/TreeScanPL_plot2805201_tree1.npy,train,8,8,1,0.7149995307718601,0.22170402228201022,0.06329644251848017,0.9999985694885254
Pinus/TreeScanPL_plot2805201_tree2.npy,train,8,8,1,0.7036039907128151,0.22969472258364929,0.06670128222698572,0.9999990463256836
Pinus/TreeScanPL_plot2805201_tree3.npy,train,8,8,1,0.6353618701873832,0.2972832989853045,0.06735482518780354,0.9999991655349731
Pinus/TreeScanPL_plot2805201_tree4.npy,train,8,8,1,0.7785615781317334,0.1159917985385395,0.10544662034361081,0.9999983310699463
Pinus/TreeScanPL_plot2805201_tree5.npy,train,8,8,1,0.7071947981180713,0.22366618705554553,0.06913901161265552,0.9999819993972778
Pinus/TreeScanPL_plot2805201_tree6.npy,train,8,8,1,0.6101519753994914,0.33327332773272816,0.056574691658702145,0.999998927116394
Pinus/TreeScanPL_plot2805201_tree7.npy,train,8,8,1,0.6563088312458494,0.2596961768715799,0.08399498718922695,0.9999990463256836
Pinus/TreeScanPL_plot2805201_tree8.npy,train,8,8,1,0.7346533422524529,0.19559178015413617,0.06975487386704628,0.9999903440475464
Pinus/TreeScanPL_plot2805201_tree9.npy,train,8,8,1,0.7497856678379797,0.19372782798617363,0.056486501465337645,0.9999337196350098
Pinus/TreeScanPL_plot2805201_tree10.npy,train,8,8,1,0.6778363521618024,0.2591990215676945,0.06296461982326446,0.9999991655349731
Pinus/TreeScanPL_plot2805201_tree11.npy,train,8,8,1,0.7361763268299196,0.17578495409699393,0.08803871715343864,0.9993966817855835
Pinus/TreeScanPL_plot2805201_tree12.npy,train,8,8,1,0.762829662108758,0.14889696363532076,0.08827336918607076,0.9999992847442627
Pinus/TreeScanPL_plot2805201_tree13.npy,train,8,8,1,0.6551544749820186,0.209397401345412,0.13544812211047202,0.9955224990844727
Pinus/TreeScanPL_plot2805201_tree14.npy,train,8,8,1,0.7364367394586034,0.17708043223078712,0.08648282407778463,0.9999988079071045
Pinus/TreeScanPL_plot2805201_tree15.npy,train,8,8,1,0.7974971139907726,0.130304280270911,0.0721986028024858,0.9999866485595703
Pinus/TreeScanPL_plot2805201_tree16.npy,train,8,8,1,0.7298142230504319,0.199157493986493,0.07102827810771051,0.9999992847442627
Pinus/TreeScanPL_plot2805201_tree17.npy,train,8,8,1,0.6895261403387132,0.23276336467485897,0.07771049097419362,0.9999973773956299
Pinus/TreeScanPL_plot2805201_tree18.npy,train,8,8,1,0.7517964019641072,0.1641298128188241,0.08407378029355304,0.999998927116394
Pinus/TreeScanPL_plot2805201_tree19.npy,train,8,8,1,0.6919887655374222,0.23450379940688726,0.07350743084131332,0.9999986886978149
Pinus/TreeScanPL_plot2805201_tree20.npy,train,8,8,1,0.6709852676889765,0.23528967829186204,0.09372504978829109,0.9999983310699463
Pinus/TreeScanPL_plot2805201_tree22.npy,train,8,8,1,0.7619314174128391,0.164343373600197,0.07372520584072448,0.999984622001648
Pinus/TreeScanPL_plot2805201_tree23.npy,train,8,8,1,0.6168398373188776,0.3166262661391723,0.06653389077354727,0.9999995231628418
Pinus/TreeScanPL_plot2805201_tree24.npy,train,8,8,1,0.755724398414834,0.1526025270938091,0.09167307079259301,0.9999964237213135
Pinus/TreeScanPL_plot2805201_tree26.npy,train,8,8,1,0.7423694795078487,0.17055881484986965,0.08707170258871191,0.99998939037323
Pinus/TreeScanPL_plot2805201_tree27.npy,train,8,8,1,0.7190509817639954,0.21611660760030227,0.06483240744171939,0.999990701675415
Pinus/TreeScanPL_plot2805201_tree28.npy,train,8,8,1,0.6586503981125625,0.27779833340667237,0.06355126261882868,0.9999990463256836
Pinus/TreeScanPL_plot2805201_tree29.npy,train,8,8,1,0.756003784739853,0.14933582954254168,0.09466038156109607,0.9999980926513672
Pinus/TreeScanPL_plot2805201_tree30.npy,train,8,8,1,0.6665083704163693,0.27036510763650456,0.06312651727101731,0.9999994039535522
Pinus/TreeScanPL_plot2805201_tree31.npy,train,8,8,1,0.7139078439847056,0.20140382140419066,0.08468833270137535,0.9998348951339722
Pinus/TreeScanPL_plot2805201_tree32.npy,train,8,8,1,0.7703284898165046,0.1468828651259398,0.08278863996130248,0.9999995231628418
Pinus/TreeScanPL_plot2805201_tree33.npy,train,8,8,1,0.6670860020623609,0.2564122817738682,0.07650171131716392,0.999998927116394
Pinus/TreeScanPL_plot2805201_tree34.npy,train,8,8,1,0.7481993147207416,0.18174131294963478,0.07005937042099976,0.9980015158653259
Pinus/TreeScanPL_plot2805201_tree35.npy,train,8,8,1,0.7402375570121508,0.19629309541941753,0.0634693460039368,0.9916957020759583
Pinus/TreeScanPL_plot2805201_tree38.npy,train,8,8,1,0.8156476091491704,0.11630122993530062,0.06805115666760947,0.9999970197677612
Pinus/TreeScanPL_plot2805201_tree39.npy,train,8,8,1,0.7521918447955378,0.19303331172286775,0.05477483949822969,0.9999983310699463
Pinus/TreeScanPL_plot2805201_tree41.npy,train,8,8,1,0.682766749902602,0.2484128913994462,0.06882035658913793,0.9980065226554871
Pinus/TreeScanPL_plot2805201_tree43.npy,train,8,8,1,0.720484532220607,0.22793249861050938,0.05158296504227252,0.9999889135360718
Pinus/TreeScanPL_plot2805201_tree45.npy,train,8,8,1,0.7937491239973666,0.12460996234640008,0.08164090942752761,0.9999969005584717
Pinus/TreeScanPL_plot2805201_tree47.npy,train,8,8,1,0.6273937925947705,0.3151769429330458,0.05742926243665058,0.9998700618743896
Pinus/TreeScanPL_plot2805201_tree48.npy,train,8,8,1,0.6453745090920944,0.3063858445027384,0.04823964129906037,0.9999985694885254
Pinus/TreeScanPL_plot2805201_tree49.npy,train,8,8,1,0.6684846525911513,0.23927053457261738,0.09224480572300064,0.9999996423721313
Larix/TreeScanPL_plot2806501_tree4.npy,train,6,6,1,0.7928083444602662,0.028936666781981008,0.17825498663278724,0.999968409538269
Pinus/TreeScanPL_plot2806501_tree5.npy,train,8,8,1,0.7805887433611371,0.15239511891477933,0.06701613453916158,0.9999395608901978
Pinus/TreeScanPL_plot2806501_tree6.npy,train,8,8,1,0.7426717095948343,0.19768067254904756,0.05964761405739642,0.9999750852584839
Pinus/TreeScanPL_plot2806501_tree7.npy,train,8,8,1,0.6922446507768001,0.2444957603971931,0.06325958422039503,0.9999954700469971
Betula/TreeScanPL_plot2806501_tree9.npy,train,3,3,1,0.8415529728741409,0.06207989449443723,0.09636713088472673,0.9797855019569397
Pinus/TreeScanPL_plot2806501_tree10.npy,train,8,8,1,0.769174630925314,0.19352949845460007,0.037295867695359995,0.9999485015869141
Pinus/TreeScanPL_plot2806501_tree11.npy,train,8,8,1,0.7261590224762724,0.2130038151536608,0.060837160440278454,0.9947578310966492
Pinus/TreeScanPL_plot2806501_tree12.npy,train,8,8,1,0.7036578226574866,0.23004525679921164,0.06629691628986854,0.9999885559082031
Pinus/TreeScanPL_plot2806501_tree13.npy,train,8,8,1,0.7313499855794537,0.18668695170407007,0.08196305966037103,0.9999711513519287
Pinus/TreeScanPL_plot2806501_tree14.npy,train,8,8,1,0.7347402534260461,0.2270387836121769,0.038220959864436306,0.999736487865448
Pinus/TreeScanPL_plot2806501_tree15.npy,train,8,8,1,0.7258422597469729,0.21122700209881823,0.06293073438734825,0.9999698400497437
Pinus/TreeScanPL_plot2806501_tree16.npy,train,8,8,1,0.7663508393952214,0.19596886068989403,0.03768029567360393,0.999990701675415
Pinus/TreeScanPL_plot2806501_tree18.npy,train,8,8,1,0.7080584426456569,0.18792308012278666,0.10401847437393577,0.9999411106109619
Pinus/TreeScanPL_plot2806501_tree19.npy,train,8,8,1,0.8200091157592935,0.14450702439298127,0.03548385629602529,0.9999793767929077
Larix/TreeScanPL_plot2806501_tree20.npy,train,6,6,1,0.7920116801187513,0.02592851875232212,0.1820597994541777,0.9999356269836426
Pinus/TreeScanPL_plot2806501_tree21.npy,train,8,8,1,0.7787209034676812,0.18223751829789894,0.039041574758367226,0.9999333620071411
Betula/TreeScanPL_plot2806501_tree22.npy,train,3,3,1,0.844701959913577,0.07330240365779257,0.081995633816296,0.9984912872314453
Pinus/TreeScanPL_plot2806501_tree23.npy,train,8,8,1,0.7804470457247776,0.18388143438596227,0.03567151618604207,0.9999910593032837
Larix/TreeScanPL_plot2806501_tree24.npy,train,6,6,1,0.6390587564119402,0.02134871742112227,0.33959252393737216,0.9999111890792847
Pinus/TreeScanPL_plot2806501_tree25.npy,train,8,8,1,0.7905014034076666,0.1518687846766523,0.05762980879900593,0.9999229907989502
Pinus/TreeScanPL_plot2806501_tree27.npy,train,8,8,1,0.7655742697841633,0.18032018680526132,0.054105540203847495,0.9997779726982117
Pinus/TreeScanPL_plot2806501_tree28.npy,train,8,8,1,0.7858616089578881,0.19124993848455024,0.02288844896961855,0.9999910593032837
Betula/TreeScanPL_plot2806501_tree29.npy,train,3,3,1,0.8004825056075116,0.09959338221490585,0.09992411070170666,0.9730361700057983
Pinus/TreeScanPL_plot2806501_tree31.npy,train,8,8,1,0.7526822777517054,0.21303816078242938,0.034279558065673676,0.9998998641967773
Larix/TreeScanPL_plot2806501_tree32.npy,train,6,6,1,0.7112353755551754,0.03463682081536124,0.25412780192016143,0.9998193383216858
Pinus/TreeScanPL_plot2806501_tree33.npy,train,8,8,1,0.8051442905295466,0.14267298203275217,0.052182724210055834,0.9999563694000244
Pinus/TreeScanPL_plot2905401_tree1.npy,train,8,8,1,0.7391573152705834,0.1817172706670034,0.07912540856357794,0.9999984502792358
Pinus/TreeScanPL_plot2905401_tree5.npy,train,8,8,1,0.7462203148977815,0.1800525758387928,0.07372710462682451,0.999997615814209
Pinus/TreeScanPL_plot2905401_tree6.npy,train,8,8,1,0.7602611722324639,0.13229380985041694,0.10744501265662824,0.9999991655349731
Pinus/TreeScanPL_plot2905401_tree7.npy,train,8,8,1,0.6230698247109265,0.32925408795441097,0.04767608276142958,0.9999911785125732
Pinus/TreeScanPL_plot2905401_tree9.npy,train,8,8,1,0.7060211671139933,0.23327545093692517,0.060703376992421815,0.999998927116394
Pinus/TreeScanPL_plot2905401_tree10.npy,train,8,8,1,0.6707447074255536,0.21865236787938208,0.11060292072812407,0.9999967813491821
Pinus/TreeScanPL_plot2905401_tree11.npy,train,8,8,1,0.7882091225451563,0.15626470054499123,0.05552617371114809,0.9999885559082031
Pinus/TreeScanPL_plot2905401_tree12.npy,train,8,8,1,0.7735505393103205,0.13573414986352808,0.09071530727279392,0.9999954700469971
Pinus/TreeScanPL_plot2905401_tree13.npy,train,8,8,1,0.6444649649955115,0.2801105868624821,0.07542444172905376,0.999998927116394
Pinus/TreeScanPL_plot2905401_tree15.npy,train,8,8,1,0.6907183062097324,0.22321671536620302,0.0860649741693554,0.9999970197677612
Pinus/TreeScanPL_plot2905401_tree16.npy,train,8,8,1,0.7401105230179154,0.16227599328877848,0.09761347912170114,0.9999994039535522
Pinus/TreeScanPL_plot2905401_tree17.npy,train,8,8,1,0.6988060815147163,0.23456413832094156,0.06662977491942706,0.9999990463256836
Pinus/TreeScanPL_plot2905401_tree18.npy,train,8,8,1,0.652791465346864,0.28040068589358996,0.06680784265462412,0.9999991655349731
Pinus/TreeScanPL_plot2905401_tree19.npy,train,8,8,1,0.7130940952997656,0.20114759111878788,0.0857583089180199,0.9999955892562866
Pinus/TreeScanPL_plot2905401_tree20.npy,train,8,8,1,0.6721207112004272,0.2421107793881047,0.0857685038289646,0.9999995231628418
Pinus/TreeScanPL_plot2905401_tree21.npy,train,8,8,1,0.6543282250312611,0.2454767410537918,0.10019502720654158,0.9999991655349731
Pinus/TreeScanPL_plot2905401_tree22.npy,train,8,8,1,0.6695324592398504,0.23993418891209106,0.09053334740048992,0.9999977350234985
Pinus/TreeScanPL_plot2905401_tree23.npy,train,8,8,1,0.6564793699607187,0.24839489279281832,0.09512573293611663,0.9999986886978149
Pinus/TreeScanPL_plot2905401_tree24.npy,train,8,8,1,0.6556465844646153,0.2643718058992401,0.07998160464437505,0.9999992847442627
Pinus/TreeScanPL_plot2905401_tree25.npy,train,8,8,1,0.7588363514475164,0.19512246041214987,0.046041183760257474,0.9999988079071045
Pinus/TreeScanPL_plot2905401_tree26.npy,train,8,8,1,0.7371970984471474,0.18437460509855597,0.07842829310016754,0.9999960660934448
Pinus/TreeScanPL_plot2905401_tree27.npy,train,8,8,1,0.6756192781318644,0.25136700296367964,0.0730137158765297,0.9999942779541016
Pinus/TreeScanPL_plot2905401_tree28.npy,train,8,8,1,0.7889272248021445,0.12070642158058983,0.09036634817376411,0.9999996423721313
Pinus/TreeScanPL_plot2905401_tree29.npy,train,8,8,1,0.6379238364852108,0.287550260064297,0.07452589956216768,0.9999946355819702
Pinus/TreeScanPL_plot2905401_tree30.npy,train,8,8,1,0.6586681801667541,0.2828742418423562,0.058457574305332764,0.9999862909317017
Pinus/TreeScanPL_plot2905401_tree31.npy,train,8,8,1,0.7283107853194397,0.2057581103100108,0.06593110116852316,0.9999792575836182
Pinus/TreeScanPL_plot2905401_tree32.npy,train,8,8,1,0.6151978319337181,0.25580374007831097,0.1289984214389865,0.9999997615814209
Pinus/TreeScanPL_plot2905401_tree33.npy,train,8,8,1,0.7006739485776473,0.20286358670747554,0.0964624604448262,0.9999984502792358
Pinus/TreeScanPL_plot2905401_tree35.npy,train,8,8,1,0.732398657816139,0.19048612341637658,0.07711521311142708,0.999998927116394
Pinus/TreeScanPL_plot2905401_tree36.npy,train,8,8,1,0.7415997743454107,0.17243860525823634,0.08596161565800359,0.9999979734420776
Pinus/TreeScanPL_plot2905401_tree37.npy,train,8,8,1,0.6680189747236313,0.2473221656359904,0.08465885476738247,0.9999977350234985
Pinus/TreeScanPL_plot2905401_tree38.npy,train,8,8,1,0.6413577023729558,0.2739654500367354,0.08467684079939682,0.9999991655349731
Pinus/TreeScanPL_plot2905401_tree39.npy,train,8,8,1,0.7734661680233152,0.1597410981686616,0.0667927289845874,0.999998927116394
Pinus/TreeScanPL_plot2905401_tree40.npy,train,8,8,1,0.7217764480950751,0.2114270307381174,0.06679651937555509,0.9970025420188904
Pinus/TreeScanPL_plot2905401_tree41.npy,train,8,8,1,0.684207764693502,0.2619009458259416,0.053891285488076354,0.9999971389770508
Pinus/TreeScanPL_plot2905401_tree42.npy,train,8,8,1,0.7703942709999195,0.15710549088237127,0.07250023520128303,0.9999784231185913
Pinus/TreeScanPL_plot2905401_tree43.npy,train,8,8,1,0.6535706917687282,0.2397551966651591,0.10667410676066705,0.9999967813491821
Pinus/TreeScanPL_plot2905401_tree44.npy,train,8,8,1,0.6656288778720719,0.2806238610912776,0.0537472557980223,0.9999985694885254
Pinus/TreeScanPL_plot2906401_tree1.npy,train,8,8,1,0.6592831451349613,0.27985719218968635,0.06085965956071594,0.9999681711196899
Pinus/TreeScanPL_plot2906401_tree2.npy,train,8,8,1,0.6968303729723808,0.27399332176889485,0.029176303354348766,0.9999285936355591
Pinus/TreeScanPL_plot2906401_tree4.npy,train,8,8,1,0.6695067964777,0.26847309228008437,0.062020105160913185,0.9999992847442627
Pinus/TreeScanPL_plot2906401_tree6.npy,train,8,8,1,0.7427816957209867,0.19707890529664568,0.06013939550038751,0.9999958276748657
Pinus/TreeScanPL_plot2906401_tree7.npy,train,8,8,1,0.7446087411382969,0.14977722546803732,0.10561402889606264,0.9999984502792358
Pinus/TreeScanPL_plot2906401_tree8.npy,train,8,8,1,0.6992311977439815,0.24323119274456995,0.05753760594976414,0.9999940395355225
Pinus/TreeScanPL_plot2906401_tree9.npy,train,8,8,1,0.6391318818604257,0.2788025966302802,0.08206551670357651,0.9999974966049194
Pinus/TreeScanPL_plot2906401_tree10.npy,train,8,8,1,0.7443915796483072,0.17433383963140014,0.08127457648360753,0.9999897480010986
Pinus/TreeScanPL_plot2906401_tree12.npy,train,8,8,1,0.7082242781547189,0.21601008841321612,0.0757656287587165,0.9999934434890747
Pinus/TreeScanPL_plot2906401_tree14.npy,train,8,8,1,0.7298135775816289,0.17507129342681135,0.09511512302935446,0.9999992847442627
Pinus/TreeScanPL_plot2906401_tree15.npy,train,8,8,1,0.7744180514105528,0.14431538114335282,0.08126656247442583,0.9999985694885254
Pinus/TreeScanPL_plot2906401_tree16.npy,train,8,8,1,0.7540548352734722,0.18701800673089256,0.05892715315810577,0.9999991655349731
Pinus/TreeScanPL_plot2906401_tree17.npy,train,8,8,1,0.7025275918971333,0.21329336416137282,0.08417903843364093,0.9999982118606567
Pinus/TreeScanPL_plot2906401_tree18.npy,train,8,8,1,0.7281244768091947,0.19833133296102248,0.07354418662039398,0.9999939203262329
Pinus/TreeScanPL_plot2906401_tree20.npy,train,8,8,1,0.6757839640483263,0.2656162360943274,0.058599796471460866,0.9999767541885376
Pinus/TreeScanPL_plot2906401_tree25.npy,train,8,8,1,0.6720031458131649,0.25198077419270787,0.07601607584697681,0.9999918937683105
Pinus/TreeScanPL_plot2906401_tree26.npy,train,8,8,1,0.7939903231595504,0.1517769212328385,0.054232752320590764,0.9999945163726807
Pinus/TreeScanPL_plot2906401_tree27.npy,train,8,8,1,0.6262399772017399,0.3099710135070367,0.0637890057554829,0.999941349029541
Pinus/TreeScanPL_plot2906401_tree28.npy,train,8,8,1,0.7169849311736358,0.22228657006481986,0.060728494922160904,0.9999966621398926
Pinus/TreeScanPL_plot2906401_tree29.npy,train,8,8,1,0.6851541017968544,0.2473591636066454,0.06748673208455351,0.9998526573181152
Pinus/TreeScanPL_plot2906401_tree30.npy,train,8,8,1,0.6499502838310585,0.28984027683874436,0.06020943677213859,0.9998925924301147
Pinus/TreeScanPL_plot2906401_tree32.npy,train,8,8,1,0.6704937143681808,0.2604989376148635,0.06900734232354741,0.9999990463256836
Pinus/TreeScanPL_plot2906401_tree33.npy,train,8,8,1,0.6856356420112434,0.2531911275154243,0.06117322534924968,0.9999964237213135
Pinus/TreeScanPL_plot2906401_tree34.npy,train,8,8,1,0.6894184998414042,0.24839261605910276,0.062188880822543056,0.9999585151672363
Pinus/TreeScanPL_plot2906401_tree35.npy,train,8,8,1,0.7517186540563773,0.19389788034094801,0.054383460861421026,0.9999958276748657
Betula/TreeScanPL_plot3103901_tree2.npy,train,3,3,1,0.873014183789117,0.07932637053798468,0.047659442610491376,0.9999077320098877
Betula/TreeScanPL_plot3103901_tree3.npy,train,3,3,1,0.8952300637098378,0.0449622092898336,0.05980772385796903,0.9999077320098877
Alnus/TreeScanPL_plot3103901_tree4.npy,train,2,2,1,0.6975612645175412,0.20160866810281322,0.10083006519051335,0.9992582201957703
Alnus/TreeScanPL_plot3103901_tree5.npy,train,2,2,1,0.6908021688763524,0.12421075598512726,0.18498707334309417,0.9641290307044983
Alnus/TreeScanPL_plot3103901_tree6.npy,train,2,2,1,0.5587281475325082,0.3428235439656138,0.09844830551520703,0.9999815225601196
Betula/TreeScanPL_plot3103901_tree8.npy,train,3,3,1,0.8579106997523873,0.060738953176163506,0.08135034478131589,0.9990807771682739
Betula/TreeScanPL_plot3103901_tree9.npy,train,3,3,1,0.8033070111023906,0.017308144616129607,0.17938484279678285,0.9983339905738831
Alnus/TreeScanPL_plot3103901_tree11.npy,train,2,2,1,0.6711306736437174,0.21308158104460648,0.11578774341315155,0.9999276399612427
Alnus/TreeScanPL_plot3103901_tree12.npy,train,2,2,1,0.7450072782253061,0.15770617412403667,0.09728654514612732,0.9994433522224426
Betula/TreeScanPL_plot3103901_tree13.npy,train,3,3,1,0.8732695178003974,0.06581185151658464,0.0609186269448188,0.9999890327453613
Betula/TreeScanPL_plot3103901_tree16.npy,train,3,3,1,0.8565354245861343,0.061088143950802365,0.08237642951977375,0.9995811581611633
Alnus/TreeScanPL_plot3103901_tree17.npy,train,2,2,1,0.7637943570775644,0.16472119177389546,0.07148444883773193,0.9995008707046509
Larix/TreeScanPL_plot3103901_tree19.npy,train,6,6,1,0.6747539977618668,0.05505386873904667,0.27019213122379093,0.9854852557182312
Alnus/TreeScanPL_plot3103901_tree20.npy,train,2,2,1,0.6876201003285672,0.24173471529571328,0.07064518175896942,0.9999711513519287
Betula/TreeScanPL_plot3103901_tree21.npy,train,3,3,1,0.8990159478060339,0.07212030833063277,0.028863740454938388,0.9999772310256958
Alnus/TreeScanPL_plot3103901_tree22.npy,train,2,2,1,0.6709008585425067,0.10075722691684169,0.22834191287023378,0.9991436004638672
Betula/TreeScanPL_plot3103901_tree23.npy,train,3,3,1,0.9334623817293374,0.0491359055860761,0.017401708428477436,0.9999287128448486
Alnus/TreeScanPL_plot3103901_tree25.npy,train,2,2,1,0.7100674635649669,0.08061824081242748,0.2093142940242423,0.9682051539421082
Alnus/TreeScanPL_plot3103901_tree26.npy,train,2,2,1,0.637322752659893,0.3282925195481744,0.03438472585519715,0.9997138381004333
Alnus/TreeScanPL_plot3103901_tree27.npy,train,2,2,1,0.7169722986406774,0.14764006983154312,0.13538762971287238,0.9991251826286316
Betula/TreeScanPL_plot3103901_tree28.npy,train,3,3,1,0.9119580735123407,0.0342306962640083,0.05381122670090431,0.9999388456344604
Pinus/TreeScanPL_plot3103901_tree29.npy,train,8,8,1,0.7670928829844299,0.15214047172704534,0.08076664308439616,0.9992421865463257
Pinus/TreeScanPL_plot3103901_tree31.npy,train,8,8,1,0.7994192103435905,0.14115601383695922,0.059424773960729635,0.9903269410133362
Larix/TreeScanPL_plot3103901_tree32.npy,train,6,6,1,0.8001690265822494,0.06317711260278865,0.1366538585345524,0.996955156326294
Pinus/TreeScanPL_plot3103901_tree33.npy,train,8,8,1,0.8781757225026435,0.0927213786680477,0.029102896868157466,0.9957122802734375
Pinus/TreeScanPL_plot3103901_tree34.npy,train,8,8,1,0.8423632911111811,0.09484263577294018,0.06279407155905717,0.8803538084030151
Alnus/TreeScanPL_plot3103901_tree36.npy,train,2,2,1,0.6626606739419458,0.17696015053949804,0.1603791729539588,0.9997846484184265
Betula/TreeScanPL_plot3103901_tree37.npy,train,3,3,1,0.8510274204035492,0.07585838685755683,0.07311419024876581,0.9976227879524231
Betula/TreeScanPL_plot3103901_tree38.npy,train,3,3,1,0.9018426572422729,0.025354590269269933,0.07280274970396837,0.9999090433120728
Alnus/TreeScanPL_plot3103901_tree39.npy,train,2,2,1,0.736170943023953,0.17619325694198354,0.08763579763436813,0.9998980760574341
Alnus/TreeScanPL_plot3103901_tree40.npy,train,2,2,1,0.6621772422464529,0.20526997377781078,0.1325527802569524,0.9999322891235352
Pinus/TreeScanPL_plot3204501_tree1.npy,train,8,8,1,0.695224871255653,0.2571093134096891,0.04766581288214817,0.9991773962974548
Pinus/TreeScanPL_plot3204501_tree4.npy,train,8,8,1,0.7618333193265232,0.1533595272940733,0.08480714930479612,0.9999963045120239
Pinus/TreeScanPL_plot3204501_tree5.npy,train,8,8,1,0.744149211350125,0.19478375357048677,0.06106703107307354,0.9999984502792358
Pinus/TreeScanPL_plot3204501_tree6.npy,train,8,8,1,0.62714064530977,0.3036021696691041,0.06925717839143813,0.9999992847442627
Pinus/TreeScanPL_plot3204501_tree7.npy,train,8,8,1,0.714462420351992,0.22656331623178536,0.05897425812223499,0.9999990463256836
Pinus/TreeScanPL_plot3204501_tree9.npy,train,8,8,1,0.6675305780153181,0.23605513564538796,0.09641428365036256,0.9999796152114868
Pinus/TreeScanPL_plot3204501_tree10.npy,train,8,8,1,0.6649834467298885,0.24193370091329772,0.09308284939773094,0.9999159574508667
Pinus/TreeScanPL_plot3204501_tree11.npy,train,8,8,1,0.6068022720070365,0.2959028825136635,0.09729483928241725,0.9999985694885254
Pinus/TreeScanPL_plot3204501_tree12.npy,train,8,8,1,0.6492368538656015,0.26446471268399946,0.0862984311597137,0.9989908337593079
Pinus/TreeScanPL_plot3204501_tree13.npy,train,8,8,1,0.6710125662078612,0.2741711922764062,0.054816238873481644,0.9999724626541138
Pinus/TreeScanPL_plot3204501_tree14.npy,train,8,8,1,0.6998964342338944,0.19231540231418584,0.10778815961188594,0.9999971389770508
Pinus/TreeScanPL_plot3204501_tree15.npy,train,8,8,1,0.7237178923599878,0.20265517356883608,0.07362693025472372,0.9999943971633911
Pinus/TreeScanPL_plot3204501_tree16.npy,train,8,8,1,0.732775900390887,0.17381772185858188,0.09340637447332044,0.9999830722808838
Pinus/TreeScanPL_plot3204501_tree17.npy,train,8,8,1,0.7097494956616118,0.20677375856360916,0.08347674360876339,0.9998654127120972
Pinus/TreeScanPL_plot3204501_tree18.npy,train,8,8,1,0.6216611089353178,0.3025304971539584,0.07580838777852301,0.9999992847442627
Pinus/TreeScanPL_plot3204501_tree19.npy,train,8,8,1,0.7539032629627846,0.18531197286661244,0.06078476121332512,0.999977707862854
Pinus/TreeScanPL_plot3204501_tree20.npy,train,8,8,1,0.6424747960785042,0.2919308126202058,0.06559438597551594,0.9999967813491821
Pinus/TreeScanPL_plot3204501_tree21.npy,train,8,8,1,0.7231088972634963,0.20403707512160796,0.07285402515309668,0.9999958276748657
Pinus/TreeScanPL_plot3204501_tree22.npy,train,8,8,1,0.7340834309225714,0.20461400101094082,0.06130256493418687,0.9999810457229614
Pinus/TreeScanPL_plot3204501_tree23.npy,train,8,8,1,0.7007301266517579,0.2201002736084528,0.07916959353783881,0.9999988079071045
Pinus/TreeScanPL_plot3204501_tree24.npy,train,8,8,1,0.751747174397289,0.15563524956982713,0.09261757224007508,0.9999946355819702
Pinus/TreeScanPL_plot3204501_tree25.npy,train,8,8,1,0.7207416834272626,0.18223642508803492,0.0970218887907487,0.9999047517776489
Pinus/TreeScanPL_plot3204501_tree28.npy,train,8,8,1,0.6379789347760124,0.24477025019874132,0.11725081312451849,0.9937927722930908
Pinus/TreeScanPL_plot3204501_tree29.npy,train,8,8,1,0.8091497459852411,0.09951843895795784,0.09133181165213103,0.9999971389770508
Pinus/TreeScanPL_plot3204501_tree30.npy,train,8,8,1,0.7693841300350455,0.1236180201032409,0.10699784681351653,0.9999961853027344
Pinus/TreeScanPL_plot3204501_tree31.npy,train,8,8,1,0.7038417364585133,0.25743839212350755,0.038719869417445436,0.999957799911499
Pinus/TreeScanPL_plot3204501_tree32.npy,train,8,8,1,0.6959504080882049,0.20340187057539427,0.10064771789757637,0.999987006187439
Pinus/TreeScanPL_plot3204501_tree33.npy,train,8,8,1,0.7803659072267201,0.12213056648816359,0.09750352267797435,0.9999805688858032
Pinus/TreeScanPL_plot3204501_tree36.npy,train,8,8,1,0.7222139419452587,0.21001573598311452,0.067770317898937,0.9999979734420776
Pinus/TreeScanPL_plot3204501_tree37.npy,train,8,8,1,0.806680201225444,0.1561441798955451,0.037175615259145624,0.9999960660934448
Pinus/TreeScanPL_plot3204501_tree38.npy,train,8,8,1,0.7055440617209601,0.21358834671897065,0.08086758890916569,0.9999192953109741
Pinus/TreeScanPL_plot3204501_tree40.npy,train,8,8,1,0.6978022263143572,0.24726243787945368,0.05493533080106799,0.9999970197677612
Pinus/TreeScanPL_plot3204501_tree41.npy,train,8,8,1,0.7146426324374343,0.1844707028148373,0.10088666134764282,0.9999908208847046
Pinus/TreeScanPL_plot3204501_tree42.npy,train,8,8,1,0.790914044655123,0.16066389789332206,0.04842205400429225,0.9999178647994995
Pinus/TreeScanPL_plot3204501_tree43.npy,train,8,8,1,0.7086140948152703,0.18591784630155073,0.10546805627058108,0.9991614818572998
Pinus/TreeScanPL_plot3204501_tree44.npy,train,8,8,1,0.6687257002654008,0.2853666912206535,0.045907603889037626,0.9999957084655762
Pinus/TreeScanPL_plot3204501_tree45.npy,train,8,8,1,0.6871549557514839,0.20756905362103298,0.10527598527031679,0.9999984502792358
Pinus/TreeScanPL_plot3204501_tree46.npy,train,8,8,1,0.7183612762647089,0.21321905144157524,0.06841966823865883,0.9999955892562866
Pinus/TreeScanPL_plot3204501_tree47.npy,train,8,8,1,0.7758783144565096,0.1719114610219692,0.05221022119784437,0.9999877214431763
Pinus/TreeScanPL_plot3204501_tree48.npy,train,8,8,1,0.724951352151074,0.21430199698576763,0.06074664660270926,0.9999972581863403
Pinus/TreeScanPL_plot3204501_tree49.npy,train,8,8,1,0.656270181923451,0.3020425449455693,0.04168727017541662,0.9999508857727051
Pinus/TreeScanPL_plot3204501_tree51.npy,train,8,8,1,0.7120863268911733,0.19956977071550883,0.08834389834329263,0.9999970197677612
Pinus/TreeScanPL_plot3204501_tree52.npy,train,8,8,1,0.7202514976843384,0.1403844868126442,0.13936401262377157,0.9999916553497314
Pinus/TreeScanPL_plot3204501_tree53.npy,train,8,8,1,0.7551680581977737,0.11760252413240246,0.12722941428133666,0.9999926090240479
Pinus/TreeScanPL_plot3204501_tree55.npy,train,8,8,1,0.6840025862004462,0.24168074814002213,0.07431666153206745,0.99998939037323
Pinus/TreeScanPL_plot3204501_tree56.npy,train,8,8,1,0.5813468929044268,0.24095087955913072,0.17770222600089433,0.9902132153511047
Pinus/TreeScanPL_plot3204501_tree58.npy,train,8,8,1,0.691263021108569,0.2216030800891551,0.08713389428397897,0.9999960660934448
Pinus/TreeScanPL_plot3204501_tree59.npy,train,8,8,1,0.6666764929742134,0.27292041465630434,0.06040308854347583,0.9999953508377075
Pinus/TreeScanPL_plot3204501_tree60.npy,train,8,8,1,0.6329496510225416,0.2830918480762203,0.08395849688260396,0.9999675750732422
Pinus/TreeScanPL_plot3204501_tree61.npy,train,8,8,1,0.7434529585876479,0.18645940220356516,0.07008763566915141,0.9999940395355225
Pinus/TreeScanPL_plot3204501_tree62.npy,train,8,8,1,0.8052310073541205,0.14295075715089822,0.05181823193676711,0.9999915361404419
Pinus/TreeScanPL_plot3204501_tree63.npy,train,8,8,1,0.6472177999082958,0.27085646151582893,0.08192573652416649,0.9953122138977051
Pinus/TreeScanPL_plot3204501_tree65.npy,train,8,8,1,0.7325554088288414,0.20019223194434782,0.06725235415871436,0.9999929666519165
Pinus/TreeScanPL_plot3204501_tree66.npy,train,8,8,1,0.7258043593550815,0.1318122986754549,0.14238333866424116,0.9999749660491943
Pinus/TreeScanPL_plot3204501_tree67.npy,train,8,8,1,0.6829706287294813,0.24781437701032338,0.06921499241010909,0.9992806315422058
Fagus/TreeScanPL_plot3204501_tree68.npy,train,5,5,1,0.8630844951244335,0.03967454584208123,0.09724095761445031,0.9992952346801758
Pinus/TreeScanPL_plot3404601_tree1.npy,train,8,8,1,0.615351344547648,0.30707889402371297,0.07756975828802504,0.9999128580093384
Pinus/TreeScanPL_plot3404601_tree2.npy,train,8,8,1,0.617889701735647,0.3251827306424139,0.05692756295096067,0.9999980926513672
Pinus/TreeScanPL_plot3404601_tree3.npy,train,8,8,1,0.678666624957977,0.21399573968567745,0.10733763142188014,0.9999905824661255
Pinus/TreeScanPL_plot3404601_tree4.npy,train,8,8,1,0.6820567929842546,0.24564939945647155,0.0722938039350461,0.9999797344207764
Pinus/TreeScanPL_plot3404601_tree5.npy,train,8,8,1,0.6794282143957451,0.2780172007820096,0.04255457984643538,0.9999991655349731
Pinus/TreeScanPL_plot3404601_tree8.npy,train,8,8,1,0.6806582138939077,0.24522432391560015,0.07411745654034164,0.999997615814209
Pinus/TreeScanPL_plot3404601_tree9.npy,train,8,8,1,0.5926924646193056,0.34775859977787105,0.059548929849325194,0.9999978542327881
Pinus/TreeScanPL_plot3404601_tree10.npy,train,8,8,1,0.6039318092092679,0.33725189782732495,0.05881628711048031,0.9999992847442627
Pinus/TreeScanPL_plot3404601_tree11.npy,train,8,8,1,0.7247382956259142,0.22124340496344627,0.0540182955478194,0.9999823570251465
Pinus/TreeScanPL_plot3404601_tree12.npy,train,8,8,1,0.6435759475189463,0.28453120449266744,0.0718928448340467,0.9999676942825317
Pinus/TreeScanPL_plot3404601_tree14.npy,train,8,8,1,0.6759520316426213,0.24147791470392915,0.08257005100320068,0.9998764991760254
Pinus/TreeScanPL_plot3404601_tree15.npy,train,8,8,1,0.7116487139239756,0.21266993268957282,0.07568134803785398,0.9999985694885254
Pinus/TreeScanPL_plot3404601_tree17.npy,train,8,8,1,0.7117648616015576,0.2237669486004232,0.06446818539937516,0.9999973773956299
Pinus/TreeScanPL_plot3404601_tree18.npy,train,8,8,1,0.6607081729329055,0.24205493528339683,0.09723688888104419,0.9999693632125854
Pinus/TreeScanPL_plot3404601_tree19.npy,train,8,8,1,0.663285759784416,0.2454965393751822,0.09121769737506313,0.9999854564666748
Pinus/TreeScanPL_plot3404601_tree20.npy,train,8,8,1,0.7310591982345049,0.1846957925918564,0.08424500613286683,0.9999772310256958
Pinus/TreeScanPL_plot3404601_tree22.npy,train,8,8,1,0.6042479541553847,0.33851950755037835,0.057232534593125474,0.9999178647994995
Pinus/TreeScanPL_plot3404601_tree24.npy,train,8,8,1,0.7191941381720284,0.20410492296832142,0.07670093588548445,0.9999878406524658
Pinus/TreeScanPL_plot3404601_tree27.npy,train,8,8,1,0.7168239955283963,0.23050486189933278,0.05267113927908748,0.9999305009841919
Pinus/TreeScanPL_plot3404601_tree28.npy,train,8,8,1,0.6575189682299364,0.2812135448401381,0.061267483725388226,0.9999909400939941
Pinus/TreeScanPL_plot3404601_tree30.npy,train,8,8,1,0.5932055895601966,0.3081123477546848,0.09868206046070467,0.9987792372703552
Pinus/TreeScanPL_plot3404601_tree31.npy,train,8,8,1,0.7050487251939747,0.22519734104012581,0.0697539297102577,0.9999961853027344
Pinus/TreeScanPL_plot3404601_tree32.npy,train,8,8,1,0.6946319724197049,0.20849499874592964,0.09687302478685948,0.9999969005584717
Larix/TreeScanPL_plot3804301_tree1.npy,train,6,6,1,0.7867846675069962,0.028315443345394146,0.18489988748592148,0.9999010562896729
Pinus/TreeScanPL_plot3804301_tree2.npy,train,8,8,1,0.837432001934027,0.1291661560250632,0.03340184027037384,0.9825742840766907
Fagus/TreeScanPL_plot3804301_tree3.npy,train,5,5,1,0.8748935127975886,0.07146298464667439,0.05364350018692098,0.9953446984291077
Larix/TreeScanPL_plot3804301_tree4.npy,train,6,6,1,0.6914005466546117,0.07642981828568254,0.23216963349701972,0.9997336268424988
Fagus/TreeScanPL_plot3804301_tree7.npy,train,5,5,1,0.8574648363450024,0.06529990255615148,0.07723525900561386,0.6061813235282898
Larix/TreeScanPL_plot3804301_tree9.npy,train,6,6,1,0.7874975566950914,0.032376379927510274,0.18012606096966594,0.9999592304229736
Larix/TreeScanPL_plot3804301_tree10.npy,train,6,6,1,0.7262847324543508,0.07801557538621433,0.1956996882317172,0.9999983310699463
Larix/TreeScanPL_plot3804301_tree11.npy,train,6,6,1,0.7710355407838527,0.031677838847361556,0.1972866172069652,0.9999915361404419
Larix/TreeScanPL_plot3804301_tree12.npy,train,6,6,1,0.6741200869211776,0.08068858780579352,0.2451913233803632,0.99983811378479
Larix/TreeScanPL_plot3804301_tree13.npy,train,6,6,1,0.8143681549304173,0.03638163757800059,0.149250205292386,0.9999936819076538
Larix/TreeScanPL_plot3804301_tree14.npy,train,6,6,1,0.6798682751380719,0.05008187482689785,0.27004984778740937,0.9999896287918091
Fagus/TreeScanPL_plot3804301_tree15.npy,train,5,5,1,0.8226841021297976,0.12410957766511996,0.053206318312069865,0.9886265397071838
Larix/TreeScanPL_plot3804301_tree16.npy,train,6,6,1,0.6121158616203018,0.083660383049786,0.3042237541141123,0.937412679195404
Larix/TreeScanPL_plot3804301_tree17.npy,train,6,6,1,0.7863406255656255,0.028166184303273417,0.18549318829198957,0.9991638660430908
Larix/TreeScanPL_plot3804301_tree18.npy,train,6,6,1,0.75666087428133,0.04953688209355834,0.1938022418501876,0.999974250793457
Larix/TreeScanPL_plot3804301_tree19.npy,train,6,6,1,0.7942858814825089,0.05670438947017108,0.14900972736369228,0.9998338222503662
Larix/TreeScanPL_plot3804301_tree21.npy,train,6,6,1,0.6245228963121382,0.05468981609000732,0.32078728582741073,0.9945598244667053
Picea/TreeScanPL_plot3806801_tree1.npy,train,7,7,1,0.8852372295422998,0.09855752826917176,0.016205239028614142,0.9944159984588623
Pinus/TreeScanPL_plot3806801_tree2.npy,train,8,8,1,0.6858550444244533,0.2352120683146556,0.07893288401548966,0.9999439716339111
Pinus/TreeScanPL_plot3806801_tree4.npy,train,8,8,1,0.6359088247020241,0.29026606129535365,0.07382510819650574,0.9999973773956299
Pinus/TreeScanPL_plot3806801_tree5.npy,train,8,8,1,0.5987263370230858,0.2952182546156499,0.1060554022802973,0.9999986886978149
Pinus/TreeScanPL_plot3806801_tree7.npy,train,8,8,1,0.7401612127414445,0.2083485350437623,0.051490248643950715,0.9999711513519287
Picea/TreeScanPL_plot3806801_tree8.npy,train,7,7,1,0.844112102966329,0.07905300786774416,0.07683488672188903,0.9999531507492065
Picea/TreeScanPL_plot3806801_tree9.npy,train,7,7,1,0.8579824078819303,0.06959005878308719,0.07242752985021665,0.9999712705612183
Pinus/TreeScanPL_plot3806801_tree10.npy,train,8,8,1,0.7407550036444375,0.20731791329004637,0.05192708075910097,0.9999274015426636
Pinus/TreeScanPL_plot3806801_tree12.npy,train,8,8,1,0.7205268220874905,0.2105524236854737,0.06892074927704295,0.9999983310699463
Pinus/TreeScanPL_plot3806801_tree13.npy,train,8,8,1,0.6997953382831505,0.19562059582957408,0.1045840628901047,0.9999511241912842
Pinus/TreeScanPL_plot3806801_tree14.npy,train,8,8,1,0.6369669003354987,0.32058668373295457,0.042446412563077095,0.9984869956970215
Picea/TreeScanPL_plot3806801_tree15.npy,train,7,7,1,0.9102117235861076,0.03050148750356068,0.05928678728780613,0.9997739195823669
Picea/TreeScanPL_plot3806801_tree16.npy,train,7,7,1,0.8745639721550137,0.053581406337432774,0.07185461946427613,0.9993759989738464
Pinus/TreeScanPL_plot3806801_tree17.npy,train,8,8,1,0.700641581237131,0.23720506427223728,0.062153350335747634,0.9999914169311523
Picea/TreeScanPL_plot3806801_tree18.npy,train,7,7,1,0.8610528901166887,0.09549624654804392,0.04345085945964221,0.9989162683486938
Pinus/TreeScanPL_plot3806801_tree19.npy,train,8,8,1,0.7153742101838322,0.21535739519378017,0.06926838869313193,0.9999978542327881
Picea/TreeScanPL_plot3806801_tree20.npy,train,7,7,1,0.8819806172999601,0.06186579472898657,0.05615358485120165,0.9999305009841919
Pinus/TreeScanPL_plot3806801_tree21.npy,train,8,8,1,0.7238259551109907,0.17187510151136653,0.10429894056956,0.9998410940170288
Picea/TreeScanPL_plot3806801_tree22.npy,train,7,7,1,0.8863563001128766,0.03223591922973567,0.08140777744543806,0.9999852180480957
Picea/TreeScanPL_plot3806801_tree23.npy,train,7,7,1,0.9465978710143109,0.027538409827449005,0.025863716440794146,0.9943069815635681
Picea/TreeScanPL_plot3806801_tree26.npy,train,7,7,1,0.8534975980140108,0.09764095820905676,0.0488614398011936,0.9995381832122803
Pinus/TreeScanPL_plot3806801_tree27.npy,train,8,8,1,0.6430987666596325,0.30750295569691105,0.04939827322179527,0.9999954700469971
Pinus/TreeScanPL_plot3806801_tree28.npy,train,8,8,1,0.7254868700260572,0.13974656583369016,0.13476656059250827,0.9999512434005737
Pinus/TreeScanPL_plot3806801_tree30.npy,train,8,8,1,0.7675944005435821,0.17202954432590412,0.060376051611644214,0.9999897480010986
Pinus/TreeScanPL_plot3806801_tree31.npy,train,8,8,1,0.6614852916189851,0.3019404925851764,0.0365742107091683,0.9999923706054688
Pinus/TreeScanPL_plot3806801_tree32.npy,train,8,8,1,0.6742907822317242,0.22584487540427356,0.09986433917426422,0.9999752044677734
Picea/TreeScanPL_plot3806801_tree33.npy,train,7,7,1,0.8361271507263284,0.09850626779392586,0.06536657677603823,0.9999750852584839
Picea/TreeScanPL_plot3806801_tree34.npy,train,7,7,1,0.7790689441402163,0.17306487197910628,0.04786618093578562,0.9692422151565552
Pinus/TreeScanPL_plot3902101_tree1.npy,train,8,8,1,0.7451827147517716,0.15535724251300093,0.09946003922115515,0.9999622106552124
Pinus/TreeScanPL_plot3902101_tree2.npy,train,8,8,1,0.5678533006899983,0.34782322726597564,0.0843234661848367,0.9999990463256836
Pinus/TreeScanPL_plot3902101_tree3.npy,train,8,8,1,0.7035869763695889,0.21289033713146782,0.08352268301311576,0.9996131062507629
Pinus/TreeScanPL_plot3902101_tree4.npy,train,8,8,1,0.668210395361931,0.24612535702367055,0.08566424412924535,0.9997872710227966
Pinus/TreeScanPL_plot3902101_tree5.npy,train,8,8,1,0.6616623968927444,0.27751759048362784,0.060820007478217655,0.9999951124191284
Pinus/TreeScanPL_plot3902101_tree6.npy,train,8,8,1,0.7104800130343044,0.21493276162427202,0.0745872225278912,0.999715268611908
Pinus/TreeScanPL_plot3902101_tree7.npy,train,8,8,1,0.6553010758291267,0.2837834929216237,0.060915426806319735,0.9999819993972778
Pinus/TreeScanPL_plot3902101_tree8.npy,train,8,8,1,0.7029849666456245,0.2025355477575813,0.09447948146758874,0.999981164932251
Pinus/TreeScanPL_plot3902101_tree9.npy,train,8,8,1,0.7904107574106911,0.15464254962157872,0.05494668789295504,0.9999825954437256
Pinus/TreeScanPL_plot3902101_tree10.npy,train,8,8,1,0.6898770201657172,0.20887152207436094,0.10125145418327726,0.9999865293502808
Pinus/TreeScanPL_plot3902101_tree11.npy,train,8,8,1,0.7064951272241442,0.19545009202001337,0.09805477624005278,0.9999922513961792
Pinus/TreeScanPL_plot3902101_tree12.npy,train,8,8,1,0.7788615423380256,0.1279937654100672,0.09314468931466757,0.9998533725738525
Pinus/TreeScanPL_plot3902101_tree13.npy,train,8,8,1,0.6448784096959513,0.2742899765422106,0.08083160999072567,0.9999945163726807
Pinus/TreeScanPL_plot3902101_tree14.npy,train,8,8,1,0.6563698839284129,0.31801745879789556,0.025612653767033977,0.9999880790710449
Pinus/TreeScanPL_plot3902101_tree15.npy,train,8,8,1,0.6849068331855078,0.18818045689260982,0.12691270693685483,0.9998929500579834
Pinus/TreeScanPL_plot3902101_tree17.npy,train,8,8,1,0.6254745281393614,0.3201693044675177,0.05435616530094722,0.9806782603263855
Pinus/TreeScanPL_plot3902101_tree19.npy,train,8,8,1,0.6792877678497378,0.2170121804579377,0.10370004913659907,0.9991312623023987
Pinus/TreeScanPL_plot3902101_tree20.npy,train,8,8,1,0.7022185842825932,0.2399107777347278,0.05787063449517124,0.9982561469078064
Carpinus/TreeScanPL_plot4103201_tree1.npy,train,4,4,1,0.7713654056482631,0.08918137119752456,0.13945322030328783,0.9998027682304382
Quercus/TreeScanPL_plot4103201_tree2.npy,train,9,9,1,0.8348058935178596,0.1454126212639135,0.0197814818223071,0.9999352693557739
Carpinus/TreeScanPL_plot4103201_tree4.npy,train,4,4,1,0.7428195128712684,0.035321062912934055,0.22185942078788878,0.9997109770774841
Carpinus/TreeScanPL_plot4103201_tree5.npy,train,4,4,1,0.8957281570048654,0.03929446588599248,0.06497737434550997,0.9999083280563354
Carpinus/TreeScanPL_plot4103201_tree7.npy,train,4,4,1,0.6156104300687131,0.12983198660947848,0.25455758167834663,0.9994575381278992
Carpinus/TreeScanPL_plot4103201_tree8.npy,train,4,4,1,0.7508076366978664,0.0659564503666252,0.18323591015250681,0.9999241828918457
Carpinus/TreeScanPL_plot4103201_tree9.npy,train,4,4,1,0.8450430512419294,0.07023020740386815,0.08472673814310692,0.9998832941055298
Carpinus/TreeScanPL_plot4103201_tree10.npy,train,4,4,1,0.8333735091649849,0.04482232910037751,0.1218041589659266,0.9998445510864258
Carpinus/TreeScanPL_plot4103201_tree11.npy,train,4,4,1,0.782845294709459,0.11836606470965111,0.0987886388860799,0.9949395656585693
Carpinus/TreeScanPL_plot4103201_tree12.npy,train,4,4,1,0.7475577103371822,0.07831011795999579,0.1741321681727466,0.9994361996650696
Quercus/TreeScanPL_plot4103201_tree13.npy,train,9,9,1,0.633860983286408,0.260116676525194,0.10602233717041133,0.9990770816802979
Quercus/TreeScanPL_plot4103201_tree14.npy,train,9,9,1,0.8777748656856051,0.055301236151429525,0.06692389592459481,0.9993236064910889
Carpinus/TreeScanPL_plot4103201_tree15.npy,train,4,4,1,0.6220999865606422,0.10139017449773849,0.27650983746558316,0.9999382495880127
Carpinus/TreeScanPL_plot4103201_tree17.npy,train,4,4,1,0.7254310234877616,0.23365715363194034,0.04091182132315222,0.9856427311897278
Carpinus/TreeScanPL_plot4103201_tree18.npy,train,4,4,1,0.7430866745505403,0.1260461853591649,0.13086713811960662,0.9998981952667236
Carpinus/TreeScanPL_plot4103201_tree19.npy,train,4,4,1,0.6579965847451157,0.16617352493398413,0.1758298884466273,0.9982975125312805
Carpinus/TreeScanPL_plot4103201_tree20.npy,train,4,4,1,0.5470809341256246,0.05008142418775882,0.40283763901900593,0.999208390712738
Carpinus/TreeScanPL_plot4103201_tree21.npy,train,4,4,1,0.8323292069392546,0.06752203970079788,0.100148749898611,0.9998218417167664
Carpinus/TreeScanPL_plot4103201_tree22.npy,train,4,4,1,0.6745620328147043,0.1124590155477887,0.21297894993081207,0.9999293088912964
Carpinus/TreeScanPL_plot4103201_tree23.npy,train,4,4,1,0.6586619659263155,0.08194444934158233,0.2593935811653291,0.9998778104782104
Carpinus/TreeScanPL_plot4103201_tree27.npy,train,4,4,1,0.6030483257385979,0.033043140253809555,0.3639085312555092,0.9999442100524902
Carpinus/TreeScanPL_plot4103201_tree28.npy,train,4,4,1,0.6015746392102866,0.08911304120000417,0.3093123177828431,0.9987373948097229
Carpinus/TreeScanPL_plot4103201_tree29.npy,train,4,4,1,0.6189831619148489,0.08548614827564709,0.2955306882709961,0.9999434947967529
Carpinus/TreeScanPL_plot4103201_tree30.npy,train,4,4,1,0.74788978892866,0.20201297150571743,0.050097237913957295,0.9999719858169556
Quercus/TreeScanPL_plot4103201_tree31.npy,train,9,9,1,0.6988322507531032,0.19344988908617167,0.1077178576014142,0.9994992017745972
Carpinus/TreeScanPL_plot4103201_tree33.npy,train,4,4,1,0.6363389705717177,0.1587155799213213,0.20494544746706808,0.9981998205184937
Pinus/TreeScanPL_plot4206701_tree2.npy,train,8,8,1,0.5995363256178938,0.3371190698576675,0.06334459845168681,0.9999991655349731
Pinus/TreeScanPL_plot4206701_tree4.npy,train,8,8,1,0.7406486036500657,0.19402192277716265,0.06532946999336679,0.9999871253967285
Pinus/TreeScanPL_plot4206701_tree5.npy,train,8,8,1,0.5526425189694747,0.347458309767123,0.09989916398923325,0.9999994039535522
Pinus/TreeScanPL_plot4206701_tree6.npy,train,8,8,1,0.6178992094425911,0.29724784472100985,0.08485293982281866,0.9999974966049194
Pinus/TreeScanPL_plot4206701_tree9.npy,train,8,8,1,0.7528361087639466,0.15880096377252972,0.08836292242119373,0.9999985694885254
Pinus/TreeScanPL_plot4206701_tree10.npy,train,8,8,1,0.7192961607852404,0.21310264544412144,0.06760118832554055,0.9999963045120239
Pinus/TreeScanPL_plot4206701_tree11.npy,train,8,8,1,0.7014843966928137,0.24988729711453495,0.048628302619451634,0.9999682903289795
Pinus/TreeScanPL_plot4206701_tree12.npy,train,8,8,1,0.6371849657011017,0.2547556276044702,0.10805940393309608,0.9997864365577698
Pinus/TreeScanPL_plot4206701_tree13.npy,train,8,8,1,0.7310471688709766,0.18202462725541171,0.0869282003853658,0.99998939037323
Pinus/TreeScanPL_plot4206701_tree14.npy,train,8,8,1,0.7531770251007436,0.16358088312221025,0.083242086857056,0.9999983310699463
Pinus/TreeScanPL_plot4206701_tree15.npy,train,8,8,1,0.7594429157947891,0.178878755544407,0.06167832542818596,0.9993000030517578
Pinus/TreeScanPL_plot4206701_tree16.npy,train,8,8,1,0.7313446129370572,0.1709412545149727,0.09771412796112558,0.9999990463256836
Pinus/TreeScanPL_plot4206701_tree17.npy,train,8,8,1,0.5976875587504311,0.3362757484826042,0.06603668712718921,0.9999951124191284
Pinus/TreeScanPL_plot4206701_tree18.npy,train,8,8,1,0.6506753152389345,0.2591628705929328,0.09016180629282709,0.9999995231628418
Pinus/TreeScanPL_plot4206701_tree20.npy,train,8,8,1,0.6682673798571344,0.2434047042461346,0.08832790949057132,0.9999988079071045
Pinus/TreeScanPL_plot4206701_tree21.npy,train,8,8,1,0.6559997888477085,0.29347874455416356,0.050521461854528806,0.9999974966049194
Pinus/TreeScanPL_plot4206701_tree22.npy,train,8,8,1,0.6917335757978315,0.2508729340825587,0.05739348774683101,0.9995817542076111
Pinus/TreeScanPL_plot4206701_tree23.npy,train,8,8,1,0.7211630699520949,0.22538491873811584,0.053452006060602145,0.9999985694885254
Pinus/TreeScanPL_plot4206701_tree24.npy,train,8,8,1,0.7319941135839209,0.16714455250652005,0.10086132959458145,0.9999984502792358
Pinus/TreeScanPL_plot4206701_tree25.npy,train,8,8,1,0.6922583831564174,0.2104531212683098,0.0972884913976286,0.9999943971633911
Pinus/TreeScanPL_plot4206701_tree27.npy,train,8,8,1,0.7236703078875395,0.20130576752855525,0.075023919093471,0.9999980926513672
Pinus/TreeScanPL_plot4206701_tree28.npy,train,8,8,1,0.7161213077499632,0.21210617330005224,0.07177251329490404,0.999998927116394
Pinus/TreeScanPL_plot4206701_tree29.npy,train,8,8,1,0.7535939052225256,0.17994774231166336,0.06645834928410987,0.9999752044677734
Pinus/TreeScanPL_plot4206701_tree30.npy,train,8,8,1,0.7517781565036158,0.14321012755638465,0.10501171065018877,0.9999986886978149
Pinus/TreeScanPL_plot4206701_tree31.npy,train,8,8,1,0.6715091218427944,0.26223065547850943,0.06626021768963887,0.9999901056289673
Pinus/TreeScanPL_plot4206701_tree34.npy,train,8,8,1,0.627075768912877,0.2648884535093151,0.1080357757185575,0.712922215461731
Pinus/TreeScanPL_plot4206701_tree36.npy,train,8,8,1,0.6247650570646319,0.3124920742423738,0.06274286356213993,0.9999984502792358
Pinus/TreeScanPL_plot4206701_tree37.npy,train,8,8,1,0.5978927823839275,0.3500492057129728,0.05205800610449626,0.9999977350234985
Pinus/TreeScanPL_plot4206701_tree38.npy,train,8,8,1,0.7384714036580844,0.194848882428824,0.06667971008236775,0.9999843835830688
Pinus/TreeScanPL_plot4206701_tree41.npy,train,8,8,1,0.6357714060112651,0.31530289296894115,0.04892569517512664,0.9999980926513672
Pinus/TreeScanPL_plot4206701_tree42.npy,train,8,8,1,0.6279610017586215,0.31174065303859194,0.06029833856061632,0.9999967813491821
Pinus/TreeScanPL_plot4302601_tree1.npy,train,8,8,1,0.545215237751832,0.3742925613590969,0.08049219664011406,0.9999808073043823
Pinus/TreeScanPL_plot4302601_tree2.npy,train,8,8,1,0.6053082541149299,0.293349447103358,0.10134229329000817,0.9999973773956299
Pinus/TreeScanPL_plot4302601_tree3.npy,train,8,8,1,0.6904408561963605,0.25167755486852794,0.05788158545003237,0.9998192191123962
Pinus/TreeScanPL_plot4302601_tree4.npy,train,8,8,1,0.7029149577602495,0.21285719643926237,0.08422784136353918,0.9999808073043823
Pinus/TreeScanPL_plot4302601_tree5.npy,train,8,8,1,0.729165838234689,0.20840534906533006,0.06242880714855016,0.9999921321868896
Pinus/TreeScanPL_plot4302601_tree6.npy,train,8,8,1,0.6655946159711252,0.27048511131824843,0.06392026863528392,0.9999642372131348
Pinus/TreeScanPL_plot4302601_tree7.npy,train,8,8,1,0.6987036407721691,0.25944048393127783,0.041855870392277755,0.999996542930603
Pinus/TreeScanPL_plot4302601_tree8.npy,train,8,8,1,0.7219713271259044,0.2530703320508422,0.024958336177628933,0.999997615814209
Pinus/TreeScanPL_plot4302601_tree9.npy,train,8,8,1,0.7005060049034223,0.2544311683041627,0.04506282324293614,0.9999669790267944
Pinus/TreeScanPL_plot4302601_tree10.npy,train,8,8,1,0.5819390994335848,0.31880967705524654,0.09925121748810918,0.9999982118606567
Pinus/TreeScanPL_plot4302601_tree11.npy,train,8,8,1,0.6830780486948222,0.2753909835707985,0.04153096509738536,0.9861443042755127
Pinus/TreeScanPL_plot4302601_tree12.npy,train,8,8,1,0.6663048959680862,0.2935642304693884,0.04013086934940388,0.9999858140945435
Pinus/TreeScanPL_plot4302601_tree13.npy,train,8,8,1,0.7352849801805312,0.22089986816526966,0.043815146728424584,0.9999885559082031
Pinus/TreeScanPL_plot4302601_tree14.npy,train,8,8,1,0.6795116548686014,0.27698587045566403,0.043502471667002,0.9993768334388733
Pinus/TreeScanPL_plot4302601_tree15.npy,train,8,8,1,0.7017175383094004,0.2599756152333061,0.038306841194727825,0.9999879598617554
Pinus/TreeScanPL_plot4302601_tree16.npy,train,8,8,1,0.6805845409363132,0.2933816510738525,0.026033804716284033,0.9999481439590454
Pinus/TreeScanPL_plot4302601_tree17.npy,train,8,8,1,0.7033075539292827,0.25772989896967363,0.03896254340685445,0.9999698400497437
Pinus/TreeScanPL_plot4302601_tree19.npy,train,8,8,1,0.6349876617749097,0.2767600180850259,0.08825231298684125,0.9999984502792358
Carpinus/TreeScanPL_plot4303901_tree2.npy,train,4,4,1,0.811991862571434,0.13905685294590642,0.04895128269773733,0.9985968470573425
Carpinus/TreeScanPL_plot4303901_tree3.npy,train,4,4,1,0.7545672237168884,0.1502990037954397,0.0951337705112145,0.9916071891784668
Carpinus/TreeScanPL_plot4303901_tree8.npy,train,4,4,1,0.6313091152568945,0.19498980250842424,0.17370108019566163,0.990692675113678
Quercus/TreeScanPL_plot4303901_tree9.npy,train,9,9,1,0.8534346112702965,0.047806913194992175,0.09875847383666626,0.9922669529914856
Carpinus/TreeScanPL_plot4303901_tree10.npy,train,4,4,1,0.7758408488384348,0.16058829216388237,0.06357085684440689,0.989927351474762
Pinus/TreeScanPL_plot4502801_tree1.npy,train,8,8,1,0.6412773875207637,0.289611047955144,0.06911156009060467,0.9999843835830688
Pinus/TreeScanPL_plot4502801_tree2.npy,train,8,8,1,0.761150894712131,0.20053676488390554,0.03831233615716361,0.9999397993087769
Pinus/TreeScanPL_plot4502801_tree3.npy,train,8,8,1,0.6789787889390576,0.26651166959519074,0.05450953725698504,0.9999910593032837
Pinus/TreeScanPL_plot4502801_tree4.npy,train,8,8,1,0.7358352130707541,0.14533543657124842,0.11882934792352316,0.9788720011711121
Pinus/TreeScanPL_plot4502801_tree5.npy,train,8,8,1,0.6831089887939626,0.2294756207852927,0.08741538652541096,0.9988092184066772
Pinus/TreeScanPL_plot4502801_tree6.npy,train,8,8,1,0.7440855072927949,0.18035943483600006,0.07555505397761908,0.9999924898147583
Pinus/TreeScanPL_plot4502801_tree7.npy,train,8,8,1,0.8163021996667019,0.11880798112243995,0.06488981712354128,0.9897527694702148
Pinus/TreeScanPL_plot4502801_tree8.npy,train,8,8,1,0.6544285131901381,0.2966443496625151,0.04892713480070022,0.9619999527931213
Pinus/TreeScanPL_plot4502801_tree9.npy,train,8,8,1,0.773821283023804,0.13840699284389438,0.08777172181923573,0.9241523146629333
Pinus/TreeScanPL_plot4502801_tree10.npy,train,8,8,1,0.7318628477162056,0.2331258625274968,0.035011285707238736,0.9999911785125732
Pinus/TreeScanPL_plot4502801_tree11.npy,train,8,8,1,0.6842346142291668,0.2183133072643402,0.09745207654158437,0.9916329383850098
Pinus/TreeScanPL_plot4502801_tree12.npy,train,8,8,1,0.7312833002733943,0.20679455223804907,0.06192214470152328,0.966864824295044
Pinus/TreeScanPL_plot4502801_tree13.npy,train,8,8,1,0.8356772600279828,0.1326366637409441,0.03168607320077461,0.9998775720596313
Pinus/TreeScanPL_plot4502801_tree14.npy,train,8,8,1,0.7490283294038745,0.18248280843357656,0.06848885834298953,0.9999285936355591
Pinus/TreeScanPL_plot4502801_tree15.npy,train,8,8,1,0.718357614862372,0.21495067837925066,0.06669170248682331,0.9999877214431763
Pinus/TreeScanPL_plot4502801_tree16.npy,train,8,8,1,0.7681046858184649,0.16645810711905495,0.06543720240455214,0.9999574422836304
Pinus/TreeScanPL_plot4502801_tree18.npy,train,8,8,1,0.7988272224376275,0.12768998520733518,0.07348278973133113,0.9966307282447815
Pinus/TreeScanPL_plot4502801_tree19.npy,train,8,8,1,0.6975350685072683,0.26387998252917955,0.03858494553115653,0.9998006224632263
Pinus/TreeScanPL_plot4502801_tree21.npy,train,8,8,1,0.7727295500468815,0.12349604156615464,0.10377440501955187,0.9999010562896729
Larix/TreeScanPL_plot4502801_tree22.npy,train,6,6,1,0.801849080246434,0.031232561594044264,0.1669183567276557,0.9996798038482666
Pinus/TreeScanPL_plot4502801_tree23.npy,train,8,8,1,0.7705763355964222,0.10297664680931992,0.12644701530530486,0.9737101197242737
Pinus/TreeScanPL_plot4502801_tree24.npy,train,8,8,1,0.7942512376065278,0.14919166351622942,0.05655709683879107,0.9845824241638184
Pinus/TreeScanPL_plot4502801_tree25.npy,train,8,8,1,0.6891476936036766,0.16836682766593142,0.14248547689915603,0.8781942129135132
Pinus/TreeScanPL_plot4502801_tree27.npy,train,8,8,1,0.8068719417033468,0.10595438576566595,0.08717366875899667,0.9996507167816162
Pinus/TreeScanPL_plot4502801_tree28.npy,train,8,8,1,0.7096774267262637,0.22317378205090777,0.06714878854351611,0.995962917804718
Pinus/TreeScanPL_plot4502801_tree29.npy,train,8,8,1,0.7701115099722731,0.20405570897359787,0.02583277736759965,0.9999841451644897
Pinus/TreeScanPL_plot4502801_tree30.npy,train,8,8,1,0.7025455892679782,0.24192714530651735,0.05552726160745092,0.9999639987945557
Quercus/TreeScanPL_plot4504701_tree3.npy,train,9,9,1,0.7636964131614791,0.15863162129742872,0.07767196366901397,0.9857402443885803
Fagus/TreeScanPL_plot4504701_tree4.npy,train,5,5,1,0.8288111902623472,0.13073402808416215,0.040454779913214466,0.9928187727928162
Quercus/TreeScanPL_plot4504701_tree5.npy,train,9,9,1,0.7512085680346382,0.16783866011265036,0.08095276997571163,0.995405912399292
Quercus/TreeScanPL_plot4504701_tree8.npy,train,9,9,1,0.7076196373565781,0.23171734716886658,0.060663012928833235,0.995607316493988
Fagus/TreeScanPL_plot4504701_tree10.npy,train,5,5,1,0.9275509173545166,0.04893394839667486,0.02351513200594257,0.999974250793457
Fagus/TreeScanPL_plot4504701_tree11.npy,train,5,5,1,0.7592948666497695,0.17812924677432734,0.06257588421023574,0.9916483163833618
Quercus/TreeScanPL_plot4504701_tree12.npy,train,9,9,1,0.8215744730398771,0.1389795581427918,0.03944596506608161,0.9998630285263062
Quercus/TreeScanPL_plot4504701_tree14.npy,train,9,9,1,0.6201754845611173,0.33232977666886476,0.04749473606971338,0.9872894883155823
Quercus/TreeScanPL_plot4603701_tree1.npy,train,9,9,1,0.745379765069532,0.15687076332581346,0.09774946775760288,0.9996893405914307
Fagus/TreeScanPL_plot4603701_tree4.npy,train,5,5,1,0.797580169617058,0.15813086479521962,0.044288963641312094,0.8955536484718323
Fagus/TreeScanPL_plot4603701_tree5.npy,train,5,5,1,0.8539693171307309,0.08883800622037294,0.0571926745797919,0.9951327443122864
Fagus/TreeScanPL_plot4603701_tree6.npy,train,5,5,1,0.7629356466165932,0.17526128056943477,0.061803071069459335,0.9997761845588684
Fagus/TreeScanPL_plot4603701_tree8.npy,train,5,5,1,0.7783588913877821,0.1772443824277443,0.04439672488805972,0.9997819066047668
Fagus/TreeScanPL_plot4603701_tree12.npy,train,5,5,1,0.8544972192131619,0.08358428100061638,0.06191849790443233,0.9913387298583984
Fagus/TreeScanPL_plot4603701_tree14.npy,train,5,5,1,0.900060462472101,0.060306846132003426,0.039632690091160896,0.9968528151512146
Fagus/TreeScanPL_plot4603701_tree15.npy,train,5,5,1,0.8041243063876833,0.1470868068034288,0.04878888437389849,0.9999943971633911
Fagus/TreeScanPL_plot4603701_tree16.npy,train,5,5,1,0.8764021403496293,0.07424666796966148,0.049351189369986566,0.9995883107185364
Pinus/TreeScanPL_plot4703801_tree1.npy,train,8,8,1,0.9113660836611293,0.061569115856670485,0.027064797978837145,0.994037389755249
Pinus/TreeScanPL_plot4703801_tree2.npy,train,8,8,1,0.8519231387330503,0.12955325940772422,0.018523599801394383,0.9896312355995178
Pinus/TreeScanPL_plot4703801_tree3.npy,train,8,8,1,0.8913229109443142,0.07991287743589899,0.02876420930578611,0.9987941980361938
Larix/TreeScanPL_plot4703801_tree4.npy,train,6,6,1,0.6737135433756927,0.06992136050579623,0.25636509409333996,0.9983847141265869
Pinus/TreeScanPL_plot4703801_tree7.npy,train,8,8,1,0.8572345972665534,0.07402425028717537,0.06874115082533963,0.7794539332389832
Pinus/TreeScanPL_plot4703801_tree8.npy,train,8,8,1,0.8714309728231038,0.08877939571110569,0.039789629292095285,0.9158874154090881
Pinus/TreeScanPL_plot4703801_tree9.npy,train,8,8,1,0.8706597650796818,0.08272485162996317,0.04661538104160531,0.9910079836845398
Fagus/TreeScanPL_plot4703801_tree10.npy,train,5,5,1,0.8291029221404334,0.04811926660964223,0.12277780901847947,0.9886466860771179
Fagus/TreeScanPL_plot4703801_tree11.npy,train,5,5,1,0.8149686737027391,0.10721126541957321,0.07782005842596307,0.9659578800201416
Pinus/TreeScanPL_plot4703801_tree14.npy,train,8,8,1,0.8294661846687703,0.14374191134043096,0.026791901849438214,0.9968881011009216
Fagus/TreeScanPL_plot4703801_tree15.npy,train,5,5,1,0.6837387621377282,0.045918517081208116,0.270342718272766,0.8916284441947937
Larix/TreeScanPL_plot4703801_tree18.npy,train,6,6,1,0.7026117448691533,0.024747904720202687,0.27264034871951764,0.9971697926521301
Pinus/TreeScanPL_plot4703801_tree19.npy,train,8,8,1,0.7887349565264846,0.1660649826713197,0.04520005906243123,0.9955852031707764
Fagus/TreeScanPL_plot4703801_tree20.npy,train,5,5,1,0.8341194602947603,0.06936700024578271,0.09651353840637976,0.8795116543769836
Fagus/TreeScanPL_plot4703801_tree21.npy,train,5,5,1,0.8697379590749156,0.07398219897983127,0.05627983954073136,0.9997041821479797
Pinus/TreeScanPL_plot4703801_tree23.npy,train,8,8,1,0.8603216529206673,0.08227904447421942,0.05739930041707604,0.9183289408683777
Fagus/TreeScanPL_plot4703801_tree24.npy,train,5,5,1,0.8343488843815715,0.10051203907101659,0.06513907454312047,0.9803621768951416
Fagus/TreeScanPL_plot4703801_tree25.npy,train,5,5,1,0.76779774830781,0.12629462976004974,0.1059076193547146,0.9590439796447754
Quercus/TreeScanPL_plot5602301_tree1.npy,train,9,9,1,0.9035251882681158,0.06364679212465134,0.032828016839129455,0.9994663596153259
Carpinus/TreeScanPL_plot5602301_tree2.npy,train,4,4,1,0.7356767868407637,0.16414236764993878,0.1001808433637722,0.9980879426002502
Carpinus/TreeScanPL_plot5602301_tree3.npy,train,4,4,1,0.5590621521122678,0.0867695134685758,0.354168331673865,0.9992592930793762
Carpinus/TreeScanPL_plot5602301_tree4.npy,train,4,4,1,0.7693564453346028,0.1781226020104226,0.052520951239981815,0.991524338722229
Carpinus/TreeScanPL_plot5602301_tree5.npy,train,4,4,1,0.7556762842296532,0.16918676449128045,0.07513694887103746,0.9993491768836975
Quercus/TreeScanPL_plot5602301_tree6.npy,train,9,9,1,0.8404775382187338,0.04180265902071714,0.11771980108789049,0.9950931072235107
Acer/TreeScanPL_plot5602301_tree7.npy,train,1,1,1,0.9167638725687699,0.0403597279099716,0.042876396365200596,0.9579611420631409
Quercus/TreeScanPL_plot5602301_tree8.npy,train,9,9,1,0.8693507374878295,0.09259012551167224,0.03805913504905712,0.9960935711860657
Carpinus/TreeScanPL_plot5602301_tree9.npy,train,4,4,1,0.8079455281273263,0.15237146206580576,0.039683007414337106,0.9999372959136963
Carpinus/TreeScanPL_plot5602301_tree10.npy,train,4,4,1,0.6437023463670859,0.08570011049520485,0.2705975410961046,0.9975887537002563
Carpinus/TreeScanPL_plot5602301_tree11.npy,train,4,4,1,0.7958402314673503,0.1599625652119663,0.0441972018016646,0.9810495972633362
Carpinus/TreeScanPL_plot5602301_tree14.npy,train,4,4,1,0.687186705123212,0.18352883182797583,0.129284461124876,0.9946144223213196
Acer/TreeScanPL_plot5602301_tree15.npy,train,1,1,1,0.9232914823895327,0.06561447580158619,0.01109403891076269,0.947584331035614
Carpinus/TreeScanPL_plot5602301_tree17.npy,train,4,4,1,0.6070657223938267,0.1608048852929624,0.2321293898106718,0.9981010556221008
Quercus/TreeScanPL_plot5602301_tree18.npy,train,9,9,1,0.8102213750639886,0.128542260005764,0.061236361159647826,0.9999067783355713
Quercus/TreeScanPL_plot6900801_tree2.npy,train,9,9,1,0.8114419356760391,0.13509726911856942,0.05346079254242897,0.998874843120575
Quercus/TreeScanPL_plot6900801_tree3.npy,train,9,9,1,0.9023759644303355,0.06715229937682711,0.030471733675280995,0.9979302883148193
Quercus/TreeScanPL_plot6900801_tree5.npy,train,9,9,1,0.8600349584009505,0.09564229312030509,0.044322744367461316,0.9999306201934814
Quercus/TreeScanPL_plot6900801_tree7.npy,train,9,9,1,0.8794099439748017,0.10967235938485863,0.010917694077873049,0.99943608045578
Quercus/TreeScanPL_plot7700601_tree1.npy,train,9,9,1,0.7749830050137144,0.10229595727256748,0.12272103552358882,0.9678481221199036
Carpinus/TreeScanPL_plot7700601_tree4.npy,train,4,4,1,0.6079572404641194,0.15614750160900578,0.23589525643799028,0.9015945792198181
Quercus/TreeScanPL_plot7700601_tree5.npy,train,9,9,1,0.8052487185252971,0.17077024785774073,0.023981029031666826,0.9997912049293518
Carpinus/TreeScanPL_plot7700601_tree6.npy,train,4,4,1,0.5905951765688131,0.2124412812930879,0.19696354053749668,0.9812588095664978
Carpinus/TreeScanPL_plot7700601_tree8.npy,train,4,4,1,0.5840026320375793,0.23376578171211376,0.1822315844844145,0.9828542470932007
Quercus/TreeScanPL_plot7700601_tree9.npy,train,9,9,1,0.855582789516055,0.11725065837223274,0.027166549244599953,0.9992716908454895
Carpinus/TreeScanPL_plot7700601_tree10.npy,train,4,4,1,0.5781283340912354,0.19641265792152293,0.22545900587489975,0.989891529083252
Quercus/TreeScanPL_plot7700601_tree11.npy,train,9,9,1,0.7749406498490293,0.1890393783692535,0.03601996766965463,0.999671220779419
Carpinus/TreeScanPL_plot7700601_tree13.npy,train,4,4,1,0.6295052248910593,0.2453822242952155,0.125112548036302,0.9951281547546387
Quercus/TreeScanPL_plot7700601_tree14.npy,train,9,9,1,0.8855113522786328,0.08136227086904596,0.033126374858116724,0.9990136623382568
Alnus/TreeScanPL_plot7902301_tree1.npy,train,2,2,1,0.6029738573650282,0.23591908866611894,0.1611070515851488,0.999962329864502
Picea/TreeScanPL_plot7902301_tree4.npy,train,7,7,1,0.9481256306595757,0.01068498622940915,0.04118938097515417,0.9998400211334229
Alnus/TreeScanPL_plot7902301_tree6.npy,train,2,2,1,0.44319586720150117,0.3282228081163167,0.22858132218341232,0.9999538660049438
Picea/TreeScanPL_plot7902301_tree7.npy,train,7,7,1,0.9432667131825481,0.023677430916799157,0.033055854079645834,0.9994230270385742
Alnus/TreeScanPL_plot7902301_tree8.npy,train,2,2,1,0.646221258809359,0.1978332099607781,0.1559455297548618,0.9967374205589294
Alnus/TreeScanPL_plot7902301_tree9.npy,train,2,2,1,0.6205307877229984,0.21272350775821935,0.16674570307652106,0.999407172203064
Picea/TreeScanPL_plot7902301_tree10.npy,train,7,7,1,0.9476151989543108,0.04001120838824665,0.01237359100641877,0.9982832670211792
Alnus/TreeScanPL_plot7902301_tree11.npy,train,2,2,1,0.461907361525673,0.19775883429784072,0.34033380236839367,0.9998376369476318
Alnus/TreeScanPL_plot7902301_tree12.npy,train,2,2,1,0.49981610700628987,0.27193024505569036,0.2282536464411492,0.9999562501907349
Alnus/TreeScanPL_plot7902301_tree13.npy,train,2,2,1,0.5458954236518359,0.38076946316036336,0.07333511181892256,0.9960203766822815
Alnus/TreeScanPL_plot7902301_tree14.npy,train,2,2,1,0.5128292065044813,0.3209138507008806,0.16625694133685173,0.9990686774253845
Alnus/TreeScanPL_plot7902301_tree15.npy,train,2,2,1,0.6158592131064445,0.20942450810387223,0.17471627658917585,0.9998212456703186
Alnus/TreeScanPL_plot7902301_tree16.npy,train,2,2,1,0.5347618054353708,0.28414338195537964,0.18109481106792438,0.9996591806411743
Picea/TreeScanPL_plot7902301_tree17.npy,train,7,7,1,0.9374983250610932,0.031027834715472446,0.03147383858893371,0.9987723231315613
Alnus/TreeScanPL_plot7902301_tree18.npy,train,2,2,1,0.4986038320497593,0.2968980279834712,0.20449813768872238,0.9994838237762451
Picea/TreeScanPL_plot7902301_tree19.npy,train,7,7,1,0.9105133367715328,0.028429058398072277,0.0610576032962665,0.9994019269943237
Alnus/TreeScanPL_plot7902301_tree20.npy,train,2,2,1,0.5536696536858289,0.32798005339623515,0.11835029053042583,0.9996683597564697
Alnus/TreeScanPL_plot7902301_tree23.npy,train,2,2,1,0.5830122636199165,0.3487860297869723,0.06820170444757213,0.9998838901519775
Alnus/TreeScanPL_plot7902301_tree26.npy,train,2,2,1,0.5340632363469978,0.3914930741700595,0.07444368757923611,0.9990943670272827
Pinus/TreeScanPL_plot601402_tree1.npy,train,8,8,1,0.6412558019176489,0.2550339049319381,0.10371028832876339,0.9999959468841553
Pinus/TreeScanPL_plot601402_tree2.npy,train,8,8,1,0.7664986629267849,0.17125412253243696,0.062247211005218274,0.9998888969421387
Pinus/TreeScanPL_plot601402_tree4.npy,train,8,8,1,0.5853117943739669,0.2633839330427709,0.1513042692599213,0.9999905824661255
Pinus/TreeScanPL_plot601402_tree5.npy,train,8,8,1,0.6604150003084677,0.21029291780245116,0.12929207835607945,0.9999606609344482
Pinus/TreeScanPL_plot601402_tree6.npy,train,8,8,1,0.6881978596555225,0.24704868685437625,0.06475344910232449,0.9999974966049194
Pinus/TreeScanPL_plot601402_tree7.npy,train,8,8,1,0.7537997453199159,0.18145833744030537,0.06474191357660568,0.999822199344635
Pinus/TreeScanPL_plot601402_tree8.npy,train,8,8,1,0.6636143773035555,0.23856463847033332,0.09782097937513323,0.9999979734420776
Pinus/TreeScanPL_plot601402_tree10.npy,train,8,8,1,0.6371271377268573,0.2728945993084391,0.08997825814863697,0.9999963045120239
Pinus/TreeScanPL_plot601402_tree11.npy,train,8,8,1,0.7102718602004872,0.18791599942616527,0.101812136506177,0.9999582767486572
Pinus/TreeScanPL_plot601402_tree12.npy,train,8,8,1,0.6466902686897604,0.25421675047532716,0.09909297736891039,0.9999812841415405
Pinus/TreeScanPL_plot601402_tree14.npy,train,8,8,1,0.5993411006258286,0.30091029730315616,0.0997485994800164,0.9999059438705444
Pinus/TreeScanPL_plot601402_tree15.npy,train,8,8,1,0.6323529027025188,0.31527939900128854,0.05236769389430876,0.9999967813491821
Pinus/TreeScanPL_plot601402_tree16.npy,train,8,8,1,0.7561794664361117,0.1512469895252918,0.09257353837667495,0.9999974966049194
Pinus/TreeScanPL_plot601402_tree17.npy,train,8,8,1,0.5716530113482204,0.3343745285943305,0.09397245517585293,0.9999984502792358
Pinus/TreeScanPL_plot601402_tree18.npy,train,8,8,1,0.5772305141849535,0.33597906292716406,0.0867904172612592,0.9999978542327881
Pinus/TreeScanPL_plot601402_tree19.npy,train,8,8,1,0.739597991352867,0.19515290018794032,0.06524910447142923,0.9999899864196777
Pinus/TreeScanPL_plot601402_tree21.npy,train,8,8,1,0.7031688320477393,0.21704185519721236,0.07978930924651025,0.9999719858169556
Pinus/TreeScanPL_plot601402_tree23.npy,train,8,8,1,0.6978594688876776,0.18644177850431037,0.1156987485690367,0.9999943971633911
Pinus/TreeScanPL_plot601402_tree24.npy,train,8,8,1,0.7005690902086695,0.2295277995962108,0.0699031063389128,0.9999947547912598
Picea/TreeScanPL_plot801702_tree1.npy,train,7,7,1,0.8536221883324143,0.08618675355562759,0.060191052831551864,0.9998239874839783
Picea/TreeScanPL_plot801702_tree2.npy,train,7,7,1,0.8679729990205318,0.0466064180075542,0.0854205794752648,0.9573224782943726
Picea/TreeScanPL_plot801702_tree4.npy,train,7,7,1,0.8462239188771984,0.06223376949270198,0.09154230838862266,0.9995918869972229
Picea/TreeScanPL_plot801702_tree5.npy,train,7,7,1,0.8973786322007044,0.059217419134642874,0.04340394508810097,0.9996168613433838
Picea/TreeScanPL_plot801702_tree7.npy,train,7,7,1,0.885079494691687,0.07557033152536317,0.03935016917379429,0.999895453453064
Quercus/TreeScanPL_plot801702_tree8.npy,train,9,9,1,0.6093132553752941,0.14507084006519705,0.24561590255329696,0.9991210103034973
Picea/TreeScanPL_plot801702_tree9.npy,train,7,7,1,0.8176811797044391,0.06484672266955184,0.1174720950679528,0.9931812882423401
Pinus/TreeScanPL_plot801702_tree10.npy,train,8,8,1,0.8373404686339144,0.12013413350086084,0.042525395213365014,0.997319757938385
Picea/TreeScanPL_plot801702_tree12.npy,train,7,7,1,0.835242899215041,0.09393345121836175,0.07082364463259339,0.9997448325157166
Picea/TreeScanPL_plot801702_tree13.npy,train,7,7,1,0.9144664326919403,0.05267561189304672,0.032857951644875115,0.9996352195739746
Pinus/TreeScanPL_plot801702_tree14.npy,train,8,8,1,0.7449819720090248,0.21159175338958916,0.04342627173519806,0.9998562335968018
Quercus/TreeScanPL_plot801702_tree15.npy,train,9,9,1,0.5158554564014396,0.1568400221296057,0.32730451986146564,0.9992772936820984
Picea/TreeScanPL_plot801702_tree16.npy,train,7,7,1,0.8412228719007726,0.06417899901000133,0.09459812559410243,0.9971530437469482
Picea/TreeScanPL_plot801702_tree17.npy,train,7,7,1,0.8706642344315199,0.0862143007306598,0.04312145939723749,0.9999430179595947
Quercus/TreeScanPL_plot801702_tree19.npy,train,9,9,1,0.5874858643920662,0.09378479678300976,0.31872933586162444,0.9999082088470459
Picea/TreeScanPL_plot801702_tree20.npy,train,7,7,1,0.8605238183433097,0.08527884159055825,0.05419733709311999,0.9989820122718811
Picea/TreeScanPL_plot801702_tree21.npy,train,7,7,1,0.89532245212136,0.07091776661688036,0.033759777178417584,0.9997615218162537
Picea/TreeScanPL_plot801702_tree23.npy,train,7,7,1,0.7946272152931141,0.12099312336954145,0.08437965811340922,0.9959762692451477
Picea/TreeScanPL_plot801702_tree24.npy,train,7,7,1,0.920192728458666,0.04362290753211786,0.03618436144844247,0.9875257015228271
Picea/TreeScanPL_plot801702_tree25.npy,train,7,7,1,0.8831853834807966,0.07615684169263176,0.04065777134268803,0.9996700286865234
Picea/TreeScanPL_plot801702_tree26.npy,train,7,7,1,0.9149109510905252,0.0322992977179996,0.052789749383244954,0.6410657167434692
Picea/TreeScanPL_plot801702_tree27.npy,train,7,7,1,0.783584040571801,0.1080650520179162,0.10835090350777474,0.9998241066932678
Quercus/TreeScanPL_plot801702_tree28.npy,train,9,9,1,0.5904421933178019,0.11503852085617411,0.29451928423251217,0.994820237159729
Picea/TreeScanPL_plot801702_tree29.npy,train,7,7,1,0.8544901853013223,0.06365564723398925,0.08185416255852407,0.9996078610420227
Picea/TreeScanPL_plot801702_tree32.npy,train,7,7,1,0.8959181643681653,0.06929720626127699,0.0347846254370467,0.9992870688438416
Picea/TreeScanPL_plot801702_tree33.npy,train,7,7,1,0.8275108209787493,0.08408547702962543,0.08840369868799727,0.9993845224380493
Pinus/TreeScanPL_plot901202_tree1.npy,train,8,8,1,0.6798419196069709,0.17952239849920174,0.14063567774932284,0.9999934434890747
Pinus/TreeScanPL_plot901202_tree2.npy,train,8,8,1,0.62865786625591,0.21867122232014605,0.1526709079872177,0.9999923706054688
Pinus/TreeScanPL_plot901202_tree3.npy,train,8,8,1,0.6737077590601631,0.2547824584388887,0.07150977833951522,0.999996542930603
Pinus/TreeScanPL_plot901202_tree4.npy,train,8,8,1,0.5404680325773079,0.25013234446973115,0.20939962124366235,0.9992446899414062
Pinus/TreeScanPL_plot901202_tree5.npy,train,8,8,1,0.6491250092383699,0.11215497052150526,0.23872001739603887,0.999913215637207
Pinus/TreeScanPL_plot901202_tree6.npy,train,8,8,1,0.6771890718346357,0.2346244890019016,0.08818643591354937,0.9999926090240479
Pinus/TreeScanPL_plot901202_tree7.npy,train,8,8,1,0.6219120731175525,0.22576625114111562,0.1523216737793574,0.9999021291732788
Pinus/TreeScanPL_plot901202_tree8.npy,train,8,8,1,0.7057551134618179,0.18867345515155315,0.10557142763778532,0.9999984502792358
Pinus/TreeScanPL_plot901202_tree9.npy,train,8,8,1,0.6302116441727682,0.24293502930476937,0.1268533232644141,0.9999631643295288
Pinus/TreeScanPL_plot901202_tree10.npy,train,8,8,1,0.7122525448625278,0.12611142902272862,0.16163602235752178,0.9999899864196777
Pinus/TreeScanPL_plot901202_tree11.npy,train,8,8,1,0.6468088452384623,0.240928226092509,0.11226292515909024,0.9999929666519165
Pinus/TreeScanPL_plot901202_tree12.npy,train,8,8,1,0.4824141017735361,0.37316928839977154,0.144416608223425,0.9992221593856812
Pinus/TreeScanPL_plot901202_tree13.npy,train,8,8,1,0.702449564440798,0.1561425048444857,0.1414079282535013,0.9991291165351868
Pinus/TreeScanPL_plot901202_tree15.npy,train,8,8,1,0.7801150325910788,0.14407591396610442,0.07580904931458658,0.999990701675415
Pinus/TreeScanPL_plot901202_tree17.npy,train,8,8,1,0.690485637626276,0.2237989335103618,0.08571542363290845,0.999998927116394
Pinus/TreeScanPL_plot901202_tree18.npy,train,8,8,1,0.583236854163596,0.31223361905172575,0.10452952299873992,0.9999951124191284
Pinus/TreeScanPL_plot901202_tree21.npy,train,8,8,1,0.7076133511764863,0.19766535520528028,0.09472128913508955,0.9999982118606567
Pinus/TreeScanPL_plot901202_tree24.npy,train,8,8,1,0.5941931828555727,0.27644920728200234,0.12935760697144966,0.9999879598617554
Pinus/TreeScanPL_plot901202_tree25.npy,train,8,8,1,0.698387503381246,0.19422182218447057,0.10739067035585469,0.9999942779541016
Pinus/TreeScanPL_plot901202_tree26.npy,train,8,8,1,0.6885644678463442,0.1683733786817753,0.143062149050677,0.9999986886978149
Pinus/TreeScanPL_plot901202_tree27.npy,train,8,8,1,0.6612283428990584,0.25178315020354886,0.08698850263661756,0.9999967813491821
Pinus/TreeScanPL_plot901202_tree28.npy,train,8,8,1,0.5983986828904296,0.22986335730463697,0.17173795652246687,0.9999127388000488
Pinus/TreeScanPL_plot901202_tree29.npy,train,8,8,1,0.6363363719100427,0.2554608841902203,0.10820273943458197,0.9999966621398926
Pinus/TreeScanPL_plot901202_tree30.npy,train,8,8,1,0.4959373626498343,0.33194835376815074,0.17211428096624193,0.9997442364692688
Pinus/TreeScanPL_plot901202_tree31.npy,train,8,8,1,0.6706579845601407,0.23192533453707861,0.09741667732244576,0.9999734163284302
Pinus/TreeScanPL_plot901202_tree33.npy,train,8,8,1,0.44977891334184905,0.23278376835137993,0.3174373164434016,0.9941589832305908
Pinus/TreeScanPL_plot901202_tree34.npy,train,8,8,1,0.5495206095783497,0.18162067054718525,0.26885871774523457,0.9935196042060852
Pinus/TreeScanPL_plot901202_tree35.npy,train,8,8,1,0.5906460186928477,0.26430181221256327,0.14505216636596913,0.9999294281005859
Pinus/TreeScanPL_plot901202_tree36.npy,train,8,8,1,0.6664003393043576,0.18276336625529513,0.15083628902306906,0.9999984502792358
Pinus/TreeScanPL_plot901202_tree37.npy,train,8,8,1,0.6811267791566488,0.24859088964419773,0.0702823281901854,0.9999750852584839
Pinus/TreeScanPL_plot901202_tree38.npy,train,8,8,1,0.6108289331911614,0.30271595981114197,0.086455102442063,0.9999971389770508
Pinus/TreeScanPL_plot901202_tree40.npy,train,8,8,1,0.7367478250345761,0.08641073961935321,0.17684143138397382,0.9999978542327881
Pinus/TreeScanPL_plot901202_tree41.npy,train,8,8,1,0.7861353119327315,0.06463732857626525,0.14922735570479564,0.9999853372573853
Pinus/TreeScanPL_plot901202_tree42.npy,train,8,8,1,0.6568326951278819,0.223180713335973,0.11998658728953478,0.9999837875366211
Pinus/TreeScanPL_plot901202_tree44.npy,train,8,8,1,0.6685793942641471,0.16993797638517041,0.1614826248809917,0.9999828338623047
Pinus/TreeScanPL_plot901202_tree45.npy,train,8,8,1,0.6966716109227739,0.18520553799595948,0.11812284746387852,0.9999890327453613
Pinus/TreeScanPL_plot901202_tree46.npy,train,8,8,1,0.7139963854107269,0.15009054050594595,0.13591306915197185,0.9999984502792358
Pinus/TreeScanPL_plot901202_tree47.npy,train,8,8,1,0.6060270874879939,0.3024089065759438,0.09156400242014368,0.9999555349349976
Pinus/TreeScanPL_plot901202_tree52.npy,train,8,8,1,0.6316934621414726,0.2290168356349086,0.13928969833281224,0.9999973773956299
Pinus/TreeScanPL_plot901202_tree53.npy,train,8,8,1,0.5905273430391869,0.2586352042835871,0.15083745013057076,0.9998133778572083
Pinus/TreeScanPL_plot901202_tree54.npy,train,8,8,1,0.5811440249057065,0.2967523911626993,0.12210357998001078,0.9999920129776001
Pinus/TreeScanPL_plot901202_tree55.npy,train,8,8,1,0.6439291454250335,0.25220544206743717,0.10386540881150327,0.9999978542327881
Pinus/TreeScanPL_plot901202_tree56.npy,train,8,8,1,0.640249466837979,0.2000958214700123,0.15965470827232192,0.9999895095825195
Pinus/TreeScanPL_plot901202_tree57.npy,train,8,8,1,0.6968247878715643,0.25062683052877094,0.05254837802449835,0.9999957084655762
Pinus/TreeScanPL_plot901202_tree58.npy,train,8,8,1,0.7017335645960908,0.20080666355176036,0.09745976813833554,0.9999938011169434
Pinus/TreeScanPL_plot901202_tree59.npy,train,8,8,1,0.6657959711693874,0.2467733542121508,0.08743067087792229,0.9999979734420776
Pinus/TreeScanPL_plot901202_tree60.npy,train,8,8,1,0.6221761713796357,0.27431659625844323,0.10350722841023374,0.9999951124191284
Pinus/TreeScanPL_plot901202_tree61.npy,train,8,8,1,0.7288431904505662,0.11122933052859961,0.1599274748170816,0.9999920129776001
Pinus/TreeScanPL_plot901202_tree62.npy,train,8,8,1,0.684478388428367,0.1850418437555321,0.13047976344565057,0.9999969005584717
Pinus/TreeScanPL_plot901202_tree63.npy,train,8,8,1,0.627873793379633,0.14677127073906673,0.2253549333284314,0.9998986721038818
Pinus/TreeScanPL_plot901202_tree64.npy,train,8,8,1,0.7018309628418534,0.1780113010161017,0.12015773136663518,0.9999988079071045
Pinus/TreeScanPL_plot901202_tree65.npy,train,8,8,1,0.6955668064816031,0.20213897217066978,0.102294215858315,0.9999991655349731
Pinus/TreeScanPL_plot901202_tree66.npy,train,8,8,1,0.6281028225147776,0.17886173384743825,0.19303544084493313,0.9999182224273682
Pinus/TreeScanPL_plot901202_tree68.npy,train,8,8,1,0.5600289350408844,0.2641620330289974,0.17580902967589002,0.999891996383667
Pinus/TreeScanPL_plot901202_tree69.npy,train,8,8,1,0.6531370420381509,0.22568022945606786,0.1211827239332573,0.9999897480010986
Pinus/TreeScanPL_plot901202_tree70.npy,train,8,8,1,0.668270670008436,0.26271410281344826,0.0690152225455709,0.999997615814209
Pinus/TreeScanPL_plot901202_tree71.npy,train,8,8,1,0.6640903824085614,0.23213773315075908,0.10377188043265227,0.999996542930603
Pinus/TreeScanPL_plot901202_tree72.npy,train,8,8,1,0.6683213597528015,0.12586975599406222,0.20580888062295802,0.9999790191650391
Pinus/TreeScanPL_plot901202_tree73.npy,train,8,8,1,0.7342770864671461,0.182535264043885,0.08318764402071309,0.9999991655349731
Pinus/TreeScanPL_plot901202_tree74.npy,train,8,8,1,0.6275358275791294,0.2871078577291224,0.08535631112472222,0.9999954700469971
Pinus/TreeScanPL_plot901202_tree75.npy,train,8,8,1,0.621730746665036,0.23308806885252184,0.1451811812548025,0.999977707862854
Pinus/TreeScanPL_plot901202_tree76.npy,train,8,8,1,0.6972938142114191,0.22353470290119593,0.07917147895278993,0.9999948740005493
Pinus/TreeScanPL_plot901202_tree78.npy,train,8,8,1,0.6417388036688048,0.24402917504835614,0.11423201699397117,0.9999988079071045
Pinus/TreeScanPL_plot901202_tree79.npy,train,8,8,1,0.6738383214079218,0.24479760813394802,0.08136406486515506,0.9999958276748657
Pinus/TreeScanPL_plot901202_tree80.npy,train,8,8,1,0.7255929416376039,0.09323411602129858,0.18117293858117153,0.9999967813491821
Pinus/TreeScanPL_plot901202_tree81.npy,train,8,8,1,0.7406360624581835,0.16074107773018353,0.09862285631127868,0.9999861717224121
Pinus/TreeScanPL_plot901202_tree82.npy,train,8,8,1,0.6009892714749879,0.19026379950097663,0.20874692590644278,0.9999420642852783
Pinus/TreeScanPL_plot901202_tree84.npy,train,8,8,1,0.6912091917748763,0.16802201626369137,0.14076878795149161,0.9999768733978271
Pinus/TreeScanPL_plot901202_tree85.npy,train,8,8,1,0.6331365619448617,0.24339313879922306,0.12347029678829986,0.9997957348823547
Pinus/TreeScanPL_plot901202_tree86.npy,train,8,8,1,0.669091561046184,0.2602909934017615,0.07061744226148929,0.9999934434890747
Pinus/TreeScanPL_plot901202_tree87.npy,train,8,8,1,0.7149754234518524,0.1364848251006818,0.1485397482692665,0.9999858140945435
Pinus/TreeScanPL_plot901202_tree88.npy,train,8,8,1,0.6539401579167118,0.2000038433559513,0.14605599603127256,0.9999715089797974
Pinus/TreeScanPL_plot901202_tree89.npy,train,8,8,1,0.6551724023650627,0.2681738843843359,0.0766537083893053,0.9999969005584717
Pinus/TreeScanPL_plot901202_tree90.npy,train,8,8,1,0.6023720941702232,0.3044289014678534,0.09319900200208531,0.9999032020568848
Pinus/TreeScanPL_plot901202_tree92.npy,train,8,8,1,0.6657938347131906,0.18097064189890844,0.15323552022930867,0.9999719858169556
Pinus/TreeScanPL_plot901202_tree93.npy,train,8,8,1,0.6078139094204539,0.21361293267385012,0.17857315437648028,0.9999963045120239
Pinus/TreeScanPL_plot901202_tree94.npy,train,8,8,1,0.6177572086125818,0.17487541035833234,0.20736737827553836,0.9999349117279053
Pinus/TreeScanPL_plot901202_tree96.npy,train,8,8,1,0.7260096288776229,0.14730145905480282,0.12668890770613123,0.9999986886978149
Pinus/TreeScanPL_plot901202_tree97.npy,train,8,8,1,0.730300714802416,0.15510719763405004,0.11459208336123157,0.9999963045120239
Pinus/TreeScanPL_plot901202_tree98.npy,train,8,8,1,0.5939127376989022,0.15839957912427508,0.2476876806877928,0.9999558925628662
Pinus/TreeScanPL_plot901202_tree99.npy,train,8,8,1,0.6284521025790047,0.2039108405407033,0.1676370552014075,0.9996613264083862
Pinus/TreeScanPL_plot901202_tree101.npy,train,8,8,1,0.7071859934558165,0.24548860833312774,0.04732539623492996,0.9982977509498596
Pinus/TreeScanPL_plot901202_tree102.npy,train,8,8,1,0.7075354189578098,0.20910064775707285,0.0833639286753149,0.9999926090240479
Pinus/TreeScanPL_plot1102502_tree1.npy,train,8,8,1,0.737566754572694,0.2319406476171034,0.03049259375902143,0.9999934434890747
Pinus/TreeScanPL_plot1102502_tree2.npy,train,8,8,1,0.7866282061214352,0.1658477722241479,0.04752401922744896,0.999947190284729
Quercus/TreeScanPL_plot1102502_tree4.npy,train,9,9,1,0.5971494427020687,0.045524606438052895,0.3573259485083716,0.99998939037323
Quercus/TreeScanPL_plot1102502_tree6.npy,train,9,9,1,0.5151382694882467,0.12092920327591518,0.36393252368141327,0.9999792575836182
Quercus/TreeScanPL_plot1102502_tree7.npy,train,9,9,1,0.5880283987634075,0.08370345183064544,0.32826814607859356,0.9999722242355347
Quercus/TreeScanPL_plot1102502_tree8.npy,train,9,9,1,0.5490895524128031,0.04779907676706495,0.4031113685971401,0.9999685287475586
Pinus/TreeScanPL_plot1102502_tree9.npy,train,8,8,1,0.7811391863899564,0.1803776641427245,0.038483146657826615,0.9999140501022339
Quercus/TreeScanPL_plot1102502_tree12.npy,train,9,9,1,0.4882992623133471,0.10562312739842898,0.40607760843426244,0.9998950958251953
Pinus/TreeScanPL_plot1102502_tree16.npy,train,8,8,1,0.7390763794307127,0.20096943292202646,0.05995418338287216,0.9999866485595703
Pinus/TreeScanPL_plot1102502_tree18.npy,train,8,8,1,0.6973026447118137,0.22689584924286524,0.07580150174767712,0.999990701675415
Quercus/TreeScanPL_plot1102502_tree20.npy,train,9,9,1,0.41180937114608135,0.12071878496326233,0.4674718422289081,0.9999834299087524
Pinus/TreeScanPL_plot1102502_tree21.npy,train,8,8,1,0.741082881413664,0.18307210923771788,0.07584500560264747,0.9999932050704956
Quercus/TreeScanPL_plot1102502_tree23.npy,train,9,9,1,0.6319666343134586,0.041417111807116436,0.32661625144136985,0.999936580657959
Pinus/TreeScanPL_plot1102502_tree24.npy,train,8,8,1,0.8256802252706978,0.0976656650663476,0.0766541065547535,0.9997759461402893
Quercus/TreeScanPL_plot1102502_tree25.npy,train,9,9,1,0.5715996082031485,0.09775523438400477,0.3306451545396041,0.9999630451202393
Quercus/TreeScanPL_plot1102502_tree28.npy,train,9,9,1,0.44461321185733776,0.10704390271820098,0.4483428834879924,0.999984622001648
Pinus/TreeScanPL_plot1102502_tree29.npy,train,8,8,1,0.7949739099213168,0.17149564386749064,0.03353044339921577,0.9995877146720886
Pinus/TreeScanPL_plot1102502_tree30.npy,train,8,8,1,0.7194588133265797,0.20126614094368078,0.07927504285903038,0.9999332427978516
Quercus/TreeScanPL_plot1102502_tree32.npy,train,9,9,1,0.518077288080815,0.0579289618375701,0.42399374729092126,0.9998841285705566
Pinus/TreeScanPL_plot1102502_tree33.npy,train,8,8,1,0.7626959001085725,0.15571589158818108,0.08158820580032182,0.9983600974082947
Quercus/TreeScanPL_plot1102502_tree34.npy,train,9,9,1,0.7331576539922215,0.05621997998883202,0.21062236436177503,0.9997780919075012
Pinus/TreeScanPL_plot1102502_tree35.npy,train,8,8,1,0.7035920217247674,0.24472954980143138,0.05167842350559275,0.9999978542327881
Pinus/TreeScanPL_plot1102502_tree37.npy,train,8,8,1,0.6376196963479622,0.28432692537975107,0.0780533725599502,0.9999980926513672
Pinus/TreeScanPL_plot1102502_tree38.npy,train,8,8,1,0.7780063279796038,0.19057543204450278,0.03141823702028526,0.9999188184738159
Pinus/TreeScanPL_plot1301202_tree1.npy,train,8,8,1,0.6276007498138974,0.31447013534813045,0.05792910989375807,0.999997615814209
Pinus/TreeScanPL_plot1301202_tree2.npy,train,8,8,1,0.6647130716208282,0.264980671040688,0.07030625458780082,0.9999423027038574
Pinus/TreeScanPL_plot1301202_tree4.npy,train,8,8,1,0.6412730156665437,0.2947359755782644,0.06399100410923837,0.999975323677063
Pinus/TreeScanPL_plot1301202_tree5.npy,train,8,8,1,0.6501505225502566,0.1745885808950118,0.17526089302087947,0.9999752044677734
Pinus/TreeScanPL_plot1301202_tree6.npy,train,8,8,1,0.7345450200976789,0.19274293534841985,0.0727120420883985,0.9988887906074524
Pinus/TreeScanPL_plot1301202_tree9.npy,train,8,8,1,0.616841247781977,0.2848787546583194,0.09827999215679002,0.9999985694885254
Pinus/TreeScanPL_plot1301202_tree10.npy,train,8,8,1,0.6920219773371509,0.1881071825871407,0.11987083609007876,0.9999904632568359
Pinus/TreeScanPL_plot1301202_tree11.npy,train,8,8,1,0.6773819547605948,0.22268855855248948,0.09992948162474091,0.9999935626983643
Pinus/TreeScanPL_plot1301202_tree12.npy,train,8,8,1,0.6061464517899043,0.29839494190173355,0.09545860187700834,0.9999964237213135
Pinus/TreeScanPL_plot1301202_tree14.npy,train,8,8,1,0.5767899127442021,0.3356904175417617,0.08751966412301465,0.9999986886978149
Pinus/TreeScanPL_plot1301202_tree15.npy,train,8,8,1,0.5938550094353341,0.29871089076336005,0.10743409347199122,0.9999994039535522
Pinus/TreeScanPL_plot1301202_tree16.npy,train,8,8,1,0.6073083549406101,0.3046042538072034,0.08808738533283267,0.9999994039535522
Pinus/TreeScanPL_plot1301202_tree17.npy,train,8,8,1,0.7468928991557816,0.16961180029728784,0.08349529688697614,0.9999936819076538
Pinus/TreeScanPL_plot1301202_tree20.npy,train,8,8,1,0.6050236230909852,0.2947600000863274,0.10021637260932638,0.9999963045120239
Pinus/TreeScanPL_plot1301202_tree21.npy,train,8,8,1,0.6426678403054746,0.2797139776813256,0.07761817843027388,0.999996542930603
Pinus/TreeScanPL_plot1301202_tree24.npy,train,8,8,1,0.6014633825937203,0.32689704850716894,0.07163956417388638,0.9999977350234985
Pinus/TreeScanPL_plot1301202_tree25.npy,train,8,8,1,0.625065584650879,0.2733030827481746,0.10163132705647994,0.9999984502792358
Pinus/TreeScanPL_plot1301202_tree26.npy,train,8,8,1,0.6570479470129433,0.2711867746825204,0.07176527312502474,0.9999971389770508
Pinus/TreeScanPL_plot1301202_tree27.npy,train,8,8,1,0.6014945951089904,0.32721029593606626,0.07129510311796916,0.999998927116394
Pinus/TreeScanPL_plot1301202_tree29.npy,train,8,8,1,0.6718891501748404,0.22351250686555935,0.1045983387701638,0.9999897480010986
Pinus/TreeScanPL_plot1301202_tree30.npy,train,8,8,1,0.6509433583655407,0.2539461764095207,0.0951104601653436,0.999995231628418
Pinus/TreeScanPL_plot1301202_tree31.npy,train,8,8,1,0.6740925103537011,0.24204230588175213,0.08386517963467911,0.9999903440475464
Pinus/TreeScanPL_plot1301202_tree32.npy,train,8,8,1,0.6590289743120203,0.21395504497483434,0.12701597523033775,0.9999986886978149
Pinus/TreeScanPL_plot1301202_tree33.npy,train,8,8,1,0.6563209974862506,0.2522918795687413,0.09138711800163496,0.9999983310699463
Pinus/TreeScanPL_plot1301202_tree34.npy,train,8,8,1,0.6046072994939649,0.3067584138925894,0.08863428241059024,0.9999967813491821
Pinus/TreeScanPL_plot1301202_tree35.npy,train,8,8,1,0.5651787986117316,0.35901730321407965,0.07580389349303904,0.9999971389770508
Pinus/TreeScanPL_plot1301202_tree36.npy,train,8,8,1,0.6120337062253207,0.30422550534316656,0.08374078447882999,0.9999767541885376
Pinus/TreeScanPL_plot1302002_tree1.npy,train,8,8,1,0.7260731915954954,0.21678576052715523,0.05714104495340269,0.9999288320541382
Pinus/TreeScanPL_plot1302002_tree2.npy,train,8,8,1,0.6987107155427706,0.23295858071597428,0.06833070012819628,0.9999750852584839
Pinus/TreeScanPL_plot1302002_tree3.npy,train,8,8,1,0.7915475676712203,0.10936068801488495,0.0990917415572749,0.9998458623886108
Pinus/TreeScanPL_plot1302002_tree4.npy,train,8,8,1,0.6979494373244882,0.22623903491778058,0.07581152404126172,0.9999879598617554
Pinus/TreeScanPL_plot1302002_tree5.npy,train,8,8,1,0.8169545979945737,0.12963514337512758,0.053410254587603234,0.9999775886535645
Pinus/TreeScanPL_plot1302002_tree6.npy,train,8,8,1,0.7214628061382805,0.1805610189418413,0.0979761714727055,0.999640941619873
Pinus/TreeScanPL_plot1302002_tree8.npy,train,8,8,1,0.7023285772655204,0.18068724477612877,0.11698417539093897,0.9996269941329956
Pinus/TreeScanPL_plot1302002_tree9.npy,train,8,8,1,0.7460576506882459,0.1729385676869404,0.08100377692220202,0.999995231628418
Pinus/TreeScanPL_plot1302002_tree10.npy,train,8,8,1,0.678037087498633,0.2638284137128564,0.058134494542676454,0.9999935626983643
Pinus/TreeScanPL_plot1302002_tree11.npy,train,8,8,1,0.7409276499660973,0.21008072332696448,0.04899162280455942,0.9999542236328125
Pinus/TreeScanPL_plot1302002_tree12.npy,train,8,8,1,0.7545743616748838,0.2119424444542521,0.03348319101892714,0.9999620914459229
Pinus/TreeScanPL_plot1302002_tree13.npy,train,8,8,1,0.7501724324420962,0.145776530767169,0.1040510343007682,0.999658465385437
Pinus/TreeScanPL_plot1302002_tree16.npy,train,8,8,1,0.6217559630470766,0.25904449361783366,0.11919954049391887,0.9998165965080261
Pinus/TreeScanPL_plot1302002_tree18.npy,train,8,8,1,0.8095298031522427,0.15715135435594074,0.03331883920637446,0.9999486207962036
Pinus/TreeScanPL_plot1302002_tree19.npy,train,8,8,1,0.7956848532003903,0.13239745544609485,0.0719176879324981,0.9999613761901855
Pinus/TreeScanPL_plot1302002_tree20.npy,train,8,8,1,0.6547186212478083,0.23280640853733925,0.11247496747471294,0.9993575215339661
Pinus/TreeScanPL_plot1302002_tree21.npy,train,8,8,1,0.7351907292032339,0.20345575000275362,0.061353517670724556,0.9999284744262695
Pinus/TreeScanPL_plot1302002_tree22.npy,train,8,8,1,0.7311081489271297,0.1723630212302429,0.09652882701106442,0.9998118281364441
Pinus/TreeScanPL_plot1302002_tree23.npy,train,8,8,1,0.8280489648941443,0.11026899102013236,0.06168204132024277,0.9943335056304932
Pinus/TreeScanPL_plot1302002_tree24.npy,train,8,8,1,0.8473943996853304,0.12778962961371562,0.024815968100155593,0.9999401569366455
Pinus/TreeScanPL_plot1302002_tree25.npy,train,8,8,1,0.7921945444053329,0.147789258474711,0.060016194612117185,0.9991286396980286
Pinus/TreeScanPL_plot1302002_tree26.npy,train,8,8,1,0.773720509246392,0.16323075712740978,0.06304872936470257,0.9999713897705078
Pinus/TreeScanPL_plot1302002_tree29.npy,train,8,8,1,0.6823302217809404,0.25147934693809393,0.0661904280202565,0.9999806880950928
Pinus/TreeScanPL_plot1302002_tree31.npy,train,8,8,1,0.8450112737913623,0.10646120696615836,0.048527516089169755,0.9997578263282776
Pinus/TreeScanPL_plot1302002_tree32.npy,train,8,8,1,0.6757728586161551,0.25957747278688564,0.06464966460488906,0.9999697208404541
Pinus/TreeScanPL_plot1302002_tree33.npy,train,8,8,1,0.7074376000470731,0.23255555562584806,0.060006840140644196,0.9999923706054688
Pinus/TreeScanPL_plot1302002_tree34.npy,train,8,8,1,0.7395169319883895,0.23297940792752095,0.027503657533780933,0.9993341565132141
Pinus/TreeScanPL_plot1302002_tree36.npy,train,8,8,1,0.8170409299725929,0.12303928365867425,0.059919783922639816,0.8056871891021729
Pinus/TreeScanPL_plot1302002_tree37.npy,train,8,8,1,0.745740389017415,0.21239089401025246,0.04186871311885053,0.9999817609786987
Pinus/TreeScanPL_plot1302002_tree40.npy,train,8,8,1,0.7171921196563843,0.17758232046139236,0.10522555784340679,0.9977806210517883
Pinus/TreeScanPL_plot1302002_tree41.npy,train,8,8,1,0.6346275307345319,0.2672956896806698,0.09807677764193633,0.9787577986717224
Pinus/TreeScanPL_plot1401302_tree1.npy,train,8,8,1,0.6395201742640404,0.24658102817404537,0.11389879251040468,0.9999988079071045
Pinus/TreeScanPL_plot1401302_tree2.npy,train,8,8,1,0.5819125283758743,0.3091961239768327,0.1088913457051555,0.9958347082138062
Pinus/TreeScanPL_plot1401302_tree6.npy,train,8,8,1,0.5822980735470463,0.2953313937543236,0.12237052993167559,0.9997723698616028
Pinus/TreeScanPL_plot1401302_tree7.npy,train,8,8,1,0.6937998680381752,0.16586933326540382,0.14033079429772463,0.9999957084655762
Pinus/TreeScanPL_plot1401302_tree8.npy,train,8,8,1,0.6682843457574708,0.251641080130186,0.08007456854371113,0.9999992847442627
Pinus/TreeScanPL_plot1401302_tree9.npy,train,8,8,1,0.6874716943758685,0.2515724880773736,0.0609558127108447,0.9999971389770508
Pinus/TreeScanPL_plot1401302_tree10.npy,train,8,8,1,0.6524174975379148,0.2427930574140192,0.10478943928758921,0.9999971389770508
Pinus/TreeScanPL_plot1401302_tree11.npy,train,8,8,1,0.7043601210865017,0.17378802724294762,0.12185184627181546,0.999998927116394
Pinus/TreeScanPL_plot1401302_tree12.npy,train,8,8,1,0.705808561607953,0.1847098338937579,0.10948159865601297,0.9999992847442627
Pinus/TreeScanPL_plot1401302_tree13.npy,train,8,8,1,0.6144613207687362,0.24441306889013256,0.14112560498673865,0.9999983310699463
Pinus/TreeScanPL_plot1401302_tree14.npy,train,8,8,1,0.6684757361579243,0.16776420655101815,0.16376005200627533,0.9999985694885254
Pinus/TreeScanPL_plot1401302_tree15.npy,train,8,8,1,0.7323542496979236,0.1693085399005498,0.09833720693003227,0.9999881982803345
Pinus/TreeScanPL_plot1401302_tree16.npy,train,8,8,1,0.6972901627214759,0.1455221782675966,0.157187652841795,0.9999995231628418
Pinus/TreeScanPL_plot1401302_tree17.npy,train,8,8,1,0.6843801097012119,0.19489317312832563,0.12072671151524,0.999998927116394
Pinus/TreeScanPL_plot1401302_tree18.npy,train,8,8,1,0.6912535389593122,0.17940501045279036,0.12934144673663062,0.999996542930603
Pinus/TreeScanPL_plot1401302_tree19.npy,train,8,8,1,0.6714338613660347,0.2194118875337061,0.10915424623498098,0.9999982118606567
Pinus/TreeScanPL_plot1401302_tree20.npy,train,8,8,1,0.7066312854975237,0.18798585678123658,0.10538285426698225,0.9999502897262573
Pinus/TreeScanPL_plot1401302_tree21.npy,train,8,8,1,0.6608586889112015,0.2340090542554046,0.10513225212652293,0.9999977350234985
Pinus/TreeScanPL_plot1401302_tree22.npy,train,8,8,1,0.6026956809623899,0.24379352314663455,0.15351079375106416,0.9995887875556946
Pinus/TreeScanPL_plot1401302_tree23.npy,train,8,8,1,0.5283880305868038,0.251145600246949,0.22046636759397636,0.999240517616272
Pinus/TreeScanPL_plot1401302_tree25.npy,train,8,8,1,0.6763431557789934,0.2037250531818412,0.11993178554867646,0.9999983310699463
Pinus/TreeScanPL_plot1401302_tree26.npy,train,8,8,1,0.7014429720706988,0.19657074609437694,0.10198627685263865,0.9999982118606567
Pinus/TreeScanPL_plot1401302_tree27.npy,train,8,8,1,0.7271714488651364,0.1742577453775364,0.09857080203266262,0.9999951124191284
Pinus/TreeScanPL_plot1401302_tree28.npy,train,8,8,1,0.6047877240233542,0.24548655788268509,0.14972571291086392,0.9999990463256836
Pinus/TreeScanPL_plot1401302_tree29.npy,train,8,8,1,0.7158474681087892,0.20657819102066155,0.07757433794475645,0.9999470710754395
Pinus/TreeScanPL_plot1401302_tree30.npy,train,8,8,1,0.6480505772024526,0.2538660226383186,0.09808339686093726,0.9999085664749146
Pinus/TreeScanPL_plot1401302_tree31.npy,train,8,8,1,0.653251958003344,0.2516489504464537,0.09509908737845058,0.9999834299087524
Pinus/TreeScanPL_plot1401302_tree32.npy,train,8,8,1,0.677965241304243,0.21187951976492087,0.11015523495984571,0.9999953508377075
Pinus/TreeScanPL_plot1401302_tree33.npy,train,8,8,1,0.713005521690408,0.22414236827825726,0.06285210595287967,0.9999932050704956
Pinus/TreeScanPL_plot1401302_tree34.npy,train,8,8,1,0.6492980947903279,0.23516272147973677,0.11553917877252824,0.9999983310699463
Pinus/TreeScanPL_plot1401302_tree35.npy,train,8,8,1,0.6481851586064827,0.21309678874356808,0.1387180498488468,0.9998443126678467
Pinus/TreeScanPL_plot1401302_tree36.npy,train,8,8,1,0.7000924238728037,0.22705550453283263,0.07285206569853316,0.9999983310699463
Pinus/TreeScanPL_plot1401302_tree38.npy,train,8,8,1,0.669982212874251,0.21986217775547673,0.11015560492808314,0.9999985694885254
Pinus/TreeScanPL_plot1401302_tree39.npy,train,8,8,1,0.6688103947455359,0.2316029668169811,0.09958663325683854,0.9999973773956299
Pinus/TreeScanPL_plot1401302_tree40.npy,train,8,8,1,0.6777638919286697,0.23480924605787382,0.08742685601394591,0.9999985694885254
Pinus/TreeScanPL_plot1401302_tree41.npy,train,8,8,1,0.6546470368341717,0.19259610264947952,0.15275685679367254,0.999993085861206
Pinus/TreeScanPL_plot1401302_tree42.npy,train,8,8,1,0.7139673685374975,0.18910572565282346,0.09692690181096762,0.9999808073043823
Pinus/TreeScanPL_plot1401302_tree44.npy,train,8,8,1,0.689421837831737,0.18193803134321593,0.12864012759657475,0.9999477863311768
Pinus/TreeScanPL_plot1401302_tree45.npy,train,8,8,1,0.6704563586468397,0.2421384075922639,0.08740522817056261,0.999998927116394
Pinus/TreeScanPL_plot1401302_tree46.npy,train,8,8,1,0.7236764908502005,0.14423548507734066,0.13208801974071716,0.9999986886978149
Pinus/TreeScanPL_plot1401302_tree47.npy,train,8,8,1,0.6502294611278989,0.21812531580478267,0.13164521815106256,0.9999970197677612
Pinus/TreeScanPL_plot1401302_tree48.npy,train,8,8,1,0.7100020818492537,0.19413809673801102,0.09585981602398896,0.9999984502792358
Pinus/TreeScanPL_plot1401302_tree49.npy,train,8,8,1,0.6704800072366768,0.2282520769526432,0.10126791232537653,0.9999867677688599
Pinus/TreeScanPL_plot1401302_tree50.npy,train,8,8,1,0.6504254156625779,0.24893300443744004,0.10064157512363141,0.9999982118606567
Pinus/TreeScanPL_plot1401302_tree51.npy,train,8,8,1,0.6449540824662262,0.266525516999149,0.08852039529783798,0.9999994039535522
Pinus/TreeScanPL_plot1401302_tree52.npy,train,8,8,1,0.6708037513958148,0.226108727658947,0.10308751589136961,0.9999973773956299
Pinus/TreeScanPL_plot1401302_tree54.npy,train,8,8,1,0.6732530190368188,0.23677546229602034,0.08997151505007732,0.9999771118164062
Pinus/TreeScanPL_plot1401302_tree57.npy,train,8,8,1,0.6670766227663525,0.2079942642782287,0.12492910673868092,0.9999995231628418
Pinus/TreeScanPL_plot1401302_tree59.npy,train,8,8,1,0.6978224007913978,0.20031039985221724,0.10186719385264757,0.9999986886978149
Pinus/TreeScanPL_plot1401302_tree61.npy,train,8,8,1,0.7352062200690953,0.07925255785253733,0.18554121973235577,0.9998996257781982
Pinus/TreeScanPL_plot1401302_tree63.npy,train,8,8,1,0.6821628064600671,0.21218670223848285,0.10565048596224023,0.9999986886978149
Pinus/TreeScanPL_plot1401302_tree65.npy,train,8,8,1,0.6604144073862775,0.23758608146774046,0.10199950733877765,0.9999879598617554
Pinus/TreeScanPL_plot1401302_tree67.npy,train,8,8,1,0.6877321284464336,0.2256626578369372,0.08660521016409496,0.9999861717224121
Pinus/TreeScanPL_plot1401302_tree68.npy,train,8,8,1,0.6804864726225749,0.20554751954966402,0.11396600303957853,0.999997615814209
Pinus/TreeScanPL_plot1401302_tree69.npy,train,8,8,1,0.6503823390098161,0.27848459707844186,0.0711330593144142,0.9999985694885254
Pinus/TreeScanPL_plot1401302_tree70.npy,train,8,8,1,0.6514973588487188,0.2537828300908731,0.09471980718420593,0.9999905824661255
Pinus/TreeScanPL_plot1501902_tree1.npy,train,8,8,1,0.5947944412458599,0.21953380849489504,0.1856717476382672,0.9959197044372559
Pinus/TreeScanPL_plot1501902_tree2.npy,train,8,8,1,0.5583881752393002,0.11688852426267185,0.3247232988445962,0.7808712720870972
Quercus/TreeScanPL_plot1501902_tree3.npy,train,9,9,1,0.5575477619207483,0.05273911549939308,0.3897131201441438,0.999942421913147
Pinus/TreeScanPL_plot1501902_tree4.npy,train,8,8,1,0.6454096497452727,0.23589577338488418,0.11869457278089389,0.9999843835830688
Pinus/TreeScanPL_plot1501902_tree6.npy,train,8,8,1,0.6998841243783696,0.1854740800925043,0.11464179238839606,0.999976634979248
Pinus/TreeScanPL_plot1501902_tree7.npy,train,8,8,1,0.34958829357056087,0.31760239639519916,0.33280930822760824,0.9511014223098755
Quercus/TreeScanPL_plot1501902_tree8.npy,train,9,9,1,0.5117375769047997,0.0507753108584816,0.437487110120148,0.9999513626098633
Pinus/TreeScanPL_plot1501902_tree9.npy,train,8,8,1,0.6774614836844575,0.16588806775739615,0.1566504452135497,0.9999762773513794
Pinus/TreeScanPL_plot1501902_tree11.npy,train,8,8,1,0.7027792723013424,0.17240381434977944,0.12481691047782072,0.9960126876831055
Pinus/TreeScanPL_plot1501902_tree12.npy,train,8,8,1,0.6778556065926487,0.09520861248811228,0.22693577827460762,0.9979959726333618
Pinus/TreeScanPL_plot1501902_tree13.npy,train,8,8,1,0.8136254329422626,0.11907907811680697,0.06729548580549602,0.9998220801353455
Pinus/TreeScanPL_plot1501902_tree14.npy,train,8,8,1,0.5560698116597284,0.11216536124482017,0.33176482508344324,0.998083233833313
Pinus/TreeScanPL_plot1501902_tree15.npy,train,8,8,1,0.700350423365422,0.2016271943711764,0.09802237814437677,0.9999821186065674
Pinus/TreeScanPL_plot1501902_tree16.npy,train,8,8,1,0.7000516980249613,0.1565842460954043,0.14336405324865953,0.9993677735328674
Quercus/TreeScanPL_plot1501902_tree17.npy,train,9,9,1,0.36871199423530004,0.05980785072444226,0.5714801536680695,0.9966238737106323
Quercus/TreeScanPL_plot1501902_tree18.npy,train,9,9,1,0.5773262079438096,0.07993095247310439,0.34274283711149056,0.9999643564224243
Pinus/TreeScanPL_plot1501902_tree19.npy,train,8,8,1,0.7861726080887279,0.10739462712057841,0.10643276183089363,0.9986358284950256
Quercus/TreeScanPL_plot1501902_tree21.npy,train,9,9,1,0.6445365381266114,0.035903133926671715,0.3195603265419882,0.997632622718811
Pinus/TreeScanPL_plot1501902_tree23.npy,train,8,8,1,0.5970534562856082,0.2942758952821593,0.10867064499156417,0.9999853372573853
Quercus/TreeScanPL_plot1501902_tree24.npy,train,9,9,1,0.7031555661895189,0.06056647732092539,0.23627795431109086,0.9999269247055054
Quercus/TreeScanPL_plot1501902_tree25.npy,train,9,9,1,0.6129089231485281,0.0511200890153362,0.33597098521667385,0.9997599720954895
Quercus/TreeScanPL_plot1501902_tree26.npy,train,9,9,1,0.6760208095937783,0.06730422227013538,0.2566749651580114,0.9999431371688843
Pinus/TreeScanPL_plot1501902_tree28.npy,train,8,8,1,0.7677264755260932,0.15043404304043784,0.08183947752169628,0.9999908208847046
Pinus/TreeScanPL_plot1501902_tree29.npy,train,8,8,1,0.6973406145704931,0.2052803358381949,0.09737904702232766,0.9999450445175171
Pinus/TreeScanPL_plot1501902_tree31.npy,train,8,8,1,0.6932109722110615,0.2128092259010509,0.09397979872711427,0.9999632835388184
Pinus/TreeScanPL_plot1501902_tree32.npy,train,8,8,1,0.7100017683688606,0.1560825378729679,0.13391569035919032,0.9999746084213257
Quercus/TreeScanPL_plot1501902_tree33.npy,train,9,9,1,0.7176088824239082,0.027847418324369308,0.25454369702507307,0.9884673953056335
Quercus/TreeScanPL_plot1501902_tree34.npy,train,9,9,1,0.6143833804721669,0.09804986586740061,0.2875667516607687,0.9999504089355469
Pinus/TreeScanPL_plot1501902_tree35.npy,train,8,8,1,0.7410437244726017,0.18168569409443533,0.07727057818224776,0.9998176693916321
Pinus/TreeScanPL_plot1501902_tree36.npy,train,8,8,1,0.7087531420004207,0.16418937941622797,0.12705747562831993,0.998263418674469
Quercus/TreeScanPL_plot1501902_tree37.npy,train,9,9,1,0.6273833106010772,0.05191693108685117,0.32069975631423253,0.9999188184738159
Pinus/TreeScanPL_plot1501902_tree38.npy,train,8,8,1,0.6600071045409275,0.2426702808277909,0.09732261078740731,0.9999932050704956
Pinus/TreeScanPL_plot1501902_tree39.npy,train,8,8,1,0.522350903647442,0.2548569047779018,0.2227921894230035,0.9819279909133911
Pinus/TreeScanPL_plot1501902_tree40.npy,train,8,8,1,0.6514617503409679,0.13466991113730908,0.21386833644508293,0.985249936580658
Pinus/TreeScanPL_plot1501902_tree41.npy,train,8,8,1,0.8100967807072383,0.0999343145814431,0.08996890216448666,0.9993141889572144
Pinus/TreeScanPL_plot1501902_tree42.npy,train,8,8,1,0.6847646286352884,0.19181767520973195,0.12341769383464253,0.9967231154441833
Pinus/TreeScanPL_plot1501902_tree43.npy,train,8,8,1,0.5851101451513491,0.23621148582939433,0.17867836679491222,0.9974377155303955
Pinus/TreeScanPL_plot1501902_tree44.npy,train,8,8,1,0.6838926438594362,0.14221473603181609,0.17389261785325139,0.999417781829834
Betula/TreeScanPL_plot1503502_tree1.npy,train,3,3,1,0.7526192712738125,0.055877623670460556,0.19150310266670872,0.8351935744285583
Betula/TreeScanPL_plot1503502_tree2.npy,train,3,3,1,0.7242181096357884,0.04164453487199964,0.23413735374383146,0.9984429478645325
Betula/TreeScanPL_plot1503502_tree3.npy,train,3,3,1,0.7703694168211261,0.033943469373764724,0.19568711042920578,0.9999704360961914
Betula/TreeScanPL_plot1503502_tree4.npy,train,3,8,0,0.6379651452962449,0.04284800897466959,0.3191868440779456,0.48800280690193176
Betula/TreeScanPL_plot1503502_tree5.npy,train,3,3,1,0.6363919050244459,0.11267005351910368,0.25093803926590547,0.999504804611206
Quercus/TreeScanPL_plot1503502_tree6.npy,train,9,9,1,0.651796024162014,0.1420934871399093,0.20611048509375968,0.9999794960021973
Quercus/TreeScanPL_plot1503502_tree7.npy,train,9,9,1,0.7160331488823891,0.10923407082013946,0.1747327777749333,0.9993757605552673
Betula/TreeScanPL_plot1503502_tree8.npy,train,3,3,1,0.7772552260761463,0.06158438698204187,0.16116038433776717,0.9991378784179688
Betula/TreeScanPL_plot1503502_tree9.npy,train,3,3,1,0.7709820275168627,0.06802893444026671,0.16098903587223298,0.8546974658966064
Quercus/TreeScanPL_plot1503502_tree10.npy,train,9,9,1,0.6691291375170966,0.08608110877896062,0.2447897510461162,0.9983298182487488
Quercus/TreeScanPL_plot1503502_tree11.npy,train,9,9,1,0.6026236705184679,0.06126251500886246,0.33611381228885384,0.9997803568840027
Quercus/TreeScanPL_plot1503502_tree13.npy,train,9,9,1,0.7515933010439303,0.07950877054883318,0.1688979263070906,0.9999425411224365
Quercus/TreeScanPL_plot1503502_tree14.npy,train,9,9,1,0.6955262410406541,0.062870308004333,0.2416034488135958,0.9998059868812561
Quercus/TreeScanPL_plot1503502_tree15.npy,train,9,9,1,0.4467027426328033,0.032693915357727706,0.5206033406658246,0.9989233613014221
Quercus/TreeScanPL_plot1503502_tree16.npy,train,9,9,1,0.3958129891613399,0.04469708040809422,0.5594899290661124,0.9998592138290405
Quercus/TreeScanPL_plot1503502_tree17.npy,train,9,9,1,0.7365627252184697,0.13583649261060815,0.12760077944153816,0.9999850988388062
Picea/TreeScanPL_plot1503502_tree19.npy,train,7,7,1,0.8305080778984297,0.05751257340477893,0.11197934703033535,0.9826846718788147
Quercus/TreeScanPL_plot1503502_tree21.npy,train,9,9,1,0.6506593987465433,0.09950774541973367,0.24983285277130923,0.9999271631240845
Quercus/TreeScanPL_plot1503502_tree23.npy,train,9,9,1,0.7416963551425005,0.048357279086093344,0.209946362870588,0.9998242259025574
Betula/TreeScanPL_plot1503502_tree24.npy,train,3,3,1,0.6928750861369429,0.016563357834204977,0.2905615533708238,0.9941651225090027
Betula/TreeScanPL_plot1503502_tree25.npy,train,3,3,1,0.7966796988406335,0.04497687512807911,0.1583434237008655,0.999402642250061
Pinus/TreeScanPL_plot1602102_tree2.npy,train,8,8,1,0.6752139063921535,0.24552979746749126,0.07925629089270844,0.9999984502792358
Pinus/TreeScanPL_plot1602102_tree4.npy,train,8,8,1,0.7955300150237499,0.09692158061442399,0.10754840022908667,0.9999867677688599
Pinus/TreeScanPL_plot1602102_tree5.npy,train,8,8,1,0.7048657776882089,0.20925220551900825,0.08588201119391568,0.9999979734420776
Pinus/TreeScanPL_plot1602102_tree6.npy,train,8,8,1,0.6730484853568881,0.24373759060583824,0.08321391997309886,0.9999936819076538
Pinus/TreeScanPL_plot1602102_tree7.npy,train,8,8,1,0.6675775026398152,0.24531762783384384,0.08710486597335551,0.9999793767929077
Pinus/TreeScanPL_plot1602102_tree8.npy,train,8,8,1,0.733164998691381,0.18359804659306775,0.08323695067884972,0.9999879598617554
Pinus/TreeScanPL_plot1602102_tree10.npy,train,8,8,1,0.7316760738812018,0.19411127780628532,0.07421264483498641,0.9999328851699829
Pinus/TreeScanPL_plot1602102_tree11.npy,train,8,8,1,0.7161845485683135,0.16129574656673829,0.12251970097938572,0.9999819993972778
Pinus/TreeScanPL_plot1602102_tree12.npy,train,8,8,1,0.6988620382197385,0.21334008746689162,0.0877978700992906,0.9999936819076538
Pinus/TreeScanPL_plot1602102_tree13.npy,train,8,8,1,0.7042298102379604,0.2043437819052613,0.09142640451511591,0.9999666213989258
Pinus/TreeScanPL_plot1602102_tree14.npy,train,8,8,1,0.6929722688670381,0.21043059942143624,0.0965971251450526,0.9999991655349731
Pinus/TreeScanPL_plot1602102_tree15.npy,train,8,8,1,0.6389186267560674,0.29691067968832563,0.06417068852958306,0.9999984502792358
Pinus/TreeScanPL_plot1602102_tree20.npy,train,8,8,1,0.7407859732589122,0.11051013386685969,0.1487038879351369,0.9999974966049194
Pinus/TreeScanPL_plot1602102_tree22.npy,train,8,8,1,0.6749116437826681,0.19686454623470598,0.1282238071813189,0.9995736479759216
Pinus/TreeScanPL_plot1602102_tree23.npy,train,8,8,1,0.6517750130733146,0.15819465004286107,0.19003033506649256,0.9996649026870728
Pinus/TreeScanPL_plot1602102_tree24.npy,train,8,8,1,0.6961633070200804,0.15455417292171234,0.1492825171319622,0.9997979998588562
Pinus/TreeScanPL_plot1602102_tree25.npy,train,8,8,1,0.6893592182440591,0.19130718265786437,0.11933359491981976,0.999995231628418
Pinus/TreeScanPL_plot1602102_tree26.npy,train,8,8,1,0.7078074414816473,0.2204463474725068,0.07174620631169151,0.9999943971633911
Pinus/TreeScanPL_plot1602102_tree27.npy,train,8,8,1,0.6854252694163522,0.22697504752897932,0.08759967828852037,0.9999964237213135
Pinus/TreeScanPL_plot1602102_tree28.npy,train,8,8,1,0.6884180625559762,0.2656482322916591,0.04593370194458808,0.9999449253082275
Pinus/TreeScanPL_plot1602102_tree29.npy,train,8,8,1,0.7288265130460098,0.15618475576204066,0.11498872730649123,0.9999896287918091
Pinus/TreeScanPL_plot1602102_tree31.npy,train,8,8,1,0.6990717708930233,0.2261822839987939,0.07474594228493946,0.9990212917327881
Pinus/TreeScanPL_plot1602102_tree32.npy,train,8,8,1,0.7445434050361357,0.13350282871219513,0.12195376311448686,0.9999395608901978
Pinus/TreeScanPL_plot1602102_tree33.npy,train,8,8,1,0.6877200919405263,0.24019389672598926,0.07208600523907893,0.9999978542327881
Pinus/TreeScanPL_plot1700702_tree2.npy,train,8,8,1,0.6482942957858168,0.2506936815905589,0.1010120180953927,0.999992847442627
Pinus/TreeScanPL_plot1700702_tree3.npy,train,8,8,1,0.6709772646056642,0.23181838109648548,0.09720434808658796,0.999998927116394
Pinus/TreeScanPL_plot1700702_tree4.npy,train,8,8,1,0.6793068281624698,0.20441440375856906,0.11627876338455614,0.9999954700469971
Pinus/TreeScanPL_plot1700702_tree7.npy,train,8,8,1,0.7433593903862533,0.1793288575807103,0.07731174724344178,0.9999955892562866
Pinus/TreeScanPL_plot1700702_tree8.npy,train,8,8,1,0.564536838090695,0.30995425505041335,0.12550890328802455,0.9999798536300659
Pinus/TreeScanPL_plot1700702_tree9.npy,train,8,8,1,0.6609142837689663,0.24343054288483046,0.0956551674849827,0.9999983310699463
Pinus/TreeScanPL_plot1700702_tree10.npy,train,8,8,1,0.6489414632900721,0.24647180713261474,0.10458672655977663,0.9999587535858154
Pinus/TreeScanPL_plot1700702_tree12.npy,train,8,8,1,0.6459964094228762,0.27781281709932454,0.07619076762815226,0.9999980926513672
Pinus/TreeScanPL_plot1700702_tree13.npy,train,8,8,1,0.6483507187205673,0.2724187623990215,0.07923051394356727,0.9999974966049194
Pinus/TreeScanPL_plot1700702_tree14.npy,train,8,8,1,0.6444551482917217,0.26209563928589746,0.09344920697838954,0.9999980926513672
Pinus/TreeScanPL_plot1700702_tree15.npy,train,8,8,1,0.6411648815375697,0.270620962738013,0.08821415003802757,0.9999973773956299
Pinus/TreeScanPL_plot1700702_tree17.npy,train,8,8,1,0.6831425846133681,0.23857999945824102,0.07827741207981732,0.9999748468399048
Pinus/TreeScanPL_plot1700702_tree18.npy,train,8,8,1,0.7254179228404769,0.1747912761905988,0.09979079718934104,0.9999749660491943
Pinus/TreeScanPL_plot1700702_tree19.npy,train,8,8,1,0.698527755940602,0.15052947442524975,0.15094276562276554,0.999990701675415
Pinus/TreeScanPL_plot1700702_tree21.npy,train,8,8,1,0.6361131082005717,0.2590165943540641,0.10487029256197263,0.9999979734420776
Pinus/TreeScanPL_plot1700702_tree23.npy,train,8,8,1,0.6475082926319498,0.2576978802166526,0.0947938210198461,0.9999991655349731
Pinus/TreeScanPL_plot1700702_tree25.npy,train,8,8,1,0.6818896983130085,0.19540125876300926,0.12270903733049231,0.9999984502792358
Pinus/TreeScanPL_plot1700702_tree26.npy,train,8,8,1,0.659910757030987,0.22616209021365896,0.1139271459557389,0.9999995231628418
Pinus/TreeScanPL_plot1700702_tree27.npy,train,8,8,1,0.6770172178388169,0.25102094117356116,0.07196183695463074,0.9999943971633911
Pinus/TreeScanPL_plot1700702_tree28.npy,train,8,8,1,0.6274177135709584,0.26809232930432253,0.10448995061312824,0.9999991655349731
Pinus/TreeScanPL_plot1700702_tree29.npy,train,8,8,1,0.6196365801295071,0.26999905871168167,0.11036435624376287,0.9999972581863403
Pinus/TreeScanPL_plot1700702_tree31.npy,train,8,8,1,0.6683693397153575,0.25806499842683644,0.0735656566499586,0.999996542930603
Pinus/TreeScanPL_plot1700702_tree32.npy,train,8,8,1,0.613725960956878,0.2593988629243619,0.12687517033366705,0.9999986886978149
Pinus/TreeScanPL_plot1700702_tree34.npy,train,8,8,1,0.558482799621566,0.3176299030279299,0.12388729223126321,0.9999972581863403
Pinus/TreeScanPL_plot1700702_tree35.npy,train,8,8,1,0.6747416517609727,0.23369643978812885,0.09156190178373645,0.9999994039535522
Pinus/TreeScanPL_plot1700702_tree36.npy,train,8,8,1,0.6078323500390976,0.2592246469185946,0.13294299661138395,0.9999986886978149
Pinus/TreeScanPL_plot1700702_tree37.npy,train,8,8,1,0.673077239208143,0.2760920093981217,0.05083074678272052,0.9999977350234985
Pinus/TreeScanPL_plot1700702_tree38.npy,train,8,8,1,0.6376225266632136,0.2672527969070028,0.09512467037381553,0.9999991655349731
Pinus/TreeScanPL_plot1700702_tree40.npy,train,8,8,1,0.6727723903996171,0.26660045020093015,0.060627154630248634,0.9999933242797852
Betula/TreeScanPL_plot1702302_tree1.npy,train,3,3,1,0.8966819814781982,0.01469393763085792,0.08862407621531364,0.9999305009841919
Betula/TreeScanPL_plot1702302_tree2.npy,train,3,3,1,0.8819271407481138,0.02245997978784305,0.09561287591022559,0.999761164188385
Betula/TreeScanPL_plot1702302_tree4.npy,train,3,3,1,0.8826960164626821,0.021141621636582755,0.09616235737521553,0.9999591112136841
Betula/TreeScanPL_plot1702302_tree5.npy,train,3,3,1,0.8141211406734032,0.04374748702363996,0.1421313694178496,0.9995844960212708
Pinus/TreeScanPL_plot1702302_tree6.npy,train,8,8,1,0.6808480880645332,0.2567189751209975,0.062432932643226864,0.9999771118164062
Pinus/TreeScanPL_plot1702302_tree7.npy,train,8,8,1,0.7369102330553879,0.11352435603814442,0.1495654092130584,0.9056295156478882
Pinus/TreeScanPL_plot1702302_tree9.npy,train,8,8,1,0.7286156272807021,0.21037735765541468,0.06100701029793831,0.9999959468841553
Betula/TreeScanPL_plot1702302_tree10.npy,train,3,3,1,0.6177895008826892,0.08838712473954026,0.293823372849339,0.9956876635551453
Betula/TreeScanPL_plot1702302_tree11.npy,train,3,3,1,0.9487639277451678,0.017743294643583884,0.033492773949875244,0.9998992681503296
Betula/TreeScanPL_plot1702302_tree14.npy,train,3,3,1,0.7924472607001644,0.04212943689937515,0.16542329904363037,0.9997034668922424
Betula/TreeScanPL_plot1702302_tree15.npy,train,3,3,1,0.8391646979296159,0.027579974783424478,0.13325532404884258,0.9996538162231445
Betula/TreeScanPL_plot1702302_tree16.npy,train,3,3,1,0.8897352071392816,0.0329064101755178,0.0773583777135063,0.9999873638153076
Betula/TreeScanPL_plot1702302_tree19.npy,train,3,3,1,0.7794540420245992,0.06765218452243765,0.15289377174766075,0.6240414977073669
Betula/TreeScanPL_plot1702302_tree20.npy,train,3,3,1,0.7345886747031688,0.035087467764417506,0.2303238549634401,0.990119457244873
Betula/TreeScanPL_plot1702302_tree21.npy,train,3,3,1,0.9157405441789485,0.023711275156881366,0.06054817706513346,0.9999867677688599
Pinus/TreeScanPL_plot1702302_tree22.npy,train,8,8,1,0.7330486523255371,0.2063227677172662,0.06062857693229538,0.99994957447052
Betula/TreeScanPL_plot1702302_tree23.npy,train,3,3,1,0.9191688179005533,0.04378916864600802,0.03704200989798631,0.9995895028114319
Betula/TreeScanPL_plot1702302_tree24.npy,train,3,3,1,0.9130027020317218,0.01654860761618512,0.07044868654103854,0.9988059997558594
Pinus/TreeScanPL_plot1702302_tree25.npy,train,8,8,1,0.6927515609408101,0.0907435519686642,0.21650488459119516,0.9998294115066528
Pinus/TreeScanPL_plot1702302_tree28.npy,train,8,8,1,0.7910337951531348,0.11348865496958765,0.09547754603728802,0.9999446868896484
Betula/TreeScanPL_plot1702302_tree29.npy,train,3,3,1,0.7822948421244257,0.02904435524114275,0.18866079923236814,0.9998816251754761
Pinus/TreeScanPL_plot1702302_tree30.npy,train,8,8,1,0.6502991232127698,0.21247796355267448,0.13722290998474343,0.9998689889907837
Betula/TreeScanPL_plot1702302_tree32.npy,train,3,3,1,0.8252648199597318,0.03512922493024945,0.13960595173087953,0.999164342880249
Betula/TreeScanPL_plot1702302_tree33.npy,train,3,3,1,0.9323847081102142,0.01658836517369237,0.051026922346088806,0.9999721050262451
Pinus/TreeScanPL_plot1802502_tree1.npy,train,8,8,1,0.7625289226301897,0.13897016984918567,0.09850090374434636,0.999967098236084
Pinus/TreeScanPL_plot1802502_tree3.npy,train,8,8,1,0.7695120288993248,0.142355511612585,0.08813245572933212,0.9999644756317139
Picea/TreeScanPL_plot1802502_tree4.npy,train,7,7,1,0.8312216335314141,0.07602178704051062,0.09275657809834839,0.9749953150749207
Pinus/TreeScanPL_plot1802502_tree5.npy,train,8,8,1,0.7705235788147428,0.09106913167910444,0.1384072858029222,0.9999891519546509
Pinus/TreeScanPL_plot1802502_tree6.npy,train,8,8,1,0.7300249450644642,0.1726703430115328,0.09730470860285438,0.9999849796295166
Pinus/TreeScanPL_plot1802502_tree7.npy,train,8,8,1,0.7270043683771259,0.12734781656772776,0.14564781112671576,0.9999936819076538
Pinus/TreeScanPL_plot1802502_tree8.npy,train,8,8,1,0.7363964369104904,0.1945496821410106,0.06905387784051704,0.9999141693115234
Pinus/TreeScanPL_plot1802502_tree9.npy,train,8,8,1,0.6506598621364985,0.2239091077395342,0.12543102548965013,0.9999983310699463
Pinus/TreeScanPL_plot1802502_tree11.npy,train,8,8,1,0.6500272328840582,0.2621678692503106,0.0878048955344795,0.9991909861564636
Pinus/TreeScanPL_plot1802502_tree12.npy,train,8,8,1,0.7235695799490408,0.1953451386946368,0.08108527634141996,0.9999977350234985
Pinus/TreeScanPL_plot1802502_tree15.npy,train,8,8,1,0.748681132641494,0.17468280600390038,0.07663605649545714,0.9999982118606567
Pinus/TreeScanPL_plot1802502_tree16.npy,train,8,8,1,0.6721451433437762,0.2195507874468902,0.10830406471881969,0.9999969005584717
Pinus/TreeScanPL_plot1802502_tree17.npy,train,8,8,1,0.7174636236133762,0.1593412058802859,0.12319516600708556,0.9999959468841553
Pinus/TreeScanPL_plot1802502_tree18.npy,train,8,8,1,0.7062443688880172,0.12916954441032893,0.1645860831703104,0.999968409538269
Pinus/TreeScanPL_plot1802502_tree19.npy,train,8,8,1,0.751016781796721,0.1393143355931586,0.10966887831037196,0.9999955892562866
Pinus/TreeScanPL_plot1802502_tree20.npy,train,8,8,1,0.7421565534308805,0.12385507547310946,0.1339883673710145,0.9999955892562866
Pinus/TreeScanPL_plot1802502_tree21.npy,train,8,8,1,0.7232535961157358,0.15870383352888767,0.1180425661138017,0.9999954700469971
Pinus/TreeScanPL_plot1802502_tree22.npy,train,8,8,1,0.7640624045050531,0.12590071802789313,0.1100368736389647,0.9999889135360718
Pinus/TreeScanPL_plot1802502_tree23.npy,train,8,8,1,0.7116237420315976,0.18334622756908608,0.10503002749872342,0.999932050704956
Pinus/TreeScanPL_plot1802502_tree25.npy,train,8,8,1,0.6920809386030942,0.21826706505427498,0.08965199326693266,0.9991865754127502
Pinus/TreeScanPL_plot1802502_tree26.npy,train,8,8,1,0.6411638511046474,0.280718068641153,0.07811807663652331,0.9999856948852539
Picea/TreeScanPL_plot1802502_tree27.npy,train,7,7,1,0.8797516075301104,0.07728077674621263,0.04296761379057783,0.9994244575500488
Pinus/TreeScanPL_plot1802502_tree30.npy,train,8,8,1,0.7554944341338908,0.10223311816703941,0.14227244499587194,0.9999163150787354
Pinus/TreeScanPL_plot1802502_tree31.npy,train,8,8,1,0.6619618500844914,0.18689300052607327,0.1511451466337555,0.9997218251228333
Pinus/TreeScanPL_plot1802502_tree32.npy,train,8,8,1,0.6849047339703094,0.15411626599155925,0.1609789969481535,0.9996474981307983
Picea/TreeScanPL_plot1802502_tree34.npy,train,7,7,1,0.908883309711218,0.025239308973387026,0.0658773792765035,0.9991262555122375
Pinus/TreeScanPL_plot1802502_tree35.npy,train,8,8,1,0.7124681370483363,0.18849417628460224,0.09903768244114922,0.9999914169311523
Pinus/TreeScanPL_plot1802502_tree36.npy,train,8,8,1,0.7429275350307233,0.13633584400711152,0.12073661740803,0.9998732805252075
Pinus/TreeScanPL_plot1802502_tree39.npy,train,8,8,1,0.6816288925517281,0.18769291570006416,0.13067818823958013,0.9999920129776001
Pinus/TreeScanPL_plot1802502_tree41.npy,train,8,8,1,0.7328426268519486,0.16852006225652089,0.0986373066875808,0.9999926090240479
Pinus/TreeScanPL_plot1802502_tree42.npy,train,8,8,1,0.7286776484444422,0.18277762272434825,0.08854472487307122,0.9999903440475464
Pinus/TreeScanPL_plot1802502_tree43.npy,train,8,8,1,0.7249862009267517,0.19819720746815556,0.07681658639790018,0.9999971389770508
Pinus/TreeScanPL_plot1802502_tree44.npy,train,8,8,1,0.7069409990442328,0.18855987109539094,0.10449912530031734,0.9999959468841553
Pinus/TreeScanPL_plot1802502_tree45.npy,train,8,8,1,0.7289791898546676,0.17934478831057246,0.0916760163550182,0.9999977350234985
Pinus/TreeScanPL_plot1802502_tree46.npy,train,8,8,1,0.784255883179709,0.10314680059427501,0.112597312805473,0.9999897480010986
Pinus/TreeScanPL_plot1802502_tree48.npy,train,8,8,1,0.7339380523998429,0.10511360303415374,0.1609483419405807,0.9999212026596069
Betula/TreeScanPL_plot1902802_tree2.npy,train,3,3,1,0.9027755472422653,0.040753548792484995,0.05647089998866509,0.9996979236602783
Pinus/TreeScanPL_plot1902802_tree4.npy,train,8,8,1,0.8533613969337256,0.07225296238723652,0.07438563733853767,0.9996131062507629
Pinus/TreeScanPL_plot1902802_tree5.npy,train,8,8,1,0.8234462294190583,0.10524158293775521,0.07131218311526433,0.9999970197677612
Pinus/TreeScanPL_plot1902802_tree6.npy,train,8,8,1,0.7563852812426634,0.1556480626027773,0.08796665267611553,0.9999823570251465
Betula/TreeScanPL_plot1902802_tree7.npy,train,3,3,1,0.9187764714140274,0.039863349214061206,0.04136017516858353,0.999932050704956
Betula/TreeScanPL_plot1902802_tree8.npy,train,3,3,1,0.8724111839957416,0.03958136207095353,0.08800745059905848,0.9999498128890991
Pinus/TreeScanPL_plot1902802_tree10.npy,train,8,8,1,0.7940485736722867,0.09115838796179224,0.11479303507248392,0.9999011754989624
Betula/TreeScanPL_plot1902802_tree13.npy,train,3,3,1,0.7180129711392099,0.05040137683557657,0.23158564974289067,0.9995317459106445
Betula/TreeScanPL_plot1902802_tree14.npy,train,3,3,1,0.8216023641260181,0.032189915224037566,0.14620771703578647,0.9999146461486816
Pinus/TreeScanPL_plot1902802_tree16.npy,train,8,8,1,0.833167924175895,0.10134795255054382,0.06548411946520774,0.9999926090240479
Betula/TreeScanPL_plot1902802_tree17.npy,train,3,3,1,0.939736071569782,0.012201202758996142,0.04806272211811195,0.9999121427536011
Betula/TreeScanPL_plot1902802_tree18.npy,train,3,3,1,0.8887670257999407,0.04466793397096092,0.0665650349902147,0.9999725818634033
Betula/TreeScanPL_plot1902802_tree19.npy,train,3,3,1,0.8581608118879136,0.05361465309875044,0.08822453303292112,0.9997593760490417
Betula/TreeScanPL_plot1902802_tree20.npy,train,3,3,1,0.7678537599848188,0.04756677978295628,0.18457945771006562,0.9993257522583008
Pinus/TreeScanPL_plot1902802_tree21.npy,train,8,8,1,0.8512722532103649,0.09563765522507707,0.05309008834210799,0.9999669790267944
Pinus/TreeScanPL_plot1902802_tree22.npy,train,8,8,1,0.8342116932929361,0.11153541740676805,0.05425288559509703,0.9999513626098633
Betula/TreeScanPL_plot1902802_tree23.npy,train,3,3,1,0.8775436666718186,0.0273557126040788,0.0951006174425509,0.9995318651199341
Pinus/TreeScanPL_plot1902802_tree24.npy,train,8,8,1,0.7355804559864128,0.051559266146950625,0.21286027615418843,0.9138883948326111
Pinus/TreeScanPL_plot1902802_tree25.npy,train,8,8,1,0.7923578674048297,0.0726208599874674,0.13502126956255864,0.9993413090705872
Pinus/TreeScanPL_plot1902802_tree27.npy,train,8,8,1,0.8937318686728782,0.05994917916359921,0.046318949459981,0.9996564388275146
Betula/TreeScanPL_plot1902802_tree29.npy,train,3,3,1,0.7966556275022437,0.041742466158747306,0.1616019024044172,0.9999613761901855
Pinus/TreeScanPL_plot1902802_tree30.npy,train,8,8,1,0.7827854646040614,0.14444932439293548,0.07276520656972248,0.9999951124191284
Pinus/TreeScanPL_plot1902802_tree31.npy,train,8,8,1,0.8470961901562472,0.09544530637294647,0.05745850022111112,0.9999709129333496
Pinus/TreeScanPL_plot1902802_tree32.npy,train,8,8,1,0.788376745933134,0.08890819561317587,0.12271505485103805,0.9999666213989258
Pinus/TreeScanPL_plot1902802_tree33.npy,train,8,8,1,0.8605079601590608,0.0757097842187206,0.06378225205965687,0.9999399185180664
Quercus/TreeScanPL_plot1902802_tree34.npy,train,9,9,1,0.7032214915398833,0.0815708375596173,0.21520766803595429,0.9999406337738037
Pinus/TreeScanPL_plot1902802_tree35.npy,train,8,8,1,0.8662019949608432,0.07678112544849364,0.057016875991143724,0.9999816417694092
Quercus/TreeScanPL_plot1902802_tree36.npy,train,9,9,1,0.49589753253670615,0.033410069871977255,0.4706923955451352,0.9940258264541626
Betula/TreeScanPL_plot1902802_tree37.npy,train,3,3,1,0.8266293960031148,0.0249081145043708,0.14846248724613026,0.998282790184021
Betula/TreeScanPL_plot1902802_tree38.npy,train,3,3,1,0.8218390297429061,0.05605844216097545,0.12210252600345037,0.9954504370689392
Pinus/TreeScanPL_plot1902802_tree40.npy,train,8,8,1,0.8382618682825218,0.10820558729393756,0.053532540917671775,0.9999641180038452
Betula/TreeScanPL_plot1902802_tree41.npy,train,3,3,1,0.897929040660334,0.03742085726373047,0.06465009872335234,0.9998586177825928
Betula/TreeScanPL_plot1902802_tree42.npy,train,3,3,1,0.8956320716062424,0.03787779564672404,0.06649012730655493,0.9999597072601318
Pinus/TreeScanPL_plot1902802_tree43.npy,train,8,8,1,0.8373093667035612,0.0933579529469944,0.06933267701178875,0.9998588562011719
Quercus/TreeScanPL_plot1902802_tree44.npy,train,9,9,1,0.5497341573356664,0.10031957830758555,0.3499462619918602,0.9994823932647705
Betula/TreeScanPL_plot1902802_tree45.npy,train,3,3,1,0.5303873725468462,0.04671592991759043,0.42289669573390015,0.999663233757019
Picea/TreeScanPL_plot2101702_tree1.npy,train,7,7,1,0.8266330443932894,0.09175158789755564,0.08161536562262278,0.9994308352470398
Picea/TreeScanPL_plot2101702_tree2.npy,train,7,7,1,0.9190063601995248,0.04778904738199102,0.03320458950230215,0.9998216032981873
Quercus/TreeScanPL_plot2101702_tree4.npy,train,9,9,1,0.6660965781401923,0.04284585672264594,0.29105756375590264,0.9981358051300049
Fagus/TreeScanPL_plot2101702_tree5.npy,train,5,5,1,0.720147129631084,0.14058806990511666,0.13926479827713031,0.9994596838951111
Pinus/TreeScanPL_plot2101702_tree6.npy,train,8,8,1,0.7702728654885939,0.10234717702526863,0.12737995546245093,0.9591675400733948
Pinus/TreeScanPL_plot2101702_tree7.npy,train,8,8,1,0.8330958365782575,0.0637101812779757,0.10319397982958406,0.999190628528595
Fagus/TreeScanPL_plot2101702_tree8.npy,train,5,5,1,0.7077812243651644,0.09948856334813455,0.19273021047057262,0.9957224130630493
Fagus/TreeScanPL_plot2101702_tree10.npy,train,5,5,1,0.6204854120443615,0.1576306612273688,0.22188392548730565,0.985516369342804
Quercus/TreeScanPL_plot2101702_tree12.npy,train,9,9,1,0.6483896323801728,0.06583233861970121,0.28577802741072694,0.9699084162712097
Pinus/TreeScanPL_plot2101702_tree14.npy,train,8,8,1,0.8349992384073647,0.08752508815255815,0.07747567168980993,0.9616416692733765
Picea/TreeScanPL_plot2101702_tree15.npy,train,7,7,1,0.8896028742873768,0.06723481260939014,0.043162309205452644,0.9999464750289917
Picea/TreeScanPL_plot2101702_tree16.npy,train,7,7,1,0.943517804517078,0.03373763146000779,0.02274456132898668,0.998931348323822
Fagus/TreeScanPL_plot2101702_tree17.npy,train,5,5,1,0.6813309378577721,0.1800360181036887,0.13863304187128903,0.9966564178466797
Fagus/TreeScanPL_plot2101702_tree19.npy,train,5,5,1,0.7970847118669586,0.08334134543145469,0.11957394051108543,0.9996240139007568
Fagus/TreeScanPL_plot2101702_tree20.npy,train,5,5,1,0.7717268833477189,0.1362182466940093,0.09205486798897848,0.9876853227615356
Pinus/TreeScanPL_plot2101702_tree21.npy,train,8,8,1,0.8077596693262289,0.12975551827097012,0.06248481002136844,0.9962329268455505
Picea/TreeScanPL_plot2101702_tree22.npy,train,7,7,1,0.9485654939950736,0.027772520602678052,0.02366198278132475,0.9978777170181274
Picea/TreeScanPL_plot2101702_tree23.npy,train,7,7,1,0.8328543361849071,0.07718018351472593,0.089965478045871,0.9996885061264038
Picea/TreeScanPL_plot2101702_tree24.npy,train,7,7,1,0.9176300263869911,0.05620993311287594,0.026160036872359748,0.9998063445091248
Picea/TreeScanPL_plot2101702_tree25.npy,train,7,7,1,0.8191664731983137,0.06015992092225253,0.12067360419158613,0.9942306280136108
Picea/TreeScanPL_plot2101702_tree26.npy,train,7,7,1,0.9204316816385071,0.0551655018950643,0.02440281257782581,0.9998757839202881
Pinus/TreeScanPL_plot2101702_tree27.npy,train,8,8,1,0.8163708070515785,0.04857633024496176,0.13505286079047799,0.9420270919799805
Fagus/TreeScanPL_plot2101702_tree28.npy,train,5,5,1,0.7162189608822349,0.10563375958747102,0.17814727781529952,0.9993694424629211
Betula/TreeScanPL_plot2202402_tree1.npy,train,3,3,1,0.8278607007303019,0.02861535318279393,0.14352393976792005,0.9999966621398926
Betula/TreeScanPL_plot2202402_tree3.npy,train,3,3,1,0.8212696077318912,0.053073539702677204,0.12565684956833126,0.9999586343765259
Betula/TreeScanPL_plot2202402_tree4.npy,train,3,3,1,0.8982514543159936,0.02074000122156351,0.08100854088983064,0.9996945858001709
Betula/TreeScanPL_plot2202402_tree5.npy,train,3,3,1,0.8938516976164267,0.04191508184700749,0.0642332178636387,0.9999626874923706
Pinus/TreeScanPL_plot2202402_tree6.npy,train,8,8,1,0.6409143265925855,0.14449412062498995,0.2145915510695838,0.9814922213554382
Betula/TreeScanPL_plot2202402_tree7.npy,train,3,3,1,0.876240511432901,0.028000731286549164,0.09575875293598951,0.9999769926071167
Pinus/TreeScanPL_plot2202402_tree8.npy,train,8,8,1,0.8005461907907196,0.13683044653050136,0.06262335852836483,0.999932050704956
Betula/TreeScanPL_plot2202402_tree9.npy,train,3,3,1,0.8719698967810374,0.0492632210478349,0.07876687954670762,0.9801305532455444
Pinus/TreeScanPL_plot2202402_tree10.npy,train,8,8,1,0.7183360683353378,0.21440876769581033,0.0672551596907417,0.9999908208847046
Betula/TreeScanPL_plot2202402_tree11.npy,train,3,3,1,0.8889385903449473,0.027387850018669155,0.08367355562075626,0.9999083280563354
Betula/TreeScanPL_plot2202402_tree12.npy,train,3,3,1,0.8272188472048849,0.059184215001789,0.11359693528080239,0.9910549521446228
Pinus/TreeScanPL_plot2202402_tree13.npy,train,8,8,1,0.7775142607656569,0.11686715262371776,0.10561858245298437,0.9999839067459106
Betula/TreeScanPL_plot2202402_tree14.npy,train,3,3,1,0.8515439495258511,0.050563451074630957,0.09789259725806367,0.9983382225036621
Betula/TreeScanPL_plot2202402_tree16.npy,train,3,3,1,0.8935869311404978,0.02886722254384006,0.07754584258665415,0.9994415640830994
Betula/TreeScanPL_plot2202402_tree17.npy,train,3,3,1,0.922843834646994,0.010024983481008404,0.06713117795275168,0.9998904466629028
Betula/TreeScanPL_plot2202402_tree18.npy,train,3,3,1,0.6772920632021902,0.04448032083392607,0.2782276140052547,0.9996415376663208
Betula/TreeScanPL_plot2202402_tree21.npy,train,3,3,1,0.8277457059910666,0.03224216012876019,0.14001213153975725,0.9999047517776489
Pinus/TreeScanPL_plot2202402_tree22.npy,train,8,8,1,0.7429492932813885,0.10563284450055795,0.1514178591519054,0.9999221563339233
Betula/TreeScanPL_plot2202402_tree24.npy,train,3,3,1,0.9321998376193524,0.024449948426374275,0.04335021002683608,0.9999808073043823
Pinus/TreeScanPL_plot2202402_tree25.npy,train,8,8,1,0.7267677861391418,0.1710764064898711,0.10215580331656499,0.999992847442627
Betula/TreeScanPL_plot2202402_tree26.npy,train,3,3,1,0.7628945550110765,0.03537084193870262,0.20173460134854462,0.940831184387207
Pinus/TreeScanPL_plot2202402_tree27.npy,train,8,8,1,0.71476145959904,0.1332895132786435,0.15194902278657202,0.9999963045120239
Betula/TreeScanPL_plot2202402_tree29.npy,train,3,3,1,0.8964949937736113,0.0216817643728224,0.0818232379448212,0.9996057152748108
Pinus/TreeScanPL_plot2202402_tree30.npy,train,8,8,1,0.7166839434042591,0.2170136834726389,0.06630236901956119,0.9999943971633911
Pinus/TreeScanPL_plot2202402_tree31.npy,train,8,8,1,0.7197609998312393,0.21904837650316408,0.06119061946611537,0.9999943971633911
Pinus/TreeScanPL_plot2202402_tree32.npy,train,8,8,1,0.7470589736300242,0.10652415704138207,0.1464168667599985,0.9991162419319153
Pinus/TreeScanPL_plot2202402_tree33.npy,train,8,8,1,0.8271413307265127,0.11779324028368499,0.05506542554668159,0.9999822378158569
Betula/TreeScanPL_plot2202402_tree34.npy,train,3,3,1,0.9001829086278216,0.019771809377245222,0.08004527806883413,0.9999723434448242
Pinus/TreeScanPL_plot2202402_tree35.npy,train,8,8,1,0.7064670901174546,0.14504894273422922,0.14848396485583976,0.9980024695396423
Betula/TreeScanPL_plot2202402_tree36.npy,train,3,3,1,0.7704061798764954,0.06154486531164503,0.16804895138143092,0.9999659061431885
Pinus/TreeScanPL_plot2202402_tree37.npy,train,8,8,1,0.695719870625,0.2151760073930667,0.08910411832143442,0.9999703168869019
Pinus/TreeScanPL_plot2202402_tree38.npy,train,8,8,1,0.805569785134692,0.12704999219233115,0.0673802186508763,0.9996846914291382
Pinus/TreeScanPL_plot2202402_tree39.npy,train,8,8,1,0.7646168128332913,0.18026724747748218,0.05511593671122398,0.9999490976333618
Betula/TreeScanPL_plot2202402_tree41.npy,train,3,3,1,0.69888441809033,0.08616664247131905,0.2149489378325852,0.9969146251678467
Pinus/TreeScanPL_plot2202402_tree42.npy,train,8,8,1,0.6483206527535467,0.2085155955935823,0.1431637495243062,0.9780402183532715
Pinus/TreeScanPL_plot2202402_tree43.npy,train,8,8,1,0.6479099585464367,0.18842127676054868,0.1636687619093663,0.9977600574493408
Pinus/TreeScanPL_plot2202402_tree44.npy,train,8,8,1,0.7687096775097135,0.17502954451578437,0.056260774122119765,0.9999927282333374
Pinus/TreeScanPL_plot2202402_tree45.npy,train,8,8,1,0.7142077557359598,0.18529166270183484,0.10050057896680517,0.9998121857643127
Alnus/TreeScanPL_plot2202402_tree46.npy,train,2,2,1,0.7127147850795489,0.12093806188690867,0.1663471510335386,0.9932617545127869
Pinus/TreeScanPL_plot2202402_tree47.npy,train,8,8,1,0.577905784001985,0.11629107834464264,0.30580313494248346,0.9928603768348694
Betula/TreeScanPL_plot2202402_tree48.npy,train,3,3,1,0.8955581423407949,0.04202598433119649,0.06241587113650337,0.9913960099220276
Pinus/TreeScanPL_plot2202402_tree52.npy,train,8,8,1,0.8033605020459116,0.12072942865443258,0.07591006537220298,0.9999926090240479
Betula/TreeScanPL_plot2202402_tree53.npy,train,3,3,1,0.8428297537011872,0.018950192865169406,0.13822004891381873,0.9999762773513794
Pinus/TreeScanPL_plot2202402_tree54.npy,train,8,8,1,0.7023751591096893,0.22259185045227653,0.07503298806817531,0.9998468160629272
Pinus/TreeScanPL_plot2202402_tree56.npy,train,8,8,1,0.7985997938777415,0.10079470310754254,0.10060550012228411,0.9995405673980713
Betula/TreeScanPL_plot2202402_tree57.npy,train,3,3,1,0.7613938397093254,0.03093273516736405,0.20767342277475584,0.998198926448822
Betula/TreeScanPL_plot2202402_tree58.npy,train,3,3,1,0.9083981934991872,0.022809943677469014,0.06879185815028588,0.9999842643737793
Betula/TreeScanPL_plot2202402_tree59.npy,train,3,3,1,0.8079331674523973,0.06221343457603516,0.12985339464943707,0.999840259552002
Pinus/TreeScanPL_plot2202402_tree60.npy,train,8,8,1,0.7534148467544336,0.18334591980881138,0.06323922906262254,0.9999973773956299
Pinus/TreeScanPL_plot2202402_tree61.npy,train,8,8,1,0.7407594792085471,0.13415044184696254,0.12509007614610534,0.9998379945755005
Pinus/TreeScanPL_plot2202402_tree62.npy,train,8,8,1,0.7716766762183244,0.14114566028808223,0.08717766039673625,0.9998701810836792
Pinus/TreeScanPL_plot2202402_tree63.npy,train,8,8,1,0.746403973882947,0.12684617330673098,0.12674985085340437,0.9938667416572571
Pinus/TreeScanPL_plot2202402_tree64.npy,train,8,8,1,0.7942122773661033,0.14186431370492775,0.06392340567774299,0.9999710321426392
Pinus/TreeScanPL_plot2202902_tree1.npy,train,8,8,1,0.6994398914521848,0.16339522477766702,0.13716488036037106,0.9999339580535889
Pinus/TreeScanPL_plot2202902_tree4.npy,train,8,8,1,0.6819483971340642,0.15867555052792637,0.15937604901732108,0.9999840259552002
Pinus/TreeScanPL_plot2202902_tree6.npy,train,8,8,1,0.6721159005526214,0.17893034682859205,0.14895374997897012,0.9982265830039978
Pinus/TreeScanPL_plot2202902_tree9.npy,train,8,8,1,0.7360153757922354,0.18361577194183087,0.08036884773922308,0.9999979734420776
Pinus/TreeScanPL_plot2202902_tree10.npy,train,8,8,1,0.7288368644941258,0.15467262332384352,0.11649051002358647,0.9915072917938232
Pinus/TreeScanPL_plot2202902_tree11.npy,train,8,8,1,0.7774408867059132,0.16113466130556825,0.06142444905966753,0.999981164932251
Pinus/TreeScanPL_plot2202902_tree12.npy,train,8,8,1,0.7198516368676676,0.20940320915981506,0.07074514967513718,0.9999861717224121
Pinus/TreeScanPL_plot2202902_tree13.npy,train,8,8,1,0.7956607197693738,0.07996169378028485,0.12437758343394359,0.9997114539146423
Pinus/TreeScanPL_plot2202902_tree16.npy,train,8,8,1,0.6992766870110635,0.23689249272936355,0.06383081714026397,0.9999730587005615
Pinus/TreeScanPL_plot2202902_tree19.npy,train,8,8,1,0.7392297544384214,0.1658603962107669,0.09490984373810192,0.9999988079071045
Pinus/TreeScanPL_plot2202902_tree20.npy,train,8,8,1,0.6771494874180422,0.1902089100432227,0.13264159867306932,0.9999778270721436
Pinus/TreeScanPL_plot2202902_tree21.npy,train,8,8,1,0.6690357732819223,0.2593014422362623,0.0716627811896071,0.999976634979248
Pinus/TreeScanPL_plot2400402_tree1.npy,train,8,8,1,0.6942221167487342,0.16843002018559933,0.13734785959597584,0.9999942779541016
Pinus/TreeScanPL_plot2400402_tree2.npy,train,8,8,1,0.7330545926324067,0.10048269254505862,0.1664627118882136,0.9999347925186157
Pinus/TreeScanPL_plot2400402_tree3.npy,train,8,8,1,0.6660275843491935,0.2167458134088332,0.11722659890217267,0.9999929666519165
Pinus/TreeScanPL_plot2400402_tree4.npy,train,8,8,1,0.6188022086866918,0.20738223144243048,0.17381555751251299,0.9998044371604919
Pinus/TreeScanPL_plot2400402_tree5.npy,train,8,8,1,0.7487420196283952,0.14586266947429252,0.10539530558233542,0.9999990463256836
Pinus/TreeScanPL_plot2400402_tree6.npy,train,8,8,1,0.6746264415795111,0.16726808893590364,0.15810546698240754,0.9999681711196899
Pinus/TreeScanPL_plot2400402_tree8.npy,train,8,8,1,0.6514553801797074,0.2215375977308791,0.12700701951958993,0.9993798732757568
Pinus/TreeScanPL_plot2400402_tree9.npy,train,8,8,1,0.7070233432773573,0.1544302366011834,0.13854641708316606,0.9999762773513794
Pinus/TreeScanPL_plot2400402_tree10.npy,train,8,8,1,0.7188910865219795,0.13053689870588367,0.15057200981202135,0.9999991655349731
Pinus/TreeScanPL_plot2400402_tree11.npy,train,8,8,1,0.762027469023633,0.13970128813953142,0.09827123962438025,0.9999438524246216
Pinus/TreeScanPL_plot2400402_tree12.npy,train,8,8,1,0.6338055263820597,0.268791822397279,0.09740264584304278,0.9999992847442627
Pinus/TreeScanPL_plot2400402_tree13.npy,train,8,8,1,0.6658704896115148,0.15566784976078504,0.17846165808213355,0.999964714050293
Pinus/TreeScanPL_plot2400402_tree14.npy,train,8,8,1,0.5882595494754734,0.2893315964889885,0.12240885227248222,0.9996747970581055
Pinus/TreeScanPL_plot2400402_tree18.npy,train,8,8,1,0.6896848404491591,0.1691267259352995,0.1411884305043974,0.9999877214431763
Pinus/TreeScanPL_plot2400402_tree19.npy,train,8,8,1,0.720668897402809,0.2004702515214717,0.07886084699522948,0.9999948740005493
Pinus/TreeScanPL_plot2400402_tree20.npy,train,8,8,1,0.6611565651448849,0.1866931993136487,0.1521502324033099,0.9999829530715942
Pinus/TreeScanPL_plot2400402_tree21.npy,train,8,8,1,0.6503587135682899,0.2567685425696897,0.09287274061875596,0.9999780654907227
Pinus/TreeScanPL_plot2400402_tree22.npy,train,8,8,1,0.6369994917749915,0.1838816510062462,0.17911885498027297,0.9983230233192444
Pinus/TreeScanPL_plot2400402_tree23.npy,train,8,8,1,0.69919652723562,0.23044933251494681,0.07035413771075871,0.9999823570251465
Pinus/TreeScanPL_plot2400402_tree24.npy,train,8,8,1,0.5689081301345921,0.3084326477577774,0.12265922002335765,0.9995090961456299
Pinus/TreeScanPL_plot2400402_tree25.npy,train,8,8,1,0.7061635333501151,0.16811254749177085,0.12572391419381768,0.9999977350234985
Larix/TreeScanPL_plot2400402_tree26.npy,train,6,6,1,0.7080109959385299,0.03075468316042166,0.26123431883963566,0.9998668432235718
Pinus/TreeScanPL_plot2400402_tree27.npy,train,8,8,1,0.751672099548509,0.15489365590418214,0.09343424055292945,0.9999932050704956
Pinus/TreeScanPL_plot2400402_tree28.npy,train,8,8,1,0.6451052064550801,0.24649060918438967,0.10840418037937578,0.999997615814209
Pinus/TreeScanPL_plot2400402_tree29.npy,train,8,8,1,0.6768971058480142,0.23038271017373763,0.09272017930260505,0.9999978542327881
Pinus/TreeScanPL_plot2400402_tree30.npy,train,8,8,1,0.7577763753371874,0.13976854810103825,0.1024550732239219,0.9999570846557617
Pinus/TreeScanPL_plot2400402_tree31.npy,train,8,8,1,0.7283896110579566,0.12883006760326102,0.14278031741482572,0.9999918937683105
Pinus/TreeScanPL_plot2400402_tree32.npy,train,8,8,1,0.6838805792788786,0.19254725859682015,0.12357215844848925,0.9999921321868896
Pinus/TreeScanPL_plot2400402_tree33.npy,train,8,8,1,0.6039714372985381,0.20517170760092457,0.19085685303196068,0.9967249035835266
Pinus/TreeScanPL_plot2400402_tree34.npy,train,8,8,1,0.5554305969191913,0.30626261233117225,0.13830678847139619,0.9998849630355835
Pinus/TreeScanPL_plot2400402_tree35.npy,train,8,8,1,0.7383757385547363,0.17603469405948474,0.08558956355567358,0.9999969005584717
Pinus/TreeScanPL_plot2400402_tree36.npy,train,8,8,1,0.7064281278648752,0.1741768855673705,0.11939498273622699,0.9999966621398926
Pinus/TreeScanPL_plot2400402_tree37.npy,train,8,8,1,0.6460940469288557,0.27912582480091563,0.07478012476314172,0.9999902248382568
Pinus/TreeScanPL_plot2400402_tree38.npy,train,8,8,1,0.7020432227552174,0.214732621347012,0.08322415153284193,0.9999985694885254
Pinus/TreeScanPL_plot2400402_tree39.npy,train,8,8,1,0.7005359921692198,0.16436933677872181,0.13509466596928663,0.9999990463256836
Pinus/TreeScanPL_plot2400402_tree40.npy,train,8,8,1,0.5456629623033425,0.24366247395017432,0.21067456171490812,0.9993982315063477
Pinus/TreeScanPL_plot2400402_tree41.npy,train,8,8,1,0.6474149223822621,0.23915779973867254,0.11342727425306708,0.9999959468841553
Pinus/TreeScanPL_plot2400402_tree42.npy,train,8,8,1,0.7149075116239119,0.18571966351621155,0.09937282245240475,0.9999663829803467
Pinus/TreeScanPL_plot2400402_tree43.npy,train,8,8,1,0.7186662538636979,0.13997862381387846,0.14135511976372736,0.9998801946640015
Pinus/TreeScanPL_plot2400402_tree44.npy,train,8,8,1,0.700375762239157,0.21041346008264564,0.08921077390934663,0.9999936819076538
Pinus/TreeScanPL_plot2400402_tree45.npy,train,8,8,1,0.7462589603519322,0.12283359545068707,0.1309074403917669,0.9999964237213135
Pinus/TreeScanPL_plot2400402_tree46.npy,train,8,8,1,0.7239434191451496,0.15134445772822197,0.12471211964135714,0.9999966621398926
Pinus/TreeScanPL_plot2400402_tree47.npy,train,8,8,1,0.6820195288570384,0.13436645392839208,0.18361401401971514,0.9999843835830688
Pinus/TreeScanPL_plot2400402_tree48.npy,train,8,8,1,0.6751283493894963,0.23205046527839582,0.09282118230432806,0.9999879598617554
Pinus/TreeScanPL_plot2400402_tree49.npy,train,8,8,1,0.6017921483901741,0.2626006689710405,0.13560718017760265,0.9999517202377319
Pinus/TreeScanPL_plot2400402_tree50.npy,train,8,8,1,0.7412306534583971,0.19530465174608763,0.0634646914194624,0.9999874830245972
Pinus/TreeScanPL_plot2400402_tree52.npy,train,8,8,1,0.7245903144397303,0.12328571049868109,0.1521239726727491,0.9999914169311523
Pinus/TreeScanPL_plot2400402_tree53.npy,train,8,8,1,0.43516490335517044,0.30147062497468796,0.26336447037872934,0.8600141406059265
Pinus/TreeScanPL_plot2400402_tree54.npy,train,8,8,1,0.6583488673185771,0.26301690340462863,0.07863422557297337,0.999997615814209
Pinus/TreeScanPL_plot2400402_tree55.npy,train,8,8,1,0.7769963254291636,0.11363495384733366,0.10936871695398626,0.9999327659606934
Pinus/TreeScanPL_plot2400402_tree57.npy,train,8,8,1,0.6908281930727975,0.17326827959142868,0.1359035249564593,0.9999281167984009
Pinus/TreeScanPL_plot2400402_tree58.npy,train,8,8,1,0.6253496641649835,0.2667184474901747,0.1079318837089891,0.9999980926513672
Pinus/TreeScanPL_plot2400402_tree59.npy,train,8,8,1,0.7285030874264804,0.21585656463755845,0.05564034490436105,0.9999855756759644
Pinus/TreeScanPL_plot2400402_tree60.npy,train,8,8,1,0.6674000635140727,0.27344319875898837,0.0591567354509767,0.9999223947525024
Pinus/TreeScanPL_plot2400402_tree62.npy,train,8,8,1,0.7251297067456585,0.14033444292822225,0.13453584667861912,0.9999932050704956
Pinus/TreeScanPL_plot2400402_tree63.npy,train,8,8,1,0.5443336207811875,0.2947081682848939,0.16095820857453877,0.9987804293632507
Pinus/TreeScanPL_plot2400402_tree64.npy,train,8,8,1,0.7102650610708465,0.20508568548596443,0.08464924982678924,0.9999935626983643
Pinus/TreeScanPL_plot2400402_tree65.npy,train,8,8,1,0.7009804922481798,0.22759608073846146,0.07142342316863996,0.9999984502792358
Pinus/TreeScanPL_plot2400402_tree66.npy,train,8,8,1,0.7444743726423538,0.12068706301858076,0.13483856054555807,0.9999953508377075
Pinus/TreeScanPL_plot2400402_tree67.npy,train,8,8,1,0.6590394612607053,0.17809965167528338,0.1628608833214553,0.999980092048645
Pinus/TreeScanPL_plot2400402_tree68.npy,train,8,8,1,0.653173837021612,0.2475540911851479,0.09927206883281219,0.9999862909317017
Pinus/TreeScanPL_plot2400402_tree69.npy,train,8,8,1,0.6674192078154293,0.2320905143918016,0.10049027458841533,0.9999936819076538
Pinus/TreeScanPL_plot2400402_tree71.npy,train,8,8,1,0.7353337709010865,0.14850105266421199,0.11616517209089132,0.9999988079071045
Pinus/TreeScanPL_plot2400402_tree72.npy,train,8,8,1,0.7889599883771429,0.1359479982480195,0.07509200996245315,0.9999734163284302
Pinus/TreeScanPL_plot2400402_tree74.npy,train,8,8,1,0.7415024104788422,0.13133166108373553,0.12716592428907633,0.999996542930603
Pinus/TreeScanPL_plot2400402_tree76.npy,train,8,8,1,0.6400026373279369,0.19479029045412508,0.16520707025848064,0.999810516834259
Pinus/TreeScanPL_plot2400402_tree77.npy,train,8,8,1,0.6582288996116197,0.2620775019013009,0.07969359491838938,0.9999969005584717
Pinus/TreeScanPL_plot2400402_tree78.npy,train,8,8,1,0.7634302118276803,0.08661462510638318,0.1499551596287129,0.999982476234436
Pinus/TreeScanPL_plot2400402_tree81.npy,train,8,8,1,0.6550680118683727,0.21225037512621558,0.13268161045677584,0.9999003410339355
Pinus/TreeScanPL_plot2400402_tree82.npy,train,8,8,1,0.6564543906497824,0.2539796077464604,0.08956599954411999,0.9996080994606018
Pinus/TreeScanPL_plot2400402_tree83.npy,train,8,8,1,0.7213182015017303,0.13931281115917793,0.13936898318201119,0.9999958276748657
Pinus/TreeScanPL_plot2400402_tree84.npy,train,8,8,1,0.678471036319258,0.14981754109601672,0.17171141946589796,0.9999932050704956
Pinus/TreeScanPL_plot2400402_tree86.npy,train,8,8,1,0.6453108043398949,0.21068050386248163,0.14400868986418947,0.9997585415840149
Pinus/TreeScanPL_plot2400402_tree88.npy,train,8,8,1,0.6064061782995538,0.21992517931589256,0.1736686391804846,0.9999904632568359
Pinus/TreeScanPL_plot2400402_tree89.npy,train,8,8,1,0.6691471303116345,0.13020543579573796,0.20064743150802428,0.9999765157699585
Pinus/TreeScanPL_plot2400402_tree90.npy,train,8,8,1,0.6217985724681493,0.2460323749690734,0.13216905012809887,0.9976595640182495
Pinus/TreeScanPL_plot2400402_tree91.npy,train,8,8,1,0.7187093739590816,0.17079715342421745,0.11049346843890899,0.9999984502792358
Pinus/TreeScanPL_plot2400402_tree92.npy,train,8,8,1,0.7334331820240239,0.2226091169069115,0.04395769888850688,0.9999462366104126
Pinus/TreeScanPL_plot2400402_tree93.npy,train,8,8,1,0.6835107105495315,0.20689344960674386,0.109595837467248,0.9996160268783569
Pinus/TreeScanPL_plot2400402_tree94.npy,train,8,8,1,0.7111537313887107,0.2250516469802471,0.06379461812416387,0.9999961853027344
Pinus/TreeScanPL_plot2400402_tree95.npy,train,8,8,1,0.6862009805192943,0.22016609023236336,0.09363292578641359,0.9999961853027344
Pinus/TreeScanPL_plot2400402_tree96.npy,train,8,8,1,0.7182754764115151,0.18393419661289132,0.09779032261826118,0.9999957084655762
Pinus/TreeScanPL_plot2400402_tree98.npy,train,8,8,1,0.5608391498303894,0.20064374845845348,0.23851709990034878,0.9997170567512512
Pinus/TreeScanPL_plot2400402_tree99.npy,train,8,8,1,0.7535564374458718,0.12053235441512454,0.1259112033184554,0.9999864101409912
Pinus/TreeScanPL_plot2400402_tree100.npy,train,8,8,1,0.604891045152005,0.22150384095679504,0.17360511138227525,0.9999741315841675
Larix/TreeScanPL_plot2400402_tree101.npy,train,6,6,1,0.7217016183100956,0.09565771189974728,0.18264066801709078,0.9946395754814148
Pinus/TreeScanPL_plot2400402_tree102.npy,train,8,8,1,0.6899295050711785,0.18130199028420885,0.12876850099099113,0.9999896287918091
Pinus/TreeScanPL_plot2400402_tree103.npy,train,8,8,1,0.7124311452494603,0.1592291893503498,0.12833966100263614,0.9999983310699463
Pinus/TreeScanPL_plot2400402_tree104.npy,train,8,8,1,0.6945593198466263,0.240888960664746,0.06455171671399462,0.9999556541442871
Pinus/TreeScanPL_plot2400402_tree106.npy,train,8,8,1,0.6486909392066922,0.26652000322982244,0.08478905373250598,0.9999980926513672
Pinus/TreeScanPL_plot2400402_tree107.npy,train,8,8,1,0.7304111604181268,0.1921546611183726,0.07743417346118124,0.9999979734420776
Pinus/TreeScanPL_plot2400402_tree109.npy,train,8,8,1,0.6112847819467377,0.264832967105928,0.12388224821396505,0.9999878406524658
Pinus/TreeScanPL_plot2400402_tree110.npy,train,8,8,1,0.6881383862557403,0.17611926164185293,0.1357423488821656,0.9999912977218628
Pinus/TreeScanPL_plot2400402_tree111.npy,train,8,8,1,0.7360514100963437,0.13927882944681869,0.12466975706867904,0.9999896287918091
Pinus/TreeScanPL_plot2400402_tree112.npy,train,8,8,1,0.5493973051210218,0.17992778481408833,0.2706749082161163,0.999108612537384
Pinus/TreeScanPL_plot2400402_tree114.npy,train,8,8,1,0.557492378459482,0.3361824531391232,0.10632516604448984,0.9999808073043823
Betula/TreeScanPL_plot2400402_tree115.npy,train,3,3,1,0.6024087906495904,0.03731850368246623,0.36027270439512604,0.6704524755477905
Pinus/TreeScanPL_plot2401002_tree1.npy,train,8,8,1,0.6349155567158484,0.27971734583068514,0.08536709165122834,0.9999992847442627
Pinus/TreeScanPL_plot2401002_tree2.npy,train,8,8,1,0.7219589055230046,0.19724002350595712,0.08080106682741625,0.9999827146530151
Pinus/TreeScanPL_plot2401002_tree3.npy,train,8,8,1,0.6988246384995549,0.1877392969772142,0.11343605788256808,0.9999990463256836
Pinus/TreeScanPL_plot2401002_tree4.npy,train,8,8,1,0.6276522650317867,0.24847050815351696,0.12387722084253398,0.9999979734420776
Pinus/TreeScanPL_plot2401002_tree5.npy,train,8,8,1,0.7267064752180895,0.15946098096260805,0.11383253803728653,0.9999991655349731
Pinus/TreeScanPL_plot2401002_tree6.npy,train,8,8,1,0.7401073402097491,0.14235295893923033,0.11753969823068004,0.999459445476532
Pinus/TreeScanPL_plot2401002_tree7.npy,train,8,8,1,0.7640596279408308,0.18563633880574615,0.05030403037734897,0.9997140765190125
Pinus/TreeScanPL_plot2401002_tree8.npy,train,8,8,1,0.7379596368183332,0.147939381137457,0.11410097683914615,0.9999960660934448
Pinus/TreeScanPL_plot2401002_tree9.npy,train,8,8,1,0.6832729364145685,0.20318714930502224,0.11353991056976699,0.9999866485595703
Pinus/TreeScanPL_plot2401002_tree10.npy,train,8,8,1,0.7103145315045252,0.20098284646750272,0.08870261675154381,0.9999972581863403
Pinus/TreeScanPL_plot2401002_tree11.npy,train,8,8,1,0.6175518063163163,0.22415826135460512,0.15828993003366293,0.994238018989563
Pinus/TreeScanPL_plot2401002_tree12.npy,train,8,8,1,0.5840594094607213,0.3346110430824196,0.08132954043783462,0.9999991655349731
Pinus/TreeScanPL_plot2401002_tree14.npy,train,8,8,1,0.5103894574495652,0.3709060461594417,0.11870449042724915,0.9999974966049194
Pinus/TreeScanPL_plot2401002_tree15.npy,train,8,8,1,0.6764893144453016,0.23514344219950148,0.08836723849064063,0.9999971389770508
Pinus/TreeScanPL_plot2401002_tree16.npy,train,8,8,1,0.6265152212745064,0.28205160706400234,0.09143316660003095,0.9999970197677612
Pinus/TreeScanPL_plot2401002_tree17.npy,train,8,8,1,0.7677806725023166,0.16186866949859907,0.07035065341967647,0.9999902248382568
Pinus/TreeScanPL_plot2401002_tree18.npy,train,8,8,1,0.6478619083256599,0.24675132143749484,0.10538676431940608,0.9999990463256836
Pinus/TreeScanPL_plot2401002_tree20.npy,train,8,8,1,0.6672255064758063,0.24387599645456864,0.0888984928001891,0.9999887943267822
Pinus/TreeScanPL_plot2401002_tree21.npy,train,8,8,1,0.6683697898404659,0.25033447635327966,0.08129572853590539,0.9999961853027344
Pinus/TreeScanPL_plot2401002_tree22.npy,train,8,8,1,0.6519779787277744,0.23841529547507295,0.10960672018469987,0.9999984502792358
Pinus/TreeScanPL_plot2401002_tree24.npy,train,8,8,1,0.6672171216019533,0.20687965172390194,0.12590322351528507,0.9999933242797852
Pinus/TreeScanPL_plot2401002_tree25.npy,train,8,8,1,0.6789131305655415,0.21297297333057083,0.10811389091686652,0.9999971389770508
Pinus/TreeScanPL_plot2401002_tree26.npy,train,8,8,1,0.6253961893677679,0.2768745639941566,0.09772924175427455,0.9999971389770508
Pinus/TreeScanPL_plot2401002_tree27.npy,train,8,8,1,0.6516009788029085,0.20521010481650293,0.14318891327885636,0.9999654293060303
Pinus/TreeScanPL_plot2401002_tree28.npy,train,8,8,1,0.7026310101040851,0.19974937426287728,0.09761961087955714,0.9999954700469971
Pinus/TreeScanPL_plot2401002_tree29.npy,train,8,8,1,0.6974450068215943,0.26060231454588123,0.04195267570983164,0.9999326467514038
Pinus/TreeScanPL_plot2401002_tree30.npy,train,8,8,1,0.6506076763854771,0.2583582838293448,0.0910340337672672,0.999998927116394
Pinus/TreeScanPL_plot2401002_tree32.npy,train,8,8,1,0.6614593418198269,0.2285512142994721,0.10998943829075995,0.9999990463256836
Pinus/TreeScanPL_plot2401002_tree33.npy,train,8,8,1,0.7177853698898439,0.19768389356421448,0.08453073409016455,0.9987900853157043
Pinus/TreeScanPL_plot2401002_tree34.npy,train,8,8,1,0.736926111681082,0.1318700002351707,0.13120388370271283,0.999997615814209
Pinus/TreeScanPL_plot2501302_tree2.npy,train,8,8,1,0.6920322770273966,0.11973758445062248,0.1882301368237148,0.9766975045204163
Betula/TreeScanPL_plot2501302_tree4.npy,train,3,3,1,0.8772640089077415,0.03624937861679864,0.0864866094378896,0.9998352527618408
Picea/TreeScanPL_plot2501302_tree5.npy,train,7,7,1,0.8465594117578941,0.1256879686220341,0.027752617875245328,0.9914165139198303
Pinus/TreeScanPL_plot2501302_tree6.npy,train,8,8,1,0.6757948204680676,0.10745150350832798,0.21675367400808745,0.9629557728767395
Picea/TreeScanPL_plot2501302_tree7.npy,train,7,7,1,0.884455564449255,0.08818417848845116,0.027360255041383143,0.990027129650116
Betula/TreeScanPL_plot2501302_tree9.npy,train,3,3,1,0.6991662678621402,0.08465821218850056,0.21617551823538292,0.9957026839256287
Betula/TreeScanPL_plot2501302_tree10.npy,train,3,3,1,0.702816319947971,0.15726341123669374,0.1399202673162991,0.852543294429779
Picea/TreeScanPL_plot2501302_tree11.npy,train,7,7,1,0.8718313384769708,0.10448253579509847,0.023686123793858097,0.9983912110328674
Betula/TreeScanPL_plot2501302_tree12.npy,train,3,3,1,0.7853847507619961,0.06626734198178046,0.14834790468697553,0.9999253749847412
Pinus/TreeScanPL_plot2501302_tree13.npy,train,8,8,1,0.7751329617932702,0.16793838012451603,0.05692865568685863,0.9999041557312012
Betula/TreeScanPL_plot2501302_tree15.npy,train,3,3,1,0.7569454693216849,0.09486281836627557,0.14819170963936723,0.9999147653579712
Picea/TreeScanPL_plot2501302_tree16.npy,train,7,7,1,0.8502168650753794,0.10089125215297941,0.04889188028318926,0.9992305040359497
Betula/TreeScanPL_plot2501302_tree17.npy,train,3,3,1,0.8521529951317908,0.054389301334259336,0.09345769982248836,0.9999673366546631
Betula/TreeScanPL_plot2501302_tree18.npy,train,3,3,1,0.8971881911265346,0.05156833273841077,0.05124347390174409,0.9962314963340759
Pinus/TreeScanPL_plot2501302_tree19.npy,train,8,8,1,0.748252412059197,0.14580101848317203,0.10594656637904344,0.9999716281890869
Betula/TreeScanPL_plot2502602_tree1.npy,train,3,3,1,0.8212479081645705,0.02472864191437878,0.15402344748234786,0.9997559189796448
Betula/TreeScanPL_plot2502602_tree3.npy,train,3,3,1,0.8166251867340736,0.030000432080026902,0.15337437601672793,0.9999241828918457
Betula/TreeScanPL_plot2502602_tree4.npy,train,3,3,1,0.9352978460558563,0.026172379764490713,0.03852976846571552,0.9999847412109375
Betula/TreeScanPL_plot2502602_tree5.npy,train,3,3,1,0.5521686690866302,0.05738518176020149,0.3904461476227379,0.995135486125946
Betula/TreeScanPL_plot2502602_tree6.npy,train,3,3,1,0.8419907118800679,0.03944390276848926,0.11856538330695064,0.9993335604667664
Betula/TreeScanPL_plot2502602_tree7.npy,train,3,3,1,0.7862391679841454,0.028259846198217795,0.1855009805820881,0.9999918937683105
Betula/TreeScanPL_plot2502602_tree8.npy,train,3,3,1,0.8784376597672066,0.026158520684580473,0.09540381469075082,0.9999713897705078
Betula/TreeScanPL_plot2502602_tree9.npy,train,3,3,1,0.8629953022628105,0.048021902845421294,0.08898278918042755,0.9999440908432007
Pinus/TreeScanPL_plot2502602_tree10.npy,train,8,8,1,0.37005469131969326,0.10801852289976921,0.5219267836627279,0.7688683867454529
Betula/TreeScanPL_plot2502602_tree11.npy,train,3,3,1,0.79418465014515,0.024963426865810677,0.18085191945747478,0.9998782873153687
Betula/TreeScanPL_plot2502602_tree12.npy,train,3,3,1,0.80041776714557,0.09459591429293847,0.10498631514085777,0.9999814033508301
Betula/TreeScanPL_plot2502602_tree14.npy,train,3,3,1,0.7586932418427922,0.024941582686034972,0.21636517281734655,0.9989715814590454
Pinus/TreeScanPL_plot2502602_tree16.npy,train,8,8,1,0.7968110135439896,0.13804698525921866,0.06514199890220292,0.9999275207519531
Betula/TreeScanPL_plot2502602_tree17.npy,train,3,3,1,0.8980066721909139,0.025859418001675342,0.07613390707080232,0.9998757839202881
Betula/TreeScanPL_plot2502602_tree18.npy,train,3,3,1,0.9153283176796693,0.020349817091944028,0.06432186111923018,0.9998984336853027
Pinus/TreeScanPL_plot2502602_tree19.npy,train,8,8,1,0.6768095773368127,0.22821143953206882,0.09497897909167802,0.9999899864196777
Betula/TreeScanPL_plot2502602_tree20.npy,train,3,3,1,0.8815999302410031,0.02443351139440692,0.09396655344650011,0.9999600648880005
Pinus/TreeScanPL_plot2502602_tree22.npy,train,8,8,1,0.7552237045816652,0.1673590430169629,0.07741724829045157,0.9999765157699585
Betula/TreeScanPL_plot2502602_tree23.npy,train,3,3,1,0.7426075463526071,0.0561021190029634,0.20129033273118602,0.993921160697937
Pinus/TreeScanPL_plot2502602_tree24.npy,train,8,8,1,0.5588323416742033,0.24224455827780403,0.19892309821894485,0.9946050047874451
Betula/TreeScanPL_plot2502602_tree26.npy,train,3,3,1,0.759902745835632,0.023332028330053208,0.21676522353179428,0.9984936714172363
Pinus/TreeScanPL_plot2502602_tree27.npy,train,8,8,1,0.7657418449649624,0.12021849971574644,0.11403965315046898,0.9982191920280457
Betula/TreeScanPL_plot2502602_tree28.npy,train,3,3,1,0.9660213907984351,0.015768161509890435,0.018210443710809453,0.9997448325157166
Betula/TreeScanPL_plot2502602_tree30.npy,train,3,3,1,0.8899575600103777,0.053891435387782606,0.056150999215854376,0.999981164932251
Pinus/TreeScanPL_plot2502602_tree31.npy,train,8,8,1,0.6951427309489958,0.1919946973322686,0.11286256835419142,0.9999662637710571
Betula/TreeScanPL_plot2502602_tree33.npy,train,3,3,1,0.7111375407476425,0.07329094221709333,0.2155715143916409,0.9998168349266052
Pinus/TreeScanPL_plot2502602_tree34.npy,train,8,8,1,0.6551915632553097,0.19815746955911004,0.14665096276970838,0.9999974966049194
Betula/TreeScanPL_plot2502602_tree35.npy,train,3,3,1,0.8619900216393335,0.04756839253389858,0.09044158231337267,0.999956488609314
Betula/TreeScanPL_plot2502602_tree36.npy,train,3,3,1,0.8327994890932139,0.043550287940593305,0.12365022023305398,0.9997426867485046
Betula/TreeScanPL_plot2502602_tree37.npy,train,3,3,1,0.8605534042005543,0.012347520311385795,0.1270990737469865,0.9768685102462769
Betula/TreeScanPL_plot2502602_tree38.npy,train,3,3,1,0.7855484466767286,0.03540821473327777,0.1790433354058933,0.9999589920043945
Betula/TreeScanPL_plot2502602_tree40.npy,train,3,3,1,0.9340965069103306,0.022286685452791454,0.043616804850737774,0.9997392296791077
Pinus/TreeScanPL_plot2502602_tree41.npy,train,8,8,1,0.744751356425525,0.09637189858714044,0.15887674329724966,0.9906646013259888
Betula/TreeScanPL_plot2502602_tree42.npy,train,3,3,1,0.9134941202788379,0.024968871957047414,0.06153700321240252,0.9999425411224365
Betula/TreeScanPL_plot2502602_tree43.npy,train,3,3,1,0.5888744935270281,0.026241328368053145,0.3848841768596932,0.9985826015472412
Betula/TreeScanPL_plot2502602_tree44.npy,train,3,3,1,0.7773565509432697,0.03669913520419224,0.1859443100494658,0.9999475479125977
Picea/TreeScanPL_plot2502602_tree45.npy,train,7,7,1,0.8580531822645919,0.09932842282056097,0.04261839326217234,0.9994398951530457
Betula/TreeScanPL_plot2504302_tree1.npy,train,3,3,1,0.8979795007558821,0.03290239124053691,0.06911810556637257,0.9965161085128784
Betula/TreeScanPL_plot2504302_tree2.npy,train,3,3,1,0.8380989093070648,0.027178660005820254,0.13472242688604227,0.9999912977218628
Betula/TreeScanPL_plot2504302_tree4.npy,train,3,3,1,0.8724556410732307,0.035042290217261914,0.09250206513870832,0.9998719692230225
Betula/TreeScanPL_plot2504302_tree5.npy,train,3,3,1,0.8339418953326307,0.01409628315544967,0.15196181975768927,0.9864726066589355
Betula/TreeScanPL_plot2504302_tree6.npy,train,3,3,1,0.7379582797152104,0.08890512672996795,0.17313659139886575,0.860420286655426
Betula/TreeScanPL_plot2504302_tree7.npy,train,3,3,1,0.8892133483980046,0.027713859636260826,0.08307278924844935,0.9997889399528503
Betula/TreeScanPL_plot2504302_tree8.npy,train,3,3,1,0.7091043765596461,0.019233368885001625,0.27166225125267174,0.999971866607666
Betula/TreeScanPL_plot2504302_tree9.npy,train,3,3,1,0.7357976777931932,0.07331976354801295,0.19088255565866172,0.99997878074646
Betula/TreeScanPL_plot2504302_tree10.npy,train,3,3,1,0.8433148124612722,0.028526354900694478,0.1281588284896505,0.9999855756759644
Betula/TreeScanPL_plot2504302_tree11.npy,train,3,3,1,0.888610103826124,0.027969219628668718,0.08342067171785779,0.999993085861206
Betula/TreeScanPL_plot2504302_tree12.npy,train,3,3,1,0.8527128468629022,0.029837811999144613,0.11744933635298761,0.9999955892562866
Betula/TreeScanPL_plot2504302_tree13.npy,train,3,3,1,0.7725606975533247,0.043828444303185915,0.18361085463830198,0.9998965263366699
Betula/TreeScanPL_plot2504302_tree14.npy,train,3,3,1,0.8154863735912796,0.018873299669624883,0.1656403227829631,0.99996018409729
Betula/TreeScanPL_plot2504302_tree15.npy,train,3,3,1,0.9034342011722084,0.030155585939940156,0.06641020821353087,0.9999948740005493
Betula/TreeScanPL_plot2504302_tree16.npy,train,3,3,1,0.7643865298190561,0.024572064210708778,0.21104140232859742,0.9997605681419373
Betula/TreeScanPL_plot2504302_tree18.npy,train,3,3,1,0.9021972075391298,0.023993698177596664,0.07380908995580326,0.999976396560669
Betula/TreeScanPL_plot2504302_tree19.npy,train,3,3,1,0.8163404740177292,0.040161562784213234,0.14349796054793656,0.9997907280921936
Betula/TreeScanPL_plot2504302_tree20.npy,train,3,3,1,0.7645545253992578,0.027136078510062514,0.20830939304542354,0.9999030828475952
Betula/TreeScanPL_plot2504302_tree21.npy,train,3,3,1,0.8445292818460807,0.029619697576003797,0.1258510170568925,0.9999479055404663
Betula/TreeScanPL_plot2504302_tree22.npy,train,3,3,1,0.774179422186174,0.015649670712310416,0.21017090073088382,0.9999943971633911
Betula/TreeScanPL_plot2504302_tree23.npy,train,3,3,1,0.8960251980593059,0.025812262377634166,0.07816253470879081,0.9999793767929077
Betula/TreeScanPL_plot2504302_tree24.npy,train,3,3,1,0.766365766682612,0.02147938627588175,0.2121548439529171,0.9997759461402893
Betula/TreeScanPL_plot2504302_tree25.npy,train,3,3,1,0.7534959136952161,0.08035019406605472,0.1661538903724945,0.9947777986526489
Betula/TreeScanPL_plot2504302_tree26.npy,train,3,3,1,0.8184794391636935,0.039822326475858275,0.14169823034365214,0.9999641180038452
Betula/TreeScanPL_plot2504302_tree27.npy,train,3,3,1,0.7483650465359563,0.01538973113751523,0.23624521986258218,0.9995355606079102
Betula/TreeScanPL_plot2504302_tree28.npy,train,3,3,1,0.7675307886519527,0.030293614982329572,0.20217559265401713,0.9999732971191406
Betula/TreeScanPL_plot2504302_tree29.npy,train,3,3,1,0.7190105144528477,0.03946554500378035,0.2415239372384202,0.9999634027481079
Betula/TreeScanPL_plot2504302_tree30.npy,train,3,3,1,0.9126975383851063,0.023981838295508612,0.06332061982368355,0.9999086856842041
Betula/TreeScanPL_plot2504302_tree31.npy,train,3,3,1,0.9154072888360395,0.015645714098756276,0.0689469942781251,0.9999388456344604
Betula/TreeScanPL_plot2504302_tree32.npy,train,3,3,1,0.9302774962911665,0.03171835216975976,0.038004148909671236,0.9999639987945557
Pinus/TreeScanPL_plot2604602_tree1.npy,train,8,8,1,0.5185630027390017,0.11159887540198173,0.3698381193591699,0.5373558402061462
Betula/TreeScanPL_plot2604602_tree3.npy,train,3,3,1,0.6544540917022206,0.1173410107434577,0.22820489502406027,0.9982511401176453
Quercus/TreeScanPL_plot2604602_tree4.npy,train,9,9,1,0.8295002170025843,0.07491010241129988,0.09558967799410216,0.9999301433563232
Betula/TreeScanPL_plot2604602_tree7.npy,train,3,3,1,0.8855354549973333,0.04407937275660281,0.07038516842826927,0.9999642372131348
Quercus/TreeScanPL_plot2604602_tree8.npy,train,9,9,1,0.5830634693238905,0.10810586143599955,0.3088306654628271,0.9999773502349854
Pinus/TreeScanPL_plot2604602_tree10.npy,train,8,8,1,0.7844902278343427,0.05699256626064305,0.15851720372021832,0.9489690065383911
Quercus/TreeScanPL_plot2604602_tree12.npy,train,9,9,1,0.6599428351769027,0.060973508649484434,0.27908365359145154,0.9995865225791931
Quercus/TreeScanPL_plot2604602_tree14.npy,train,9,9,1,0.5677406839640824,0.0590434842505466,0.3732158294151186,0.9998137354850769
Quercus/TreeScanPL_plot2604602_tree15.npy,train,9,9,1,0.6507984989611181,0.05958076588914964,0.28962073261586135,0.9998018145561218
Quercus/TreeScanPL_plot2604602_tree18.npy,train,9,9,1,0.6984282863770608,0.13485944277347955,0.1667122684412835,0.9995261430740356
Quercus/TreeScanPL_plot2604602_tree19.npy,train,9,9,1,0.5634339126871173,0.08995196350012057,0.3466141209902608,0.9999411106109619
Quercus/TreeScanPL_plot2604602_tree20.npy,train,9,9,1,0.6250807653121283,0.08053153645281473,0.2943876958357966,0.9998921155929565
Quercus/TreeScanPL_plot2604602_tree22.npy,train,9,9,1,0.6288769341104236,0.07399936527529796,0.29712369814561873,0.9998706579208374
Betula/TreeScanPL_plot2604602_tree23.npy,train,3,3,1,0.8363279367175084,0.031839076891805325,0.13183298313622416,0.9980242252349854
Quercus/TreeScanPL_plot2604602_tree24.npy,train,9,9,1,0.6487949081627281,0.16593919588562553,0.1852658936554728,0.9977533221244812
Betula/TreeScanPL_plot2604602_tree25.npy,train,3,3,1,0.657004506576657,0.029867551660185898,0.3131279401500556,0.9850561618804932
Betula/TreeScanPL_plot2604602_tree26.npy,train,3,3,1,0.8128822221067111,0.044071429546547386,0.14304634411499223,0.9999837875366211
Pinus/TreeScanPL_plot2604602_tree27.npy,train,8,8,1,0.8470466267481213,0.08634744180962617,0.06660592829982118,0.9998792409896851
Quercus/TreeScanPL_plot2604602_tree28.npy,train,9,9,1,0.6920816884841607,0.11245718839165467,0.19546111974543146,0.9999788999557495
Quercus/TreeScanPL_plot2604602_tree30.npy,train,9,9,1,0.4922935981171853,0.07674616455560909,0.43096023545613443,0.9955728054046631
Betula/TreeScanPL_plot2604602_tree32.npy,train,3,3,1,0.7277899572275016,0.03790003972030703,0.23431000006967423,0.9998103976249695
Quercus/TreeScanPL_plot2604602_tree33.npy,train,9,9,1,0.48064612857035877,0.15944888095267204,0.35990498836347007,0.9948232173919678
Pinus/TreeScanPL_plot2700402_tree2.npy,train,8,8,1,0.6427919528257208,0.22046168808151959,0.13674635445131414,0.9999979734420776
Pinus/TreeScanPL_plot2700402_tree3.npy,train,8,8,1,0.6286791924290134,0.2381218875958362,0.13319891388031457,0.9999991655349731
Pinus/TreeScanPL_plot2700402_tree4.npy,train,8,8,1,0.6614403216349648,0.2129735844723228,0.12558608954247077,0.9999918937683105
Pinus/TreeScanPL_plot2700402_tree5.npy,train,8,8,1,0.6707476382541796,0.22116894187927214,0.10808341524279949,0.9999984502792358
Pinus/TreeScanPL_plot2700402_tree7.npy,train,8,8,1,0.6130524071333523,0.30288494930297793,0.0840626402261784,0.9999213218688965
Pinus/TreeScanPL_plot2700402_tree8.npy,train,8,8,1,0.6116671632794961,0.269357950896508,0.11897488099907239,0.9999974966049194
Pinus/TreeScanPL_plot2700402_tree9.npy,train,8,8,1,0.7002362234832842,0.19909630628936822,0.1006674663592653,0.9999938011169434
Pinus/TreeScanPL_plot2700402_tree10.npy,train,8,8,1,0.6840816180434747,0.22769966134018488,0.08821871639979147,0.9999738931655884
Pinus/TreeScanPL_plot2700402_tree11.npy,train,8,8,1,0.7163738765591302,0.1490064976331782,0.13461962083148823,0.9999992847442627
Pinus/TreeScanPL_plot2700402_tree13.npy,train,8,8,1,0.6543383380837458,0.23723777513858466,0.1084238820833968,0.9999971389770508
Pinus/TreeScanPL_plot2700402_tree14.npy,train,8,8,1,0.6337950442346655,0.24129801588566782,0.12490693500631402,0.9999984502792358
Pinus/TreeScanPL_plot2700402_tree16.npy,train,8,8,1,0.6970896258866808,0.21820891794757055,0.08470145225075648,0.9999946355819702
Pinus/TreeScanPL_plot2700402_tree19.npy,train,8,8,1,0.6908115047040138,0.20780267003507244,0.10138582152714817,0.9999886751174927
Pinus/TreeScanPL_plot2700402_tree20.npy,train,8,8,1,0.6652646270556927,0.16344557522363726,0.17128979376084635,0.9999903440475464
Pinus/TreeScanPL_plot2700402_tree21.npy,train,8,8,1,0.6390330963282183,0.2528590997037628,0.10810779961247163,0.9999879598617554
Pinus/TreeScanPL_plot2700402_tree22.npy,train,8,8,1,0.629044334654284,0.27564992862542886,0.09530573253980386,0.9999967813491821
Pinus/TreeScanPL_plot2700402_tree23.npy,train,8,8,1,0.6087291449883978,0.20121931806362664,0.19005153106554995,0.9999992847442627
Pinus/TreeScanPL_plot2700402_tree24.npy,train,8,8,1,0.6733895200244105,0.16890895696992173,0.157701518650827,0.999996542930603
Pinus/TreeScanPL_plot2700402_tree26.npy,train,8,8,1,0.7352723712823412,0.12645182291789595,0.13827580222489633,0.9999897480010986
Pinus/TreeScanPL_plot2700402_tree27.npy,train,8,8,1,0.6109492851987095,0.1890348797358352,0.2000158307083386,0.9999741315841675
Pinus/TreeScanPL_plot2700402_tree29.npy,train,8,8,1,0.4753396697967077,0.33192699568536865,0.1927333320694726,0.9992489218711853
Pinus/TreeScanPL_plot2700402_tree31.npy,train,8,8,1,0.6854186993438016,0.22617349816477184,0.08840779773772475,0.9999860525131226
Pinus/TreeScanPL_plot2700402_tree32.npy,train,8,8,1,0.6958040837637792,0.1865807541953287,0.11761515861206187,0.999995231628418
Pinus/TreeScanPL_plot2700402_tree33.npy,train,8,8,1,0.6623401669075429,0.19053010495017592,0.1471297236769999,0.9999972581863403
Pinus/TreeScanPL_plot2700402_tree34.npy,train,8,8,1,0.6857086538990562,0.2050499882073591,0.10924135330689386,0.9999985694885254
Pinus/TreeScanPL_plot2700402_tree35.npy,train,8,8,1,0.6072492263629105,0.2176189343118167,0.17513183387065234,0.9999985694885254
Pinus/TreeScanPL_plot2700402_tree36.npy,train,8,8,1,0.6541463175861881,0.2372344811636869,0.10861919642648388,0.9999992847442627
Pinus/TreeScanPL_plot2700402_tree37.npy,train,8,8,1,0.67600962079044,0.23415104306644405,0.08983933225469637,0.9999948740005493
Pinus/TreeScanPL_plot2700402_tree39.npy,train,8,8,1,0.7053678862412185,0.17002281902447974,0.12460928887814646,0.9999995231628418
Pinus/TreeScanPL_plot2700402_tree40.npy,train,8,8,1,0.681700515550166,0.21330374712991737,0.10499573258681535,0.9999978542327881
Pinus/TreeScanPL_plot2700402_tree41.npy,train,8,8,1,0.6988666506200216,0.20239930312493634,0.0987340418457305,0.9999924898147583
Pinus/TreeScanPL_plot2700402_tree42.npy,train,8,8,1,0.6486686731948117,0.2133746603240242,0.1379566624505585,0.9999988079071045
Pinus/TreeScanPL_plot2700402_tree43.npy,train,8,8,1,0.5995539225224716,0.15483285374524405,0.24561322050177034,0.9998229146003723
Pinus/TreeScanPL_plot2700402_tree44.npy,train,8,8,1,0.6793582340686214,0.23403790051596438,0.08660386219940798,0.9999969005584717
Pinus/TreeScanPL_plot2700402_tree45.npy,train,8,8,1,0.7108656181552712,0.1775410075937033,0.11159336902239646,0.9999986886978149
Pinus/TreeScanPL_plot2700402_tree46.npy,train,8,8,1,0.6543298651243042,0.23017482465014186,0.11549530549942817,0.9999959468841553
Picea/TreeScanPL_plot2700402_tree47.npy,train,7,7,1,0.8807515451693839,0.07308924905947446,0.04615920185272841,0.9999219179153442
Pinus/TreeScanPL_plot2700402_tree48.npy,train,8,8,1,0.794725168724464,0.0851273202258006,0.1201475059227727,0.9999967813491821
Pinus/TreeScanPL_plot2700402_tree50.npy,train,8,8,1,0.6833389897468188,0.1701375620772011,0.1465234448240689,0.9999673366546631
Pinus/TreeScanPL_plot2700402_tree51.npy,train,8,8,1,0.7036737946011177,0.14753589264260258,0.14879030910439728,0.999945878982544
Pinus/TreeScanPL_plot2700402_tree52.npy,train,8,8,1,0.6130795692066937,0.25615604625573146,0.13076437957686,0.999997615814209
Pinus/TreeScanPL_plot2700402_tree53.npy,train,8,8,1,0.6413301010884831,0.2372171998750619,0.12145269375848937,0.999998927116394
Pinus/TreeScanPL_plot2700402_tree54.npy,train,8,8,1,0.7094675294436076,0.1340661737422547,0.1564662933787611,0.9999966621398926
Pinus/TreeScanPL_plot2700402_tree56.npy,train,8,8,1,0.7537129384213533,0.17780145937998268,0.06848559787903541,0.9999977350234985
Pinus/TreeScanPL_plot2700402_tree57.npy,train,8,8,1,0.6504833994797478,0.28995774067204216,0.059558855498904426,0.9999982118606567
Pinus/TreeScanPL_plot2700402_tree58.npy,train,8,8,1,0.621684070805887,0.2632267832696788,0.11508914070732995,0.9999988079071045
Pinus/TreeScanPL_plot2700402_tree60.npy,train,8,8,1,0.6870774663061624,0.1949983106931989,0.11792421842680403,0.9999923706054688
Pinus/TreeScanPL_plot2700402_tree61.npy,train,8,8,1,0.6253339431332291,0.2529836991808615,0.12168235359389855,0.9999939203262329
Pinus/TreeScanPL_plot2700402_tree62.npy,train,8,8,1,0.6037865595839301,0.2775036061636618,0.118709829440244,0.9999982118606567
Pinus/TreeScanPL_plot2700402_tree63.npy,train,8,8,1,0.6165631842843398,0.22378125765266374,0.15965555380883445,0.9999979734420776
Pinus/TreeScanPL_plot2700402_tree64.npy,train,8,8,1,0.6655800891589574,0.2223783717016988,0.11204153362602896,0.999997615814209
Pinus/TreeScanPL_plot2700402_tree65.npy,train,8,8,1,0.6054817639632775,0.2632063445404512,0.1313118867377901,0.9999986886978149
Pinus/TreeScanPL_plot2801802_tree2.npy,train,8,8,1,0.7182667979328129,0.18166255106969528,0.10007064846482344,0.9994133710861206
Pinus/TreeScanPL_plot2801802_tree3.npy,train,8,8,1,0.7803846498664101,0.13204693054826772,0.08756841563162181,0.9999892711639404
Larix/TreeScanPL_plot2801802_tree5.npy,train,6,6,1,0.8712521572090686,0.026946489644870085,0.10180135105560464,0.9998224377632141
Pinus/TreeScanPL_plot2801802_tree6.npy,train,8,8,1,0.7338570865181194,0.174759041652564,0.09138386780183634,0.9999896287918091
Picea/TreeScanPL_plot2801802_tree11.npy,train,7,7,1,0.8655630155025383,0.061414075048068034,0.07302290654124834,0.9998255372047424
Picea/TreeScanPL_plot2801802_tree12.npy,train,7,7,1,0.824287038422688,0.07923628824075263,0.09647667178178457,0.9987848401069641
Pinus/TreeScanPL_plot2801802_tree13.npy,train,8,8,1,0.8346403878765308,0.1196697133220953,0.04568989584506006,0.9998420476913452
Pinus/TreeScanPL_plot2801802_tree14.npy,train,8,8,1,0.8103498450562517,0.1185123759494233,0.07113777571746682,0.9998750686645508
Quercus/TreeScanPL_plot2801802_tree15.npy,train,9,9,1,0.41199366933665915,0.09972426725454747,0.48828206159715254,0.99866783618927
Pinus/TreeScanPL_plot2801802_tree16.npy,train,8,8,1,0.7188423776415718,0.2098226058525322,0.07133501222408656,0.9999866485595703
Larix/TreeScanPL_plot2801802_tree17.npy,train,6,6,1,0.8669024414890399,0.049975842997622456,0.08312171317738248,0.9994370341300964
Pinus/TreeScanPL_plot2801802_tree18.npy,train,8,8,1,0.7525962261412177,0.17685370847245802,0.07055006139684847,0.9999604225158691
Pinus/TreeScanPL_plot2801802_tree19.npy,train,8,8,1,0.7115882939950239,0.21555415472625286,0.07285754736139766,0.999992847442627
Pinus/TreeScanPL_plot2801802_tree20.npy,train,8,8,1,0.7829086239767277,0.13833864743835464,0.0787527254894435,0.9994146823883057
Pinus/TreeScanPL_plot2901202_tree1.npy,train,8,8,1,0.6595209550363326,0.180468004526953,0.16001103825175697,0.9995638728141785
Pinus/TreeScanPL_plot2901202_tree2.npy,train,8,8,1,0.6682579046842559,0.2318734258156452,0.09986866519215878,0.9999971389770508
Pinus/TreeScanPL_plot2901202_tree3.npy,train,8,8,1,0.6618563787629884,0.27324696117986247,0.06489665743845817,0.9999699592590332
Pinus/TreeScanPL_plot2901202_tree4.npy,train,8,8,1,0.7064850913974582,0.19030153633518032,0.10321336794543161,0.9999979734420776
Pinus/TreeScanPL_plot2901202_tree6.npy,train,8,8,1,0.790215645858581,0.11863911896800622,0.09114523160770882,0.9999746084213257
Pinus/TreeScanPL_plot2901202_tree7.npy,train,8,8,1,0.6511864218024246,0.23970252132613443,0.10911105329799256,0.9999970197677612
Pinus/TreeScanPL_plot2901202_tree8.npy,train,8,8,1,0.7301685077893484,0.1930223129625797,0.07680917426111611,0.9999980926513672
Pinus/TreeScanPL_plot2901202_tree10.npy,train,8,8,1,0.699737659001148,0.16582624090650283,0.13443609560596595,0.9999982118606567
Pinus/TreeScanPL_plot2901202_tree11.npy,train,8,8,1,0.6233474781932573,0.18831422148410065,0.18833829814507144,0.999574601650238
Pinus/TreeScanPL_plot2901202_tree12.npy,train,8,8,1,0.6657195671561873,0.2602628825794439,0.07401754820961692,0.9999620914459229
Pinus/TreeScanPL_plot2901202_tree13.npy,train,8,8,1,0.6273590577900876,0.25670353882848856,0.1159374015449566,0.9974817633628845
Pinus/TreeScanPL_plot2901202_tree14.npy,train,8,8,1,0.5385191333470682,0.30228125349101265,0.1591996107332691,0.9993901252746582
Pinus/TreeScanPL_plot2901202_tree15.npy,train,8,8,1,0.7204550430446863,0.18646264721951455,0.09308230691975368,0.9996250867843628
Pinus/TreeScanPL_plot2901202_tree16.npy,train,8,8,1,0.6383457938479163,0.22718077307588128,0.13447342852967892,0.9999957084655762
Pinus/TreeScanPL_plot2901202_tree17.npy,train,8,8,1,0.45658601032450785,0.25822891676662535,0.28518507103048396,0.996522068977356
Pinus/TreeScanPL_plot2901202_tree18.npy,train,8,8,1,0.7129048677016884,0.1791689598725442,0.1079261683414814,0.9999902248382568
Pinus/TreeScanPL_plot2901202_tree19.npy,train,8,8,1,0.4790391518304602,0.3104548731413065,0.2105059732629034,0.9985979199409485
Pinus/TreeScanPL_plot2901202_tree20.npy,train,8,8,1,0.6510035509294978,0.2004523215383593,0.14854412541176562,0.9988590478897095
Pinus/TreeScanPL_plot2901202_tree21.npy,train,8,8,1,0.6065065144117926,0.26979454234132844,0.12369894033357691,0.9999350309371948
Pinus/TreeScanPL_plot2901202_tree22.npy,train,8,8,1,0.5903314178584619,0.3003623384414021,0.10930624045042123,0.9999821186065674
Pinus/TreeScanPL_plot2901202_tree23.npy,train,8,8,1,0.6759452672230155,0.25494515314316296,0.06910957665509357,0.9999912977218628
Pinus/TreeScanPL_plot2901202_tree25.npy,train,8,8,1,0.6870360874400139,0.1985872441420092,0.11437666376433907,0.9999988079071045
Pinus/TreeScanPL_plot2901202_tree26.npy,train,8,8,1,0.6973707154899887,0.23451910676151444,0.06811017408815892,0.9999792575836182
Pinus/TreeScanPL_plot2901202_tree29.npy,train,8,8,1,0.6618093097300429,0.24826869376639318,0.08992199186707862,0.9999978542327881
Pinus/TreeScanPL_plot2901202_tree30.npy,train,8,8,1,0.6971912871310301,0.1699457944552053,0.13286291546190238,0.9999582767486572
Pinus/TreeScanPL_plot2901202_tree31.npy,train,8,8,1,0.5004807554392339,0.1791734762792811,0.32034576661538605,0.9839426279067993
Pinus/TreeScanPL_plot2901202_tree32.npy,train,8,8,1,0.6882865615953732,0.20947913406371088,0.10223430087974748,0.9999816417694092
Betula/TreeScanPL_plot3100502_tree1.npy,train,3,3,1,0.8816556234320968,0.02955887733935181,0.08878549678595994,0.9994275569915771
Pinus/TreeScanPL_plot3100502_tree2.npy,train,8,8,1,0.7035210172407868,0.1679771169702494,0.128501862415822,0.9999791383743286
Pinus/TreeScanPL_plot3100502_tree4.npy,train,8,8,1,0.6864467585891364,0.18759893147644338,0.12595430544332953,0.9999984502792358
Pinus/TreeScanPL_plot3100502_tree5.npy,train,8,8,1,0.6256514982129939,0.2679935745410458,0.1063549217211434,0.9999984502792358
Pinus/TreeScanPL_plot3100502_tree6.npy,train,8,8,1,0.7065047010619906,0.13102817654119991,0.1624671184708606,0.9999898672103882
Pinus/TreeScanPL_plot3100502_tree7.npy,train,8,8,1,0.7008958873903572,0.19242974564934656,0.10667436232070035,0.9999978542327881
Pinus/TreeScanPL_plot3100502_tree8.npy,train,8,8,1,0.6832186528154494,0.13557121587739593,0.1812101271922334,0.9999915361404419
Pinus/TreeScanPL_plot3100502_tree9.npy,train,8,8,1,0.7171497876869231,0.12483729907837408,0.158012909083642,0.9999966621398926
Pinus/TreeScanPL_plot3100502_tree10.npy,train,8,8,1,0.6851784347793617,0.10207932411167844,0.21274223770696707,0.9999961853027344
Pinus/TreeScanPL_plot3100502_tree11.npy,train,8,8,1,0.7365138247692896,0.18984136305179936,0.07364480751663169,0.9999994039535522
Pinus/TreeScanPL_plot3100502_tree12.npy,train,8,8,1,0.5759069803629865,0.2843672164169584,0.13972579767638316,0.9999992847442627
Pinus/TreeScanPL_plot3100502_tree13.npy,train,8,8,1,0.6258319018383208,0.27708928078263484,0.0970788103468225,0.9999996423721313
Pinus/TreeScanPL_plot3100502_tree15.npy,train,8,8,1,0.6939074951528966,0.11501052637219013,0.19108197454809098,0.9999971389770508
Pinus/TreeScanPL_plot3100502_tree16.npy,train,8,8,1,0.6441370708092248,0.20171399766359918,0.15414892729226853,0.9999880790710449
Pinus/TreeScanPL_plot3100502_tree17.npy,train,8,8,1,0.6356946530083356,0.2695191770782982,0.09478616589386485,0.9999973773956299
Pinus/TreeScanPL_plot3100502_tree18.npy,train,8,8,1,0.6493500821401292,0.24178870505510353,0.10886120953413632,0.9999948740005493
Pinus/TreeScanPL_plot3100502_tree19.npy,train,8,8,1,0.7025430666886604,0.1902401197824794,0.10721680787955847,0.9999991655349731
Pinus/TreeScanPL_plot3100502_tree20.npy,train,8,8,1,0.689583975721443,0.1840062998496518,0.1264097201450311,0.99998939037323
Pinus/TreeScanPL_plot3100502_tree21.npy,train,8,8,1,0.7432054778559843,0.11036860354546127,0.14642591475687433,0.9999969005584717
Pinus/TreeScanPL_plot3100502_tree22.npy,train,8,8,1,0.6097372603257638,0.1824280778552588,0.2078346585708505,0.9999852180480957
Pinus/TreeScanPL_plot3100502_tree23.npy,train,8,8,1,0.5721043374642595,0.32858528061884856,0.09931037794757243,0.9999953508377075
Pinus/TreeScanPL_plot3100502_tree24.npy,train,8,8,1,0.6065985261173145,0.24512757415403907,0.1482738941759857,0.9999991655349731
Pinus/TreeScanPL_plot3100502_tree25.npy,train,8,8,1,0.7012917357643517,0.14172418639662535,0.15698407377416737,0.9999935626983643
Pinus/TreeScanPL_plot3100502_tree26.npy,train,8,8,1,0.6752435966705449,0.17452132418419355,0.1502350754350735,0.9999912977218628
Pinus/TreeScanPL_plot3100502_tree27.npy,train,8,8,1,0.731525094273685,0.11728955649586444,0.15118534493010252,0.9999991655349731
Pinus/TreeScanPL_plot3100502_tree30.npy,train,8,8,1,0.6747818815284015,0.1816633848684988,0.1435547293780388,0.9999948740005493
Pinus/TreeScanPL_plot3100502_tree31.npy,train,8,8,1,0.6295162349428165,0.25941266886828224,0.11107109103385708,0.9999988079071045
Pinus/TreeScanPL_plot3100502_tree32.npy,train,8,8,1,0.6966948070095815,0.1770405238810953,0.12626466413764126,0.9999990463256836
Pinus/TreeScanPL_plot3100502_tree33.npy,train,8,8,1,0.7318738919080445,0.13933101096026393,0.12879509155365876,0.999998927116394
Pinus/TreeScanPL_plot3100502_tree35.npy,train,8,8,1,0.7016174650758519,0.05687544651270234,0.24150708542993063,0.9972777962684631
Pinus/TreeScanPL_plot3100502_tree36.npy,train,8,8,1,0.6881464380845437,0.20036124001778502,0.11149231811224784,0.999995231628418
Pinus/TreeScanPL_plot3100502_tree38.npy,train,8,8,1,0.7018347769433178,0.2052131891023842,0.0929520295415329,0.9999927282333374
Pinus/TreeScanPL_plot3100502_tree39.npy,train,8,8,1,0.6663382129028936,0.23604232037192538,0.09761946213132083,0.9999959468841553
Pinus/TreeScanPL_plot3100502_tree40.npy,train,8,8,1,0.6940850056782324,0.15949357382195942,0.1464214162778553,0.9999963045120239
Pinus/TreeScanPL_plot3100502_tree43.npy,train,8,8,1,0.6658374269571572,0.22604722878468958,0.10811533965405436,0.9999936819076538
Pinus/TreeScanPL_plot3100502_tree44.npy,train,8,8,1,0.7115460650664381,0.16835910946243435,0.1200948217018726,0.9999971389770508
Pinus/TreeScanPL_plot3100502_tree45.npy,train,8,8,1,0.6262529405529754,0.2254432943390034,0.1483037613107186,0.9999892711639404
Pinus/TreeScanPL_plot3100502_tree46.npy,train,8,8,1,0.47739722867086126,0.1089993707961644,0.41360339908086596,0.9763586521148682
Pinus/TreeScanPL_plot3100502_tree48.npy,train,8,8,1,0.692106591973468,0.19709938034808697,0.11079402557121917,0.9987056255340576
Pinus/TreeScanPL_plot3100502_tree49.npy,train,8,8,1,0.6123228275385715,0.28053776649181855,0.10713940203344421,0.9999911785125732
Pinus/TreeScanPL_plot3100502_tree50.npy,train,8,8,1,0.6882801565904303,0.2179851332364024,0.09373470667060028,0.9999189376831055
Pinus/TreeScanPL_plot3100502_tree51.npy,train,8,8,1,0.6651716043636178,0.22766575919748896,0.107162632705572,0.9999871253967285
Pinus/TreeScanPL_plot3100502_tree54.npy,train,8,8,1,0.7535482049343815,0.1383379560409246,0.10811383353940135,0.9999990463256836
Pinus/TreeScanPL_plot3100502_tree55.npy,train,8,8,1,0.7550615435835042,0.13264881201425233,0.1122896402679493,0.9999979734420776
Pinus/TreeScanPL_plot3100502_tree57.npy,train,8,8,1,0.6288398156290225,0.2856726519013971,0.08548752782346422,0.9999988079071045
Pinus/TreeScanPL_plot3100502_tree59.npy,train,8,8,1,0.6404546642045582,0.09724016379127609,0.26230516972502094,0.9997488856315613
Pinus/TreeScanPL_plot3100502_tree61.npy,train,8,8,1,0.7492224328025577,0.14246414795941006,0.10831341504639837,0.999998927116394
Pinus/TreeScanPL_plot3100502_tree62.npy,train,8,8,1,0.6848498845855865,0.1867573890821925,0.12839272239402333,0.9999943971633911
Pinus/TreeScanPL_plot3100502_tree63.npy,train,8,8,1,0.6998653428992381,0.13570115183014708,0.16443350137530224,0.9999828338623047
Pinus/TreeScanPL_plot3100502_tree64.npy,train,8,8,1,0.7549588156350108,0.09377616468407038,0.15126501506298598,0.999996542930603
Pinus/TreeScanPL_plot3100502_tree65.npy,train,8,8,1,0.672847848302886,0.2175809118150017,0.10957123434663642,0.9999990463256836
Pinus/TreeScanPL_plot3100502_tree66.npy,train,8,8,1,0.6133726230903068,0.10044797081202633,0.2861794036156709,0.9976956248283386
Pinus/TreeScanPL_plot3100502_tree67.npy,train,8,8,1,0.5919633252426076,0.29276982083420255,0.1152668491536096,0.9999990463256836
Pinus/TreeScanPL_plot3100502_tree69.npy,train,8,8,1,0.6356426259356801,0.16372759362020567,0.20062977697221854,0.9999861717224121
Pinus/TreeScanPL_plot3100602_tree1.npy,train,8,8,1,0.6937546244545496,0.19372967094434546,0.11251570125702758,0.9999929666519165
Pinus/TreeScanPL_plot3100602_tree2.npy,train,8,8,1,0.6252641619156637,0.28553396566173955,0.08920186767104414,0.999996542930603
Pinus/TreeScanPL_plot3100602_tree3.npy,train,8,8,1,0.6859119786082791,0.1690459087645706,0.14504210899370146,0.9999834299087524
Pinus/TreeScanPL_plot3100602_tree4.npy,train,8,8,1,0.6612217950562241,0.23056888249518157,0.10820931873154352,0.9999959468841553
Pinus/TreeScanPL_plot3100602_tree5.npy,train,8,8,1,0.7459812178120532,0.15074263462545776,0.10327614251956363,0.9999983310699463
Pinus/TreeScanPL_plot3100602_tree6.npy,train,8,8,1,0.6119498467943951,0.2828978154256846,0.10515233286056967,0.9999985694885254
Pinus/TreeScanPL_plot3100602_tree7.npy,train,8,8,1,0.6895392267065659,0.15514739187249163,0.15531337741147563,0.9999986886978149
Pinus/TreeScanPL_plot3100602_tree8.npy,train,8,8,1,0.6774538646451369,0.22985320411001353,0.09269292605183843,0.9999991655349731
Pinus/TreeScanPL_plot3100602_tree10.npy,train,8,8,1,0.6974325458349329,0.1576559270999288,0.1449115204956853,0.9999996423721313
Pinus/TreeScanPL_plot3100602_tree11.npy,train,8,8,1,0.671344894887559,0.19183879705275853,0.13681630373109427,0.9999979734420776
Pinus/TreeScanPL_plot3100602_tree13.npy,train,8,8,1,0.6118519581909554,0.2522728922876433,0.1358751456281966,0.9999967813491821
Pinus/TreeScanPL_plot3100602_tree14.npy,train,8,8,1,0.660464126581412,0.22866712338419257,0.11086874574866272,0.9999933242797852
Pinus/TreeScanPL_plot3100602_tree15.npy,train,8,8,1,0.6678888458831057,0.20614524060447462,0.12596591083147027,0.9999935626983643
Pinus/TreeScanPL_plot3100602_tree17.npy,train,8,8,1,0.6491216316476304,0.1891440622831792,0.1617343034382139,0.9999755620956421
Pinus/TreeScanPL_plot3100602_tree18.npy,train,8,8,1,0.7217311823464354,0.12914850326860897,0.14912031086870245,0.9999943971633911
Pinus/TreeScanPL_plot3100602_tree19.npy,train,8,8,1,0.643272042552351,0.25846453277702763,0.09826342158764632,0.999913215637207
Pinus/TreeScanPL_plot3100602_tree21.npy,train,8,8,1,0.5900078674584498,0.2441345997835986,0.1658575268906632,0.9999991655349731
Pinus/TreeScanPL_plot3100602_tree22.npy,train,8,8,1,0.6832950281880393,0.153030830904009,0.16367413619511162,0.9999994039535522
Pinus/TreeScanPL_plot3100602_tree24.npy,train,8,8,1,0.6298027255308583,0.25707057081162443,0.11312669854117463,0.9999992847442627
Pinus/TreeScanPL_plot3100602_tree25.npy,train,8,8,1,0.704675352340558,0.18291021108635783,0.11241443157086307,0.999996542930603
Pinus/TreeScanPL_plot3100602_tree26.npy,train,8,8,1,0.7404405903566778,0.18243107670673675,0.07712832852438077,0.9999982118606567
Pinus/TreeScanPL_plot3100602_tree27.npy,train,8,8,1,0.7246390498015352,0.1337944614073828,0.1415664843575326,0.9999984502792358
Pinus/TreeScanPL_plot3100602_tree28.npy,train,8,8,1,0.5654265528794049,0.29245970398388,0.14211373638365515,0.9999992847442627
Pinus/TreeScanPL_plot3100602_tree29.npy,train,8,8,1,0.67280408148571,0.20946513333917338,0.11773078120160527,0.9999959468841553
Pinus/TreeScanPL_plot3100602_tree30.npy,train,8,8,1,0.7709768983314605,0.08705593816701007,0.1419671585608591,0.9999994039535522
Pinus/TreeScanPL_plot3100602_tree31.npy,train,8,8,1,0.7219981065081108,0.17833651899400782,0.09966537026954832,0.9999929666519165
Pinus/TreeScanPL_plot3100602_tree33.npy,train,8,8,1,0.7021281700333816,0.16342537912640273,0.1344464460962082,0.9999966621398926
Pinus/TreeScanPL_plot3100602_tree34.npy,train,8,8,1,0.6145243143246627,0.21303948081305274,0.17243620004615998,0.999998927116394
Pinus/TreeScanPL_plot3100602_tree35.npy,train,8,8,1,0.7103401698225056,0.1563315143328039,0.13332831195327977,0.9999972581863403
Pinus/TreeScanPL_plot3100602_tree36.npy,train,8,8,1,0.7204544032022552,0.16380738725444638,0.1157382045997391,0.9999985694885254
Pinus/TreeScanPL_plot3100602_tree37.npy,train,8,8,1,0.692143988938511,0.20018030770691653,0.10767570018957599,0.9999874830245972
Pinus/TreeScanPL_plot3100602_tree38.npy,train,8,8,1,0.6879229655612068,0.16936228630468686,0.1427147444524702,0.9999380111694336
Pinus/TreeScanPL_plot3100602_tree39.npy,train,8,8,1,0.71669788431268,0.14718037489519076,0.13612173579712533,0.999997615814209
Pinus/TreeScanPL_plot3100602_tree41.npy,train,8,8,1,0.680765391317319,0.2041047917350427,0.11512981235483379,0.9999979734420776
Pinus/TreeScanPL_plot3100602_tree42.npy,train,8,8,1,0.5964216878590751,0.13631964091785176,0.26725866918351404,0.9995678067207336
Pinus/TreeScanPL_plot3100602_tree44.npy,train,8,8,1,0.6054361682564071,0.17532907217974775,0.21923475697726658,0.9999701976776123
Pinus/TreeScanPL_plot3100602_tree45.npy,train,8,8,1,0.6444502281452814,0.246086398036878,0.1094633701330319,0.999997615814209
Pinus/TreeScanPL_plot3100602_tree46.npy,train,8,8,1,0.7072645547184935,0.18781777255116958,0.10491766776482447,0.999998927116394
Pinus/TreeScanPL_plot3100602_tree47.npy,train,8,8,1,0.694907564441744,0.1911149503940068,0.11397747944717342,0.9999988079071045
Pinus/TreeScanPL_plot3100602_tree48.npy,train,8,8,1,0.6911507373857074,0.15363205120286985,0.15521720758946628,0.9999909400939941
Pinus/TreeScanPL_plot3100602_tree50.npy,train,8,8,1,0.679293061277167,0.14619306589545097,0.1745138702003351,0.999742329120636
Pinus/TreeScanPL_plot3100602_tree52.npy,train,8,8,1,0.7251649326391643,0.16210650176033758,0.112728561903224,0.9999973773956299
Pinus/TreeScanPL_plot3103402_tree2.npy,train,8,8,1,0.7399065017365523,0.17197802708136184,0.08811546755173749,0.9999562501907349
Pinus/TreeScanPL_plot3103402_tree3.npy,train,8,8,1,0.7296771413011556,0.1767885230018123,0.09353433255013756,0.9999388456344604
Pinus/TreeScanPL_plot3103402_tree4.npy,train,8,8,1,0.7464957152548052,0.1866715033630496,0.06683277752346262,0.9999916553497314
Pinus/TreeScanPL_plot3103402_tree5.npy,train,8,8,1,0.7311444548264232,0.18548792882351134,0.0833676124762113,0.9999865293502808
Pinus/TreeScanPL_plot3103402_tree7.npy,train,8,8,1,0.7611362667711352,0.13004411332382776,0.10881961666235086,0.9999922513961792
Pinus/TreeScanPL_plot3103402_tree8.npy,train,8,8,1,0.7402997869806738,0.20697535288992527,0.05272485626897069,0.9999901056289673
Pinus/TreeScanPL_plot3103402_tree10.npy,train,8,8,1,0.6556394077913522,0.2382604459060087,0.10610014321985402,0.9999507665634155
Pinus/TreeScanPL_plot3103402_tree11.npy,train,8,8,1,0.7806855804878272,0.10900888262196122,0.11030553298163089,0.9999964237213135
Pinus/TreeScanPL_plot3103402_tree12.npy,train,8,8,1,0.7096716350072942,0.18842310125309103,0.1019052599967454,0.9999845027923584
Pinus/TreeScanPL_plot3103402_tree14.npy,train,8,8,1,0.6610421522072165,0.1574956592319824,0.18146218606275125,0.9996318817138672
Pinus/TreeScanPL_plot3103402_tree15.npy,train,8,8,1,0.7492357418024784,0.19957373563506248,0.05119051986890517,0.9997389912605286
Pinus/TreeScanPL_plot3103402_tree16.npy,train,8,8,1,0.6677700849275473,0.2226539217447317,0.10957599095614144,0.9970402121543884
Pinus/TreeScanPL_plot3103402_tree17.npy,train,8,8,1,0.7876667732191641,0.12565633473954468,0.0866768879647919,0.9999936819076538
Pinus/TreeScanPL_plot3103402_tree20.npy,train,8,8,1,0.7501297157517537,0.1988725911649914,0.05099768961492375,0.9999274015426636
Pinus/TreeScanPL_plot3103402_tree21.npy,train,8,8,1,0.6572725795526962,0.20428958468558903,0.13843783236771276,0.999994158744812
Pinus/TreeScanPL_plot3103402_tree22.npy,train,8,8,1,0.7625890770856596,0.12092965405201868,0.1164812658020894,0.9998084902763367
Pinus/TreeScanPL_plot3103402_tree23.npy,train,8,8,1,0.7507228367237325,0.1712310390257824,0.07804612164064956,0.9999734163284302
Pinus/TreeScanPL_plot3103402_tree25.npy,train,8,8,1,0.7066209733617377,0.20819905917362141,0.08517996374172976,0.9999852180480957
Pinus/TreeScanPL_plot3103402_tree26.npy,train,8,8,1,0.7513306943510145,0.19966706334530218,0.0490022390797774,0.9999686479568481
Pinus/TreeScanPL_plot3103402_tree27.npy,train,8,8,1,0.74207081546829,0.18449288400075453,0.07343629724458671,0.9999556541442871
Pinus/TreeScanPL_plot3103402_tree28.npy,train,8,8,1,0.757468290697181,0.16077969941209966,0.0817520051673785,0.9999983310699463
Pinus/TreeScanPL_plot3103402_tree30.npy,train,8,8,1,0.6163649942911518,0.15962715688920975,0.22400784661838302,0.9998356103897095
Pinus/TreeScanPL_plot3103402_tree31.npy,train,8,8,1,0.7700360756507874,0.14294646225425311,0.08701745783752472,0.9999901056289673
Pinus/TreeScanPL_plot3103402_tree35.npy,train,8,8,1,0.6688434888035981,0.15216387338835963,0.17899263540613222,0.9996298551559448
Pinus/TreeScanPL_plot3103402_tree36.npy,train,8,8,1,0.7297645911467299,0.1635479225438454,0.10668748240605447,0.9999960660934448
Pinus/TreeScanPL_plot3103402_tree37.npy,train,8,8,1,0.7581716640770688,0.16639843736783844,0.07542989545880463,0.9988263249397278
Pinus/TreeScanPL_plot3103402_tree39.npy,train,8,8,1,0.7349930488441708,0.17495688001461568,0.09005006747526346,0.9999912977218628
Pinus/TreeScanPL_plot3203002_tree1.npy,train,8,8,1,0.7496210137252142,0.19652835619833478,0.053850625080571334,0.9999933242797852
Pinus/TreeScanPL_plot3203002_tree2.npy,train,8,8,1,0.6574808955252615,0.24636034090603745,0.09615875941537415,0.9999852180480957
Pinus/TreeScanPL_plot3203002_tree4.npy,train,8,8,1,0.6964241800465911,0.20325792986696778,0.10031788696733637,0.9999146461486816
Pinus/TreeScanPL_plot3203002_tree5.npy,train,8,8,1,0.5940680298931051,0.2634769624799088,0.142455004997466,0.9999239444732666
Pinus/TreeScanPL_plot3203002_tree6.npy,train,8,8,1,0.6771620637234105,0.2485567111036037,0.07428122103381132,0.9999877214431763
Pinus/TreeScanPL_plot3203002_tree7.npy,train,8,8,1,0.7054880524707272,0.23191750107036668,0.06259444246396875,0.9999915361404419
Pinus/TreeScanPL_plot3203002_tree9.npy,train,8,8,1,0.5592652202453339,0.1840642457542514,0.2566705316488797,0.9955314993858337
Pinus/TreeScanPL_plot3203002_tree10.npy,train,8,8,1,0.7412069436649272,0.16151841214910298,0.09727464062693209,0.9999425411224365
Pinus/TreeScanPL_plot3203002_tree11.npy,train,8,8,1,0.8300104263969235,0.1266233662456636,0.04336620446331655,0.9997389912605286
Pinus/TreeScanPL_plot3203002_tree12.npy,train,8,8,1,0.6875791690814991,0.17345731308806442,0.13896351515611707,0.9994138479232788
Pinus/TreeScanPL_plot3203002_tree13.npy,train,8,8,1,0.735761207015539,0.21066841882796153,0.053570371587962476,0.9990403056144714
Betula/TreeScanPL_plot3203002_tree16.npy,train,3,3,1,0.8917937374486861,0.021035370937355153,0.08717088929560719,0.989936113357544
Pinus/TreeScanPL_plot3203002_tree17.npy,train,8,8,1,0.708591007138337,0.23420080908806512,0.057208179390780864,0.999992847442627
Pinus/TreeScanPL_plot3203002_tree18.npy,train,8,8,1,0.664182597730002,0.27108234960096567,0.06473504708892287,0.9999971389770508
Pinus/TreeScanPL_plot3203002_tree19.npy,train,8,8,1,0.7216950935538234,0.18147783033820186,0.09682707284329058,0.9999861717224121
Pinus/TreeScanPL_plot3203002_tree20.npy,train,8,8,1,0.6889512891206058,0.21418095148336577,0.09686775526194426,0.9999794960021973
Pinus/TreeScanPL_plot3203002_tree21.npy,train,8,8,1,0.731434535089518,0.1632959483327325,0.10526951187225707,0.9999982118606567
Pinus/TreeScanPL_plot3203002_tree22.npy,train,8,8,1,0.6556574746057117,0.26537761722171815,0.07896490285654469,0.9999973773956299
Pinus/TreeScanPL_plot3203002_tree23.npy,train,8,8,1,0.722403736661818,0.14782494759887305,0.12977131237438716,0.999987006187439
Pinus/TreeScanPL_plot3203002_tree25.npy,train,8,8,1,0.6265305955345146,0.3002034019542696,0.0732659979737898,0.9999969005584717
Pinus/TreeScanPL_plot3203002_tree26.npy,train,8,8,1,0.740122437265553,0.1434420131243084,0.116435545969396,0.9999592304229736
Pinus/TreeScanPL_plot3203002_tree28.npy,train,8,8,1,0.6834885985354565,0.1643069757921916,0.15220442299141212,0.997329592704773
Pinus/TreeScanPL_plot3203002_tree30.npy,train,8,8,1,0.6930749426521692,0.21904070518667892,0.08788434718247727,0.9999983310699463
Pinus/TreeScanPL_plot3203002_tree32.npy,train,8,8,1,0.5384224050131844,0.2290568249670511,0.23252076802525154,0.9867760539054871
Pinus/TreeScanPL_plot3203002_tree33.npy,train,8,8,1,0.6912409130977322,0.2208237787205951,0.08793530367108991,0.999992847442627
Pinus/TreeScanPL_plot3203002_tree34.npy,train,8,8,1,0.6516130436823204,0.26947120440001104,0.07891574853430479,0.9999908208847046
Pinus/TreeScanPL_plot3203002_tree35.npy,train,8,8,1,0.6875450381863216,0.25032489211034753,0.062130064424130625,0.9999980926513672
Pinus/TreeScanPL_plot3203002_tree36.npy,train,8,8,1,0.7162969259076382,0.22943202205729646,0.0542710487667914,0.9999619722366333
Pinus/TreeScanPL_plot3203502_tree1.npy,train,8,8,1,0.6019987341756938,0.3455888485452369,0.05241241346857845,0.9999953508377075
Pinus/TreeScanPL_plot3203502_tree2.npy,train,8,8,1,0.6715703215930953,0.2410574172697287,0.08737225682762687,0.9999909400939941
Pinus/TreeScanPL_plot3203502_tree3.npy,train,8,8,1,0.7052414288077128,0.22180620895466704,0.07295235962606186,0.9999004602432251
Pinus/TreeScanPL_plot3203502_tree5.npy,train,8,8,1,0.8399894049637968,0.11533003089877099,0.044680560539337444,0.9999703168869019
Pinus/TreeScanPL_plot3203502_tree7.npy,train,8,8,1,0.769646350827006,0.17000898931779804,0.06034465656526781,0.9999510049819946
Pinus/TreeScanPL_plot3203502_tree9.npy,train,8,8,1,0.7994992440792391,0.15460532628005685,0.0458954268305071,0.9999645948410034
Pinus/TreeScanPL_plot3203502_tree10.npy,train,8,8,1,0.6477880140995866,0.284027729487127,0.0681842522092752,0.9999929666519165
Pinus/TreeScanPL_plot3203502_tree11.npy,train,8,8,1,0.7809520520048466,0.163710938510864,0.05533700666343295,0.9998465776443481
Pinus/TreeScanPL_plot3203502_tree12.npy,train,8,8,1,0.7031506959534889,0.2337987308517472,0.06305056940697279,0.9999725818634033
Pinus/TreeScanPL_plot3203502_tree14.npy,train,8,8,1,0.6936787735391241,0.2120412650057543,0.09427995776153153,0.9999622106552124
Pinus/TreeScanPL_plot3203502_tree15.npy,train,8,8,1,0.6626190962652635,0.2648585143537048,0.07252238559258377,0.9999854564666748
Pinus/TreeScanPL_plot3203502_tree16.npy,train,8,8,1,0.6663567753697178,0.2671543583948295,0.0664888627566087,0.9999219179153442
Pinus/TreeScanPL_plot3203502_tree17.npy,train,8,8,1,0.7040338041052682,0.23245157769209812,0.06351461531565838,0.9998612403869629
Pinus/TreeScanPL_plot3203502_tree19.npy,train,8,8,1,0.7924420978013808,0.1620397926361939,0.045518105246460584,0.9999881982803345
Pinus/TreeScanPL_plot3203502_tree20.npy,train,8,8,1,0.6840004542731467,0.23742495916256362,0.078574583472835,0.9999271631240845
Pinus/TreeScanPL_plot3203502_tree22.npy,train,8,8,1,0.710837560792176,0.24215292385651727,0.04700951224687192,0.9999473094940186
Pinus/TreeScanPL_plot1502504_tree2.npy,train,8,8,1,0.8020555421421093,0.171600411967847,0.02634404210533684,0.999929666519165
Pinus/TreeScanPL_plot1502504_tree3.npy,train,8,8,1,0.8253781636451286,0.14417365776086663,0.03044817511549198,0.9999815225601196
Pinus/TreeScanPL_plot1502504_tree4.npy,train,8,8,1,0.695323072624224,0.29215132655645676,0.01252559778126776,0.999977707862854
Pinus/TreeScanPL_plot1502504_tree5.npy,train,8,8,1,0.8300359403607446,0.12276455918687484,0.04719949848196865,0.9937113523483276
Pinus/TreeScanPL_plot1502504_tree6.npy,train,8,8,1,0.8396270457654428,0.1194976038894461,0.040875347525098846,0.9991599321365356
Pinus/TreeScanPL_plot1502504_tree7.npy,train,8,8,1,0.7968345140598756,0.18975062211183408,0.013414859849956752,0.9999958276748657
Pinus/TreeScanPL_plot1502504_tree8.npy,train,8,8,1,0.7770116799417893,0.21082079295480352,0.012167524396060055,0.9877716302871704
Pinus/TreeScanPL_plot1502504_tree9.npy,train,8,8,1,0.7728433955692895,0.16896953254291094,0.05818706956520143,0.9982815980911255
Picea/TreeScanPL_plot1502504_tree10.npy,train,7,7,1,0.8077262266557064,0.03241545829432962,0.1598583122097681,0.9999853372573853
Picea/TreeScanPL_plot1502504_tree11.npy,train,7,7,1,0.8717615455696344,0.09388817971713503,0.034350272832327014,0.949478030204773
Pinus/TreeScanPL_plot1502504_tree14.npy,train,8,8,1,0.8581015592626197,0.11987296359926594,0.02202547339384944,0.9999761581420898
Picea/TreeScanPL_plot1502504_tree15.npy,train,7,7,1,0.9040472040316291,0.05986056821157315,0.03609222573529565,0.9672567844390869
Pinus/TreeScanPL_plot1502504_tree16.npy,train,8,8,1,0.8437069361733353,0.13621096123973211,0.020082099989974903,0.9999457597732544
Picea/TreeScanPL_plot1502504_tree18.npy,train,7,7,1,0.669384966217233,0.05415182908769077,0.2764632023808817,0.9998364448547363
Pinus/TreeScanPL_plot1502504_tree19.npy,train,8,8,1,0.8205607576313296,0.16332971903098126,0.016109519915963755,0.9999881982803345
Picea/TreeScanPL_plot1502504_tree20.npy,train,7,7,1,0.9234969009203572,0.04998275525417133,0.026520339891179735,0.9999591112136841
Picea/TreeScanPL_plot1502504_tree21.npy,train,7,7,1,0.9198039620989654,0.025817547359732164,0.0543784875920016,0.9999569654464722
Pinus/TreeScanPL_plot1502504_tree22.npy,train,8,8,1,0.8894181196719136,0.060804239924866305,0.04977763700448969,0.9997884631156921
Picea/TreeScanPL_plot1502504_tree23.npy,train,7,7,1,0.9376764377411615,0.03996348796189467,0.022360071859203887,0.9988036155700684
Pinus/TreeScanPL_plot1602604_tree1.npy,train,8,8,1,0.8122505287790417,0.17219399584168343,0.015555472446819691,0.9996277093887329
Pinus/TreeScanPL_plot1602604_tree2.npy,train,8,8,1,0.8467140110471857,0.13775968523332996,0.015526301062465239,0.9997300505638123
Pinus/TreeScanPL_plot1602604_tree3.npy,train,8,8,1,0.8646616615003399,0.12108280453044844,0.01425553033386065,0.9999370574951172
Pinus/TreeScanPL_plot1602604_tree4.npy,train,8,8,1,0.8153244214622347,0.1667771013029406,0.017898473675421005,0.999988317489624
Pinus/TreeScanPL_plot1602604_tree5.npy,train,8,8,1,0.8260567996834071,0.15420890107522783,0.019734295019914156,0.9999884366989136
Pinus/TreeScanPL_plot1602604_tree6.npy,train,8,8,1,0.5973374009570599,0.251996353840567,0.15066624286378422,0.9549434185028076
Pinus/TreeScanPL_plot1602604_tree7.npy,train,8,8,1,0.7587092099964391,0.20200340887197313,0.03928737639444162,0.9999954700469971
Pinus/TreeScanPL_plot1602604_tree8.npy,train,8,8,1,0.7646371297104807,0.21953069112335588,0.01583217664642877,0.9998599290847778
Pinus/TreeScanPL_plot1602604_tree9.npy,train,8,8,1,0.8274336555804264,0.1485412500143921,0.024025091381652403,0.9998875856399536
Pinus/TreeScanPL_plot1602604_tree10.npy,train,8,8,1,0.8082004754203822,0.12084866288869694,0.07095085759872191,0.9999959468841553
Pinus/TreeScanPL_plot1602604_tree11.npy,train,8,8,1,0.6891380811015877,0.2943019146903411,0.01656000042730417,0.9999961853027344
Pinus/TreeScanPL_plot1602604_tree12.npy,train,8,8,1,0.7394800900040195,0.24860264289948728,0.011917264480906728,0.99997878074646
Pinus/TreeScanPL_plot1602604_tree13.npy,train,8,8,1,0.8346843002966321,0.13129958210602208,0.03401611320199822,0.9999759197235107
Pinus/TreeScanPL_plot1602604_tree14.npy,train,8,8,1,0.7353246267159301,0.24301730240325034,0.02165806741940503,0.9999638795852661
Pinus/TreeScanPL_plot1602604_tree15.npy,train,8,8,1,0.729102431744181,0.2556856699596746,0.015211895718871759,0.9998408555984497
Pinus/TreeScanPL_plot1602604_tree18.npy,train,8,8,1,0.7616700416370582,0.22838920123973952,0.009940752717035374,0.9999980926513672
Pinus/TreeScanPL_plot1602604_tree21.npy,train,8,8,1,0.8075077904020336,0.1686762938871595,0.02381591203192625,0.9999645948410034
Picea/TreeScanPL_plot1602604_tree22.npy,train,7,7,1,0.739772389009086,0.09815787555876061,0.16206973124289448,0.9999822378158569
Picea/TreeScanPL_plot2002504_tree1.npy,train,7,7,1,0.8325807779015472,0.039208061059347904,0.12821115736943797,0.9999781847000122
Pinus/TreeScanPL_plot2002504_tree3.npy,train,8,8,1,0.7562199208098976,0.22549154405709865,0.018288532762263592,0.9999200105667114
Pinus/TreeScanPL_plot2002504_tree4.npy,train,8,8,1,0.8234334538173087,0.15167766923431583,0.024888873910860147,0.999991774559021
Pinus/TreeScanPL_plot2002504_tree5.npy,train,8,8,1,0.7985524829368803,0.1563093799598535,0.04513813496308133,0.9945709109306335
Pinus/TreeScanPL_plot2002504_tree6.npy,train,8,8,1,0.8633742919787132,0.12250210490708417,0.014123600299502478,0.9999905824661255
Picea/TreeScanPL_plot2002504_tree7.npy,train,7,7,1,0.9267232928931419,0.04109439894677832,0.032182303600011085,0.9999849796295166
Pinus/TreeScanPL_plot2002504_tree8.npy,train,8,8,1,0.7545483452524899,0.23698955009221048,0.008462102144039932,0.9999934434890747
Pinus/TreeScanPL_plot2002504_tree9.npy,train,8,8,1,0.8284929765688818,0.14707295597886946,0.02443406546179791,0.9999220371246338
Pinus/TreeScanPL_plot2002504_tree10.npy,train,8,8,1,0.710628483820619,0.240109513971443,0.04926200038072108,0.9989162683486938
Picea/TreeScanPL_plot2002504_tree11.npy,train,7,7,1,0.9049929283992953,0.07161083354122567,0.023396236182508447,0.9925399422645569
Picea/TreeScanPL_plot2002504_tree12.npy,train,7,7,1,0.9143719052545061,0.05545908804451925,0.030169004190413955,0.9997509121894836
Picea/TreeScanPL_plot2002504_tree13.npy,train,7,7,1,0.6295364648624897,0.07573836240265153,0.2947251705210743,0.9999310970306396
Picea/TreeScanPL_plot2002504_tree14.npy,train,7,7,1,0.8881928209857796,0.04026585011266148,0.07154132710966454,0.9988058805465698
Pinus/TreeScanPL_plot2002504_tree15.npy,train,8,8,1,0.791275235289887,0.1973897988688281,0.011334961192578243,0.9999972581863403
Picea/TreeScanPL_plot2002504_tree17.npy,train,7,7,1,0.8125806967426373,0.05222022603771234,0.1351990735621772,0.9999850988388062
Pinus/TreeScanPL_plot2002504_tree18.npy,train,8,8,1,0.7766043898298929,0.19884732270751035,0.02454828550517906,0.9997875094413757
Pinus/TreeScanPL_plot2002504_tree19.npy,train,8,8,1,0.7312464941999748,0.2532920757065583,0.015461426860442395,0.9999955892562866
Picea/TreeScanPL_plot2002504_tree20.npy,train,7,7,1,0.8291053119126225,0.08716883543626085,0.08372584852654978,0.9999915361404419
Picea/TreeScanPL_plot2002504_tree22.npy,train,7,7,1,0.9586922036831349,0.028453803637092524,0.012853990247885446,0.9998390674591064
Picea/TreeScanPL_plot2002504_tree24.npy,train,7,7,1,0.8319866891623646,0.0862039208308252,0.08180938616588702,0.9999836683273315
Picea/TreeScanPL_plot2102404_tree1.npy,train,7,7,1,0.9470653068212003,0.03868365011153783,0.014251039123697925,0.9999918937683105
Picea/TreeScanPL_plot2102404_tree2.npy,train,7,7,1,0.9090556676953886,0.042344531528434134,0.04859979790616872,0.9999674558639526
Picea/TreeScanPL_plot2102404_tree3.npy,train,7,7,1,0.9190015603550412,0.044860427420229707,0.036138007220427065,0.9999929666519165
Picea/TreeScanPL_plot2102404_tree6.npy,train,7,7,1,0.8898530793626804,0.08017999330593333,0.029966922724679886,0.9999375343322754
Picea/TreeScanPL_plot2102404_tree9.npy,train,7,7,1,0.8669776504170451,0.04718653144549443,0.08583581453140048,0.9999679327011108
Picea/TreeScanPL_plot2102404_tree10.npy,train,7,7,1,0.9353533752760868,0.04862761424346519,0.016019007071561765,0.9998168349266052
Picea/TreeScanPL_plot2102404_tree11.npy,train,7,7,1,0.8516598564477149,0.04016371189323486,0.108176428216353,0.999786913394928
Pinus/TreeScanPL_plot2102404_tree13.npy,train,8,8,1,0.7109173269757593,0.16354323813080743,0.1255394328706668,0.9181423187255859
Picea/TreeScanPL_plot2102404_tree14.npy,train,7,7,1,0.9100910805644802,0.05560091529396421,0.0343080005366482,0.9999041557312012
Picea/TreeScanPL_plot2102404_tree15.npy,train,7,7,1,0.8543923244805965,0.059639232996581505,0.08596844046537196,0.9983697533607483
Picea/TreeScanPL_plot2102404_tree17.npy,train,7,7,1,0.6295994280593946,0.0302576330822266,0.3401429366243999,0.9999148845672607
Picea/TreeScanPL_plot2102404_tree18.npy,train,7,7,1,0.8884564960360778,0.07350162041121881,0.038041880254195214,0.999963641166687
Picea/TreeScanPL_plot2102404_tree20.npy,train,7,7,1,0.8860808219561376,0.08144489801120003,0.032474276566095354,0.9999773502349854
Picea/TreeScanPL_plot2102404_tree21.npy,train,7,7,1,0.9225676897115547,0.05158765679640231,0.025844648600879507,0.999995231628418
Picea/TreeScanPL_plot2102404_tree22.npy,train,7,7,1,0.8183175039735135,0.10286749668153518,0.07881499749537087,0.8959930539131165
Picea/TreeScanPL_plot2202704_tree1.npy,train,7,7,1,0.8366175136854314,0.041860069942367156,0.12152241393848123,0.9999328851699829
Picea/TreeScanPL_plot2202704_tree2.npy,train,7,7,1,0.7133195003069641,0.05200601213674666,0.23467448573210728,0.9996987581253052
Pinus/TreeScanPL_plot2202704_tree3.npy,train,8,8,1,0.7735527128250699,0.21023385452658894,0.016213429995500645,0.9999442100524902
Pinus/TreeScanPL_plot2202704_tree4.npy,train,8,8,1,0.8268847919346626,0.15206246739606827,0.02105273741843027,0.9999936819076538
Pinus/TreeScanPL_plot2202704_tree6.npy,train,8,8,1,0.7281736072869112,0.2575888796700854,0.014237510080810268,0.9999843835830688
Pinus/TreeScanPL_plot2202704_tree7.npy,train,8,8,1,0.8138702778362235,0.1690710810909656,0.01705863840017678,0.9999827146530151
Pinus/TreeScanPL_plot2202704_tree8.npy,train,8,8,1,0.8608482663987161,0.07023121806417199,0.06892051313821379,0.9994785189628601
Picea/TreeScanPL_plot2202704_tree9.npy,train,7,7,1,0.6992702681339588,0.059353209381642444,0.2413765202174199,0.9999600648880005
Picea/TreeScanPL_plot2202704_tree10.npy,train,7,7,1,0.8258915781429612,0.04296872455087614,0.13113969474244017,0.9999480247497559
Picea/TreeScanPL_plot2202704_tree11.npy,train,7,7,1,0.7941019168369655,0.047773116909853544,0.15812496375591956,0.9996469020843506
Pinus/TreeScanPL_plot2202704_tree13.npy,train,8,8,1,0.7383759553696847,0.249486635432465,0.012137405063082966,0.9999972581863403
Pinus/TreeScanPL_plot2202704_tree14.npy,train,8,8,1,0.7701634671510315,0.1905373668135365,0.039299164320807774,0.9724108576774597
Pinus/TreeScanPL_plot2202704_tree18.npy,train,8,8,1,0.7077131577475424,0.27259294251179683,0.019693897280138966,0.9997475743293762
Picea/TreeScanPL_plot2202704_tree20.npy,train,7,7,1,0.9494586967452265,0.02828745520881791,0.02225384563063355,0.9997619986534119
Pinus/TreeScanPL_plot2402904_tree2.npy,train,8,8,1,0.7543368731990501,0.21139795587086985,0.03426516864357156,0.9997979998588562
Pinus/TreeScanPL_plot2402904_tree3.npy,train,8,8,1,0.7322519554876693,0.24816126740025574,0.019586774103205522,0.9999855756759644
Picea/TreeScanPL_plot2402904_tree4.npy,train,7,7,1,0.9212038364024131,0.05569562477918255,0.02310053567419342,0.9992861151695251
Picea/TreeScanPL_plot2402904_tree5.npy,train,7,7,1,0.7756810848718015,0.06351397474125489,0.16080493671255658,0.9999663829803467
Picea/TreeScanPL_plot2402904_tree6.npy,train,7,7,1,0.6273340057148132,0.12105948429032523,0.2516065072487931,0.9999738931655884
Picea/TreeScanPL_plot2402904_tree7.npy,train,7,7,1,0.6403818211911955,0.05178917140490341,0.30782900495165927,0.9995689988136292
Picea/TreeScanPL_plot2402904_tree8.npy,train,7,7,1,0.8688519143457308,0.10459405214902043,0.026554029784496447,0.9999445676803589
Picea/TreeScanPL_plot2402904_tree9.npy,train,7,7,1,0.8625131092150272,0.056518261935335136,0.08096862458443436,0.9999690055847168
Pinus/TreeScanPL_plot2402904_tree10.npy,train,8,8,1,0.849655191426306,0.1395402831863213,0.010804522267118881,0.99996018409729
Picea/TreeScanPL_plot2402904_tree11.npy,train,7,7,1,0.8953866736737758,0.06882870790502735,0.03578461456212645,0.9999585151672363
Pinus/TreeScanPL_plot2402904_tree12.npy,train,8,8,1,0.7720410695584337,0.21485850517361066,0.013100420379949004,0.9999974966049194
Picea/TreeScanPL_plot2402904_tree13.npy,train,7,7,1,0.822547267356271,0.05870844774425744,0.11874428140723152,0.9999790191650391
Picea/TreeScanPL_plot2402904_tree14.npy,train,7,7,1,0.704749394709401,0.0750410308705149,0.22020957022791002,0.9999924898147583
Pinus/TreeScanPL_plot2402904_tree15.npy,train,8,8,1,0.8972577049031784,0.08744729562816776,0.015294996062128153,0.9999414682388306
Picea/TreeScanPL_plot2402904_tree16.npy,train,7,7,1,0.851258462106981,0.07960897189580829,0.0691325622070484,0.9999710321426392
Pinus/TreeScanPL_plot2402904_tree18.npy,train,8,8,1,0.8249144377450104,0.1592544284449786,0.015831130096376662,0.9999903440475464
Picea/TreeScanPL_plot2402904_tree20.npy,train,7,7,1,0.6705214253755881,0.08730906407434541,0.2421695061474146,0.9999866485595703
Picea/TreeScanPL_plot2402904_tree21.npy,train,7,7,1,0.716913348155895,0.05675083610694432,0.22633581283171736,0.9999589920043945
Pinus/TreeScanPL_plot2402904_tree22.npy,train,8,8,1,0.6824137053130337,0.295432409438554,0.02215388256999276,0.9998553991317749
Pinus/TreeScanPL_plot2402904_tree23.npy,train,8,8,1,0.8114847442382012,0.17952554129288503,0.00898971162978862,0.9997584223747253
Pinus/TreeScanPL_plot2402904_tree24.npy,train,8,8,1,0.8220350511769954,0.1664269981160358,0.01153794768377393,0.9999572038650513
Pinus/TreeScanPL_plot2402904_tree25.npy,train,8,8,1,0.8752896908385566,0.11229718100924613,0.012413125076207798,0.9999473094940186
Pinus/TreeScanPL_plot2402904_tree26.npy,train,8,8,1,0.845844608162314,0.13626200067431246,0.017893388475319766,0.9997064471244812
Picea/TreeScanPL_plot2402904_tree27.npy,train,7,7,1,0.5946009230436105,0.09693614181234296,0.3084629337150234,0.9993608593940735
Picea/TreeScanPL_plot2402904_tree28.npy,train,7,7,1,0.9073791431429035,0.0754058678617025,0.017214985011910745,0.9999881982803345
Picea/TreeScanPL_plot2402904_tree29.npy,train,7,7,1,0.6542686349232161,0.08360807495121998,0.26212328811183044,0.9998188614845276
Picea/TreeScanPL_plot2402904_tree31.npy,train,7,7,1,0.7338394740591011,0.07715521060964119,0.18900531051402836,0.9999804496765137
Pinus/TreeScanPL_plot2402904_tree33.npy,train,8,8,1,0.8667450740864604,0.11711947786735817,0.01613544479499597,0.9998437166213989
Pinus/TreeScanPL_plot2402904_tree34.npy,train,8,8,1,0.7237602719078573,0.260301300125566,0.015938423572085428,0.9999958276748657
Picea/TreeScanPL_plot2402904_tree35.npy,train,7,7,1,0.8350608370977405,0.08252588994288103,0.08241326819758583,0.9999822378158569
Pinus/TreeScanPL_plot2402904_tree36.npy,train,8,8,1,0.8302097332509665,0.16070474690955178,0.00908551710631497,0.9998553991317749
Picea/TreeScanPL_plot2402904_tree37.npy,train,7,7,1,0.8954673369933457,0.04167519898627925,0.06285746009393903,0.9999775886535645
Picea/TreeScanPL_plot2402904_tree38.npy,train,7,7,1,0.8879713580883637,0.06612650248063184,0.04590213462639528,0.999976634979248
Picea/TreeScanPL_plot2402904_tree39.npy,train,7,7,1,0.8884849835942041,0.04866511585233042,0.06284989757778048,0.9968121647834778
Pinus/TreeScanPL_plot2402904_tree40.npy,train,8,8,1,0.8462677460873205,0.14503728096092033,0.00869497025148302,0.9996459484100342
Picea/TreeScanPL_plot2402904_tree42.npy,train,7,7,1,0.8185572985532749,0.06643528686594224,0.11500741116492601,0.9995951056480408
Pinus/TreeScanPL_plot2501204_tree1.npy,train,8,8,1,0.7816491779777344,0.18462703786957965,0.03372378164694842,0.9999293088912964
Pinus/TreeScanPL_plot2501204_tree2.npy,train,8,8,1,0.8118610515697591,0.17246780954168375,0.01567113457248513,0.9999982118606567
Quercus/TreeScanPL_plot2501204_tree4.npy,train,9,9,1,0.8763010162570806,0.05080694604717389,0.0728920350705004,0.9996970891952515
Pinus/TreeScanPL_plot2501204_tree5.npy,train,8,8,1,0.7353064835111771,0.2540943166972931,0.010599196694487438,0.9999938011169434
Pinus/TreeScanPL_plot2501204_tree6.npy,train,8,8,1,0.7857326307396123,0.20071922770597114,0.013548138865561447,0.9999094009399414
Pinus/TreeScanPL_plot2501204_tree7.npy,train,8,8,1,0.8290940696551238,0.15103797043716374,0.019867957261766902,0.9999494552612305
Pinus/TreeScanPL_plot2501204_tree8.npy,train,8,8,1,0.8182608048704798,0.1592608948819581,0.022478296785967637,0.9999955892562866
Pinus/TreeScanPL_plot2501204_tree9.npy,train,8,8,1,0.834941641070691,0.14570353574828238,0.019354820133314656,0.9999964237213135
Pinus/TreeScanPL_plot2501204_tree11.npy,train,8,8,1,0.8099393668167038,0.1698422381372894,0.020218391889320064,0.9999926090240479
Pinus/TreeScanPL_plot2501204_tree12.npy,train,8,8,1,0.8234047245801204,0.14955593977779247,0.027039332601941288,0.9999758005142212
Pinus/TreeScanPL_plot2501204_tree13.npy,train,8,8,1,0.7999734003027903,0.19019830645179545,0.009828290493274603,0.9999873638153076
Pinus/TreeScanPL_plot2501204_tree14.npy,train,8,8,1,0.7577155314366363,0.2277817581324948,0.014502707271656557,0.9999812841415405
Pinus/TreeScanPL_plot2501204_tree15.npy,train,8,8,1,0.7757252138765627,0.20195299104429013,0.022321791654121674,0.9999823570251465
Pinus/TreeScanPL_plot2501204_tree17.npy,train,8,8,1,0.7942378688179657,0.17153193259306512,0.03423019461038871,0.9999979734420776
Pinus/TreeScanPL_plot2501204_tree18.npy,train,8,8,1,0.7483503429164419,0.23875526007943146,0.012894394232104131,0.9999188184738159
Pinus/TreeScanPL_plot2501204_tree19.npy,train,8,8,1,0.8288792671727359,0.16109566809046802,0.010025061410581773,0.9999169111251831
Quercus/TreeScanPL_plot2501204_tree20.npy,train,9,9,1,0.8454337543540079,0.10292042802909057,0.05164581529419921,0.9977116584777832
Pinus/TreeScanPL_plot2501204_tree21.npy,train,8,8,1,0.7450492326661665,0.23985884127294704,0.015091921795647747,0.9999978542327881
Pinus/TreeScanPL_plot2501204_tree22.npy,train,8,8,1,0.7884237912974366,0.18425967395513015,0.02731653176630685,0.9999974966049194
Pinus/TreeScanPL_plot2501204_tree23.npy,train,8,8,1,0.7251817368909702,0.2592045759639839,0.015613684496266473,0.9999513626098633
Pinus/TreeScanPL_plot2501204_tree24.npy,train,8,8,1,0.8893459751163902,0.09891251726756035,0.011741504186932953,0.9999970197677612
Pinus/TreeScanPL_plot2501204_tree25.npy,train,8,8,1,0.8589010296239499,0.1264380003343877,0.014660966763104959,0.999984622001648
Pinus/TreeScanPL_plot2501204_tree26.npy,train,8,8,1,0.8651892294155504,0.08811654891219808,0.046694219625352223,0.9983282685279846
Pinus/TreeScanPL_plot2501204_tree27.npy,train,8,8,1,0.7615787584986446,0.2194563903488072,0.01896484854757759,0.9999780654907227
Pinus/TreeScanPL_plot2501204_tree29.npy,train,8,8,1,0.8739788196589039,0.11414440881033697,0.011876768431379617,0.9999563694000244
Pinus/TreeScanPL_plot2501204_tree30.npy,train,8,8,1,0.7748498180769808,0.20114582527202385,0.024004353819904165,0.9999514818191528
Pinus/TreeScanPL_plot2501204_tree31.npy,train,8,8,1,0.7880407474161921,0.20120809923637997,0.010751149566071119,0.9999986886978149
Pinus/TreeScanPL_plot2501204_tree32.npy,train,8,8,1,0.8036606905964474,0.18907421606831828,0.007265090395910976,0.999995231628418
Pinus/TreeScanPL_plot2501204_tree34.npy,train,8,8,1,0.8159194830067953,0.15505701246004394,0.029023501909584103,0.9999932050704956
Pinus/TreeScanPL_plot2501204_tree35.npy,train,8,8,1,0.7777113906231259,0.20188852323412015,0.0204000835136426,0.9999704360961914
Pinus/TreeScanPL_plot2501204_tree36.npy,train,8,8,1,0.7928123956321205,0.16395001662546801,0.043237584491939915,0.9999957084655762
Pinus/TreeScanPL_plot2501204_tree37.npy,train,8,8,1,0.7970334766809807,0.16911184922737688,0.033854671787538995,0.9999477863311768
Quercus/TreeScanPL_plot2501204_tree38.npy,train,9,9,1,0.8295881835800505,0.04250153262496635,0.1279102812008464,0.9997265934944153
Pinus/TreeScanPL_plot2501204_tree39.npy,train,8,8,1,0.804458496927341,0.17607681435934228,0.01946468559584451,0.9999381303787231
Picea/TreeScanPL_plot2503004_tree1.npy,train,7,7,1,0.8189099636296074,0.08196826214268527,0.09912177117441759,0.9999597072601318
Picea/TreeScanPL_plot2503004_tree2.npy,train,7,7,1,0.6991212683708067,0.0723945497434691,0.22848417755411238,0.9998939037322998
Picea/TreeScanPL_plot2503004_tree3.npy,train,7,7,1,0.8123602407433502,0.03719547239750358,0.15044428408127813,0.9995738863945007
Picea/TreeScanPL_plot2503004_tree4.npy,train,7,7,1,0.5706218052815852,0.07802409199648318,0.35135410029762204,0.999990701675415
Picea/TreeScanPL_plot2503004_tree5.npy,train,7,7,1,0.7386049140538226,0.09801254645560849,0.16338253671064884,0.9998981952667236
Picea/TreeScanPL_plot2503004_tree6.npy,train,7,7,1,0.9210030054331864,0.05436527210638039,0.024631715846802935,0.9999939203262329
Picea/TreeScanPL_plot2503004_tree7.npy,train,7,7,1,0.8503067288236129,0.0987158903827365,0.050977377120810526,0.9999594688415527
Picea/TreeScanPL_plot2503004_tree8.npy,train,7,7,1,0.9030348393754726,0.07352872370809663,0.023436434417890513,0.9979380965232849
Picea/TreeScanPL_plot2503004_tree10.npy,train,7,7,1,0.8248363838238424,0.0875752698467365,0.0875883417050797,0.9999786615371704
Picea/TreeScanPL_plot2503004_tree11.npy,train,7,7,1,0.8796913395748153,0.09748806181313242,0.022820594137278237,0.9999904632568359
Picea/TreeScanPL_plot2503004_tree13.npy,train,7,7,1,0.8647631261048148,0.0676484394306992,0.06758843030378321,0.9999464750289917
Picea/TreeScanPL_plot2503004_tree14.npy,train,7,7,1,0.6257279450990867,0.12172070280806561,0.25255134962512726,0.9999181032180786
Picea/TreeScanPL_plot2503004_tree15.npy,train,7,7,1,0.8967271323314249,0.054517005947581576,0.048755856230303256,0.9999845027923584
Pinus/TreeScanPL_plot2503004_tree17.npy,train,8,8,1,0.7860952757134181,0.19968615196781242,0.014218568818882003,0.9997774958610535
Picea/TreeScanPL_plot2503004_tree18.npy,train,7,7,1,0.8266869393531097,0.04177010652783423,0.13154295070508853,0.9999655485153198
Picea/TreeScanPL_plot2503004_tree20.npy,train,7,7,1,0.6520364668790664,0.06089399052716783,0.28706953954491693,0.9999918937683105
Picea/TreeScanPL_plot2503004_tree22.npy,train,7,7,1,0.8629065886023364,0.04164790580848341,0.09544550261998833,0.9994031190872192
Picea/TreeScanPL_plot2503004_tree24.npy,train,7,7,1,0.8339077993561944,0.05051157195663106,0.11558062310829255,0.9999891519546509
Pinus/TreeScanPL_plot2503004_tree25.npy,train,8,8,1,0.8121131388147994,0.13126880386203058,0.05661805515140645,0.9994040727615356
Picea/TreeScanPL_plot2700704_tree1.npy,train,7,7,1,0.8805857785143251,0.07477536178093881,0.044638853358011855,0.9999861717224121
Picea/TreeScanPL_plot2700704_tree3.npy,train,7,7,1,0.8980530076405479,0.06880354747011966,0.03314344042957329,0.9999823570251465
Picea/TreeScanPL_plot2700704_tree5.npy,train,7,7,1,0.952202934576112,0.02467775839578509,0.02311930231317854,0.9999957084655762
Pinus/TreeScanPL_plot2700704_tree6.npy,train,8,8,1,0.7869757980190941,0.1296332401913667,0.08339096026277791,0.9893391728401184
Picea/TreeScanPL_plot2700704_tree7.npy,train,7,7,1,0.8005996872678757,0.02781970034629548,0.1715806074420667,0.9999897480010986
Picea/TreeScanPL_plot2700704_tree9.npy,train,7,7,1,0.7266591421542179,0.06421342856886306,0.20912742482371185,0.9999368190765381
Picea/TreeScanPL_plot2700704_tree11.npy,train,7,7,1,0.7415905599616625,0.12057775746912579,0.13783167491073783,0.9999943971633911
Picea/TreeScanPL_plot2700704_tree12.npy,train,7,7,1,0.9277265460361938,0.03207305234247221,0.04020039808667408,0.9999151229858398
Picea/TreeScanPL_plot2700704_tree13.npy,train,7,7,1,0.8897815318629948,0.04378544415993315,0.06643301814296577,0.9999922513961792
Pinus/TreeScanPL_plot2700704_tree14.npy,train,8,8,1,0.8375345044419494,0.1533328789439457,0.009132613512447112,0.9999748468399048
Picea/TreeScanPL_plot2700704_tree15.npy,train,7,7,1,0.9327204607201628,0.03790998129715814,0.02936955401589528,0.9999750852584839
Picea/TreeScanPL_plot2700704_tree17.npy,train,7,7,1,0.6554188729498971,0.03886977673157298,0.3057113487937534,0.9992282390594482
Picea/TreeScanPL_plot2700704_tree18.npy,train,7,7,1,0.8099841099784344,0.031130324316812726,0.15888556205150897,0.9999675750732422
Picea/TreeScanPL_plot2700704_tree19.npy,train,7,7,1,0.8248834031000677,0.04215708319337567,0.13295951053927735,0.9998840093612671
Picea/TreeScanPL_plot2700704_tree20.npy,train,7,7,1,0.7966021387113896,0.07915148218560565,0.12424637596140382,0.9999427795410156
Picea/TreeScanPL_plot2700704_tree21.npy,train,7,7,1,0.8403709344597919,0.07748286579865145,0.08214619593403588,0.9999728202819824
Picea/TreeScanPL_plot2700704_tree22.npy,train,7,7,1,0.9338486670461754,0.026077587220837087,0.04007374005495527,0.9999595880508423
Picea/TreeScanPL_plot2700704_tree23.npy,train,7,7,1,0.8464141649335643,0.09521594776748923,0.05836988300663442,0.9999818801879883
Picea/TreeScanPL_plot2700704_tree24.npy,train,7,7,1,0.8255537209661413,0.08459802802606077,0.0898482454136693,0.9999804496765137
Picea/TreeScanPL_plot2700704_tree26.npy,train,7,7,1,0.9138933188957012,0.04314583176251177,0.042960844033007074,0.9999926090240479
Picea/TreeScanPL_plot2700704_tree27.npy,train,7,7,1,0.8355030694165773,0.058342865044856085,0.10615406231772664,0.9994403719902039
Pinus/TreeScanPL_plot2700704_tree29.npy,train,8,8,1,0.7034855949158307,0.2634035347181605,0.03311086851513812,0.9540309309959412
Picea/TreeScanPL_plot2700704_tree31.npy,train,7,7,1,0.9286814695880427,0.04223843547705795,0.029080091761439133,0.9999512434005737
Betula/TreeScanPL_plot2700704_tree32.npy,train,3,3,1,0.6354948843043209,0.17356068195299457,0.1909444322989224,0.9944899082183838
Picea/TreeScanPL_plot2700704_tree34.npy,train,7,7,1,0.8106750610173619,0.07072843651171189,0.1185964958865418,0.9999871253967285
Betula/TreeScanPL_plot2700704_tree37.npy,train,3,3,1,0.8561849194788448,0.10425664191572478,0.03955843662571163,0.9991673231124878
Pinus/TreeScanPL_plot2700704_tree39.npy,train,8,8,1,0.7040939542666924,0.24997858197445272,0.04592746178602354,0.577448844909668
Picea/TreeScanPL_plot2700704_tree40.npy,train,7,7,1,0.8542869010281636,0.037728791581589594,0.10798430226924008,0.9999814033508301
Picea/TreeScanPL_plot2700704_tree41.npy,train,7,7,1,0.7160343665685411,0.06263380331288201,0.22133182724140543,0.9999712705612183
Picea/TreeScanPL_plot2700704_tree42.npy,train,7,7,1,0.9321609275605046,0.0435904805081234,0.02424858886076604,0.9999063014984131
Picea/TreeScanPL_plot2700704_tree43.npy,train,7,7,1,0.8663480718102651,0.05558909273825168,0.07806282814635496,0.9999955892562866
Alnus/TreeScanPL_plot2800604_tree1.npy,train,2,2,1,0.810489814895476,0.1349388392769629,0.05457134327819066,0.9999856948852539
Alnus/TreeScanPL_plot2800604_tree2.npy,train,2,2,1,0.6413624422778976,0.3344139072592997,0.024223648642271365,0.9999270439147949
Alnus/TreeScanPL_plot2800604_tree3.npy,train,2,2,1,0.8044904638868279,0.16677192988554285,0.02873760375299833,0.9999812841415405
Alnus/TreeScanPL_plot2800604_tree4.npy,train,2,2,1,0.5918866214406583,0.3716714532845568,0.036441923073889486,0.9998878240585327
Alnus/TreeScanPL_plot2800604_tree5.npy,train,2,2,1,0.5106261763941609,0.38009082862465293,0.10928299360361572,0.9924886226654053
Alnus/TreeScanPL_plot2800604_tree6.npy,train,2,2,1,0.5182935973456649,0.2870576590864942,0.1946487411321647,0.9999902248382568
Alnus/TreeScanPL_plot2800604_tree7.npy,train,2,2,1,0.8257553654255056,0.11628888566815133,0.057955744946091264,0.9999973773956299
Alnus/TreeScanPL_plot2800604_tree9.npy,train,2,2,1,0.801188814845414,0.15215625690935355,0.046654925805036856,0.9998725652694702
Alnus/TreeScanPL_plot2800604_tree10.npy,train,2,2,1,0.7021811525862628,0.25570118055854996,0.042117664735514065,0.9999232292175293
Alnus/TreeScanPL_plot2800604_tree11.npy,train,2,2,1,0.5755081178668741,0.26157473841539314,0.16291714128654144,0.9996892213821411
Alnus/TreeScanPL_plot2800604_tree12.npy,train,2,2,1,0.623355679571548,0.2039019402938867,0.1727423774119614,0.9998278617858887
Alnus/TreeScanPL_plot2800604_tree13.npy,train,2,2,1,0.5395075120698755,0.2576776606534538,0.20281482546289686,0.9992333650588989
Alnus/TreeScanPL_plot2800604_tree15.npy,train,2,2,1,0.5855152659900469,0.18142361655363895,0.23306111476559857,0.9993798732757568
Alnus/TreeScanPL_plot2800604_tree16.npy,train,2,2,1,0.5547826112395076,0.3319102726682346,0.11330711465277997,0.9921051263809204
Picea/TreeScanPL_plot2800604_tree17.npy,train,7,7,1,0.8333000715191355,0.04462397957569816,0.12207594672717605,0.9997913241386414
Alnus/TreeScanPL_plot2800604_tree18.npy,train,2,2,1,0.49044755567748594,0.2048141253402741,0.30473831666725165,0.9999581575393677
Alnus/TreeScanPL_plot2800604_tree19.npy,train,2,2,1,0.5681988660297609,0.20611722275334285,0.22568390789541953,0.9999852180480957
Alnus/TreeScanPL_plot2800604_tree21.npy,train,2,2,1,0.6177038886993628,0.29248020018062876,0.0898159094930594,0.9992302656173706
Picea/TreeScanPL_plot2800604_tree22.npy,train,7,7,1,0.8616994953538379,0.05728997110497559,0.08101053121070945,0.9994556307792664
Picea/TreeScanPL_plot2800604_tree23.npy,train,7,7,1,0.8973978850921124,0.023074189742762125,0.07952792178644952,0.9999525547027588
Alnus/TreeScanPL_plot2800604_tree24.npy,train,2,2,1,0.5253858064172947,0.3696782894474022,0.10493590205451311,0.9999744892120361
Picea/TreeScanPL_plot2800604_tree25.npy,train,7,7,1,0.9085161792128811,0.02442065713749414,0.06706316151107444,0.9975844621658325
Alnus/TreeScanPL_plot2800604_tree26.npy,train,2,2,1,0.4443191418166408,0.3898668453628825,0.16581401017744396,0.9999849796295166
Alnus/TreeScanPL_plot2800604_tree27.npy,train,2,2,1,0.5130821996115407,0.2337347752293535,0.25318302239494184,0.9999886751174927
Alnus/TreeScanPL_plot2800604_tree28.npy,train,2,2,1,0.5501027651556114,0.2056943127956669,0.24420291967091587,0.9999254941940308
Alnus/TreeScanPL_plot2800604_tree30.npy,train,2,2,1,0.7274891475683347,0.26409099513323414,0.008419855907781947,0.9992648959159851
Alnus/TreeScanPL_plot2800604_tree31.npy,train,2,2,1,0.6598617897082429,0.27692278020541716,0.06321542759157286,0.9997277855873108
Carpinus/TreeScanPL_plot2801204_tree2.npy,train,4,4,1,0.7208535755117317,0.0814325369543518,0.19771388529108674,0.999810516834259
Carpinus/TreeScanPL_plot2801204_tree6.npy,train,4,4,1,0.7265250271387631,0.049015800097823616,0.2244591704601781,0.9993563294410706
Picea/TreeScanPL_plot2801204_tree7.npy,train,7,7,1,0.8645455502319684,0.04636047286110995,0.08909397343414593,0.9999135732650757
Picea/TreeScanPL_plot2801204_tree8.npy,train,7,7,1,0.8658655472729431,0.06887892178152488,0.06525552754102412,0.9989230036735535
Picea/TreeScanPL_plot2801204_tree10.npy,train,7,7,1,0.8935250050867145,0.040768905489371794,0.06570608570476022,0.9998326301574707
Picea/TreeScanPL_plot2801204_tree11.npy,train,7,7,1,0.9370123981495753,0.020496260159483658,0.042491339175636,0.9986894726753235
Picea/TreeScanPL_plot2801204_tree14.npy,train,7,7,1,0.8572153805104997,0.047356555059994254,0.09542806148777862,0.9994600415229797
Pinus/TreeScanPL_plot2801204_tree15.npy,train,8,8,1,0.8309834756800846,0.15483586006384478,0.014180660812692885,0.9987185001373291
Pinus/TreeScanPL_plot2801204_tree17.npy,train,8,8,1,0.8629595580455858,0.11199346472909485,0.025046975053068774,0.8786895871162415
Pinus/TreeScanPL_plot2801204_tree19.npy,train,8,9,0,0.6598996206655011,0.10562014872327721,0.23448022886247613,0.6548857092857361
Picea/TreeScanPL_plot2801204_tree20.npy,train,7,7,1,0.8482724305781272,0.05614828120305926,0.09557928628002411,0.9905611872673035
Carpinus/TreeScanPL_plot2801204_tree21.npy,train,4,4,1,0.54101790474865,0.06288622974666619,0.3960958636743792,0.9996134638786316
Carpinus/TreeScanPL_plot2801204_tree22.npy,train,4,4,1,0.6827834229666803,0.07316276220771359,0.24405381198867412,0.9999617338180542
Pinus/TreeScanPL_plot2801204_tree23.npy,train,8,8,1,0.7093108366242852,0.24371675770045878,0.046972403134191876,0.9272505044937134
Betula/TreeScanPL_plot2801204_tree24.npy,train,3,3,1,0.9270123862083575,0.060542611495593736,0.012445000036099031,0.9996088147163391
Pinus/TreeScanPL_plot2801204_tree25.npy,train,8,8,1,0.8617280879221768,0.11520647937259888,0.02306543031030712,0.7397263646125793
Quercus/TreeScanPL_plot2900904_tree1.npy,train,9,9,1,0.7285004906672349,0.05630279855401482,0.21519670880235683,0.9663357734680176
Picea/TreeScanPL_plot2900904_tree2.npy,train,7,7,1,0.8780255563835818,0.08220747537950482,0.03976696420555793,0.9999785423278809
Picea/TreeScanPL_plot2900904_tree3.npy,train,7,7,1,0.8291554582534569,0.04916108105841663,0.1216834580260844,0.9996138215065002
Picea/TreeScanPL_plot2900904_tree5.npy,train,7,7,1,0.7773875088644959,0.08470976148944728,0.13790272562524178,0.9999890327453613
Picea/TreeScanPL_plot2900904_tree6.npy,train,7,7,1,0.8498370313990414,0.06281987482263875,0.08734308919089454,0.99997878074646
Pinus/TreeScanPL_plot2900904_tree7.npy,train,8,8,1,0.7801729349471442,0.18426400611691726,0.03556305653624228,0.8677875399589539
Picea/TreeScanPL_plot2900904_tree8.npy,train,7,7,1,0.8134732105497422,0.102220889197696,0.08430589841067859,0.9471760392189026
Picea/TreeScanPL_plot2900904_tree9.npy,train,7,7,1,0.7173714317742931,0.09556353333144721,0.18706503321196863,0.9968926906585693
Pinus/TreeScanPL_plot2900904_tree10.npy,train,8,8,1,0.8776732906909066,0.0673266979953219,0.05500000819463184,0.9990743398666382
Pinus/TreeScanPL_plot2900904_tree11.npy,train,8,8,1,0.8614731914179159,0.10805695271145244,0.03046985180523708,0.9998922348022461
Pinus/TreeScanPL_plot2900904_tree12.npy,train,8,8,1,0.7907960294339018,0.08172992489448677,0.1274740427865728,0.9821001291275024
Picea/TreeScanPL_plot2900904_tree13.npy,train,7,7,1,0.8808341775950901,0.036527810497769,0.08263800746663125,0.9999151229858398
Pinus/TreeScanPL_plot2900904_tree14.npy,train,8,8,1,0.7700217369308945,0.16728827321190468,0.06268998769675102,0.5844987630844116
Picea/TreeScanPL_plot2900904_tree15.npy,train,7,7,1,0.7635855928439431,0.06424380829975732,0.17217059638815574,0.9998792409896851
Picea/TreeScanPL_plot2900904_tree16.npy,train,7,7,1,0.8582342724383604,0.05713262789469064,0.08463309590181742,0.9999592304229736
Pinus/TreeScanPL_plot2900904_tree17.npy,train,8,8,1,0.6958319415977446,0.14882640734995942,0.15534164833961192,0.9942789077758789
Picea/TreeScanPL_plot2900904_tree18.npy,train,7,7,1,0.7132850674772127,0.08747241727570562,0.1992425097485878,0.9999909400939941
Picea/TreeScanPL_plot2900904_tree19.npy,train,7,7,1,0.7965254310548587,0.1851644631995122,0.01831010027233659,0.999996542930603
Picea/TreeScanPL_plot2900904_tree20.npy,train,7,7,1,0.8883111399992952,0.055947988850681155,0.055740866252205715,0.9999936819076538
Pinus/TreeScanPL_plot2900904_tree21.npy,train,8,8,1,0.7941805267467437,0.12977519006463112,0.07604427957721363,0.9987061023712158
Picea/TreeScanPL_plot2900904_tree22.npy,train,7,7,1,0.8424200481439674,0.07448707530687573,0.08309287167115464,0.9999864101409912
Picea/TreeScanPL_plot2900904_tree23.npy,train,7,7,1,0.7555843324919338,0.05712886410055418,0.18728680077392432,0.9998924732208252
Pinus/TreeScanPL_plot2900904_tree24.npy,train,8,8,1,0.8306071938186466,0.1368697458485568,0.03252305705055888,0.9988517761230469
Pinus/TreeScanPL_plot2900904_tree25.npy,train,8,8,1,0.7695145329951382,0.1907228940885352,0.039762570473706835,0.9978634715080261
Quercus/TreeScanPL_plot2900904_tree26.npy,train,9,9,1,0.8259056766469919,0.04083459383287804,0.13325972685540252,0.9981657862663269
Picea/TreeScanPL_plot2900904_tree27.npy,train,7,7,1,0.8631825557584241,0.09290488676803187,0.04391255361917384,0.9999358654022217
Picea/TreeScanPL_plot2900904_tree28.npy,train,7,7,1,0.88214909478444,0.08109210424625679,0.036758797613430615,0.9999523162841797
Quercus/TreeScanPL_plot2900904_tree29.npy,train,9,9,1,0.8452709670008667,0.06762462967956662,0.0871044002327101,0.9993062019348145
Picea/TreeScanPL_plot2900904_tree31.npy,train,7,7,1,0.8550752117594003,0.05862641604889624,0.0862983677345,0.999974250793457
Picea/TreeScanPL_plot2900904_tree33.npy,train,7,7,1,0.8073708788061462,0.04620965909038591,0.1464194569092939,0.9999896287918091
Pinus/TreeScanPL_plot3001704_tree1.npy,train,8,8,1,0.7775853032457218,0.15354847721884193,0.0688662159931583,0.9980883002281189
Picea/TreeScanPL_plot3001704_tree2.npy,train,7,7,1,0.8746731926611226,0.047502726377778026,0.07782407774442007,0.9999151229858398
Picea/TreeScanPL_plot3001704_tree4.npy,train,7,7,1,0.820353450569388,0.07547963894449973,0.10416690849315118,0.9995970129966736
Picea/TreeScanPL_plot3001704_tree5.npy,train,7,7,1,0.9123606446805756,0.03226852672864514,0.05537082660128578,0.987007200717926
Pinus/TreeScanPL_plot3001704_tree6.npy,train,8,8,1,0.866141629577661,0.08306758980664442,0.05079077811458389,0.9997029900550842
Picea/TreeScanPL_plot3001704_tree7.npy,train,7,7,1,0.8312650627496718,0.07552501340655988,0.09320992121607827,0.9855258464813232
Picea/TreeScanPL_plot3001704_tree9.npy,train,7,7,1,0.8663163972385317,0.0650086241989747,0.06867497403182002,0.9999892711639404
Picea/TreeScanPL_plot3001704_tree11.npy,train,7,7,1,0.7666359523361111,0.09134913734489516,0.14201490724286753,0.9999501705169678
Picea/TreeScanPL_plot3001704_tree12.npy,train,7,7,1,0.694939021947083,0.05226909586116184,0.2527918800930791,0.9992941617965698
Pinus/TreeScanPL_plot3001704_tree13.npy,train,8,8,1,0.7678159324622759,0.2060315208779615,0.026152543642331303,0.997880220413208
Picea/TreeScanPL_plot3001704_tree16.npy,train,7,7,1,0.8827548782361094,0.06107676116331634,0.056168356578101826,0.9999206066131592
Pinus/TreeScanPL_plot3001704_tree17.npy,train,8,8,1,0.8863752542776745,0.071786322824309,0.04183841967964031,0.9998929500579834
Picea/TreeScanPL_plot3001704_tree18.npy,train,7,7,1,0.9141448561158174,0.03307312287863251,0.052782017424146975,0.9999581575393677
Pinus/TreeScanPL_plot3100704_tree1.npy,train,8,8,1,0.7891432304275521,0.1887126317555176,0.022144133731438736,0.9995051622390747
Picea/TreeScanPL_plot3100704_tree2.npy,train,7,7,1,0.8296480551072432,0.125652290182062,0.04469964752886811,0.9999961853027344
Pinus/TreeScanPL_plot3100704_tree3.npy,train,8,8,1,0.8346872383314129,0.13158111311333845,0.03373164512849659,0.9997654557228088
Picea/TreeScanPL_plot3100704_tree6.npy,train,7,7,1,0.902925651944765,0.06549278289772276,0.03158155991700694,0.9999847412109375
Picea/TreeScanPL_plot3100704_tree7.npy,train,7,7,1,0.9331554554871417,0.048082192642655196,0.018762348881012764,0.9999094009399414
Pinus/TreeScanPL_plot3100704_tree9.npy,train,8,8,1,0.7658213410324333,0.20423265700903076,0.029945999752524002,0.9988344311714172
Picea/TreeScanPL_plot3100704_tree12.npy,train,7,7,1,0.9022297815011427,0.05488617531245361,0.042884036543939755,0.9999969005584717
Pinus/TreeScanPL_plot3100704_tree13.npy,train,8,8,1,0.7763808782720133,0.2017112091520428,0.02190790929557987,0.9995768666267395
Picea/TreeScanPL_plot3100704_tree14.npy,train,7,7,1,0.9017488386476753,0.061814051804813586,0.036437103771120014,0.9999935626983643
Picea/TreeScanPL_plot3100704_tree16.npy,train,7,7,1,0.8515738365285208,0.11754909250217146,0.030877067062116605,0.9999871253967285
Pinus/TreeScanPL_plot3100704_tree17.npy,train,8,8,1,0.831305905690779,0.13208364911136752,0.03661044322567365,0.9233617186546326
Pinus/TreeScanPL_plot3100704_tree18.npy,train,8,8,1,0.8029103808260705,0.16204004547503414,0.03504957076884272,0.9148297309875488
Pinus/TreeScanPL_plot3100704_tree21.npy,train,8,8,1,0.8344728821508204,0.1336152092510488,0.031911904317366735,0.9999009370803833
Quercus/TreeScanPL_plot3100704_tree23.npy,train,9,9,1,0.7500798656434229,0.1381586334670781,0.11176149832885046,0.9995743632316589
Picea/TreeScanPL_plot3100704_tree25.npy,train,7,7,1,0.9571578100437158,0.025449478914836763,0.01739270830294855,0.9998834133148193
Pinus/TreeScanPL_plot3100704_tree26.npy,train,8,8,1,0.8317635202818607,0.1569374128183835,0.011299063601962062,0.9988766312599182
Pinus/TreeScanPL_plot3100704_tree27.npy,train,8,8,1,0.8030704415460871,0.1866217428262791,0.010307812897447465,0.9999505281448364
Picea/TreeScanPL_plot3100704_tree30.npy,train,7,7,1,0.9122926614932787,0.05389342748337673,0.03381390771244022,0.9999418258666992
Quercus/TreeScanPL_plot3100704_tree31.npy,train,9,9,1,0.8436325041176413,0.06179450609062579,0.09457298720687697,0.9996132254600525
Picea/TreeScanPL_plot3100704_tree32.npy,train,7,7,1,0.938106737182868,0.044146954738937774,0.01774630500847163,0.9999552965164185
Picea/TreeScanPL_plot3302504_tree2.npy,train,7,7,1,0.8340137101679451,0.06212277101697314,0.10386351474146471,0.9999814033508301
Picea/TreeScanPL_plot3302504_tree5.npy,train,7,7,1,0.8684525306701935,0.07042890601664725,0.061118558840656714,0.9999645948410034
Picea/TreeScanPL_plot3302504_tree6.npy,train,7,7,1,0.8535323402666515,0.05079841292453518,0.09566924457164194,0.9961842894554138
Picea/TreeScanPL_plot3302504_tree8.npy,train,7,7,1,0.8940555952751928,0.047631196034845516,0.058313203397059934,0.9999740123748779
Picea/TreeScanPL_plot3302504_tree10.npy,train,7,7,1,0.7899069861585489,0.1395335278570642,0.0705594805921922,0.9999890327453613
Picea/TreeScanPL_plot3302504_tree11.npy,train,7,7,1,0.8962628648732922,0.0648287693935055,0.03890836331618595,0.9995934367179871
Picea/TreeScanPL_plot3302504_tree14.npy,train,7,7,1,0.8875725163588306,0.06393302959380247,0.04849444950970573,0.999993085861206
Picea/TreeScanPL_plot3302504_tree15.npy,train,7,7,1,0.8071981217964188,0.07793313010329994,0.11486874324391556,0.9999481439590454
Picea/TreeScanPL_plot3302504_tree16.npy,train,7,7,1,0.7501682483044512,0.11315950533432531,0.13667224291581334,0.9999182224273682
Picea/TreeScanPL_plot3302504_tree17.npy,train,7,7,1,0.8468063259862671,0.03491376657157222,0.11827990545603471,0.8001767992973328
Picea/TreeScanPL_plot3302504_tree18.npy,train,7,7,1,0.7854501470576727,0.12009911775347885,0.09445073078442734,0.9998934268951416
Picea/TreeScanPL_plot3302504_tree19.npy,train,7,7,1,0.7874375598316582,0.0915108526200056,0.12105158366939668,0.9999412298202515
Picea/TreeScanPL_plot3302504_tree21.npy,train,7,7,1,0.8058775645382086,0.1199806501420148,0.07414177925882547,0.9999946355819702
Picea/TreeScanPL_plot3302504_tree24.npy,train,7,7,1,0.7481103136032677,0.028303888822576926,0.2235857930613451,0.999984860420227
Quercus/TreeScanPL_plot3400504_tree1.npy,train,9,9,1,0.7192955776023174,0.09579518072271928,0.18490923916665264,0.8703458905220032
Picea/TreeScanPL_plot3400504_tree4.npy,train,7,7,1,0.9196776957388948,0.022732487961605114,0.05758981234227038,0.999900221824646
Picea/TreeScanPL_plot3400504_tree5.npy,train,7,7,1,0.7671928463061792,0.07380920825431816,0.15899794113424293,0.9999181032180786
Picea/TreeScanPL_plot3400504_tree6.npy,train,7,7,1,0.8967953620259113,0.05084486730160748,0.052359766821982255,0.9999591112136841
Picea/TreeScanPL_plot3400504_tree7.npy,train,7,7,1,0.6458210289512717,0.1014588687765867,0.25272009905329623,0.9999949932098389
Quercus/TreeScanPL_plot3400504_tree8.npy,train,9,9,1,0.5795474892100979,0.09199111553018356,0.3284613924983229,0.9963085055351257
Betula/TreeScanPL_plot3400504_tree9.npy,train,3,3,1,0.8997033326827398,0.08034387774993973,0.0199527871457996,0.986997127532959
Picea/TreeScanPL_plot3400504_tree10.npy,train,7,7,1,0.8282298355310813,0.012565776786531447,0.1592043857273514,0.9980787038803101
Quercus/TreeScanPL_plot3400504_tree11.npy,train,9,9,1,0.6838547924448515,0.05502635684542182,0.26111884827951015,0.9719492197036743
Pinus/TreeScanPL_plot3400504_tree12.npy,train,8,8,1,0.8670192241883166,0.11863114188380731,0.014349630358728068,0.9998193383216858
Picea/TreeScanPL_plot3400504_tree13.npy,train,7,7,1,0.8633614958050883,0.01783295185391886,0.11880554866907657,0.9993687272071838
Pinus/TreeScanPL_plot3400504_tree14.npy,train,8,8,1,0.766322429431056,0.21920755401304912,0.0144700137449444,0.9991598129272461
Picea/TreeScanPL_plot3400504_tree18.npy,train,7,7,1,0.7180920935924152,0.0600912029403553,0.2218167012954132,0.99945467710495
Picea/TreeScanPL_plot3400504_tree19.npy,train,7,7,1,0.916998243378346,0.04091554517156497,0.042086207709432374,0.9999293088912964
Pinus/TreeScanPL_plot3400504_tree20.npy,train,8,8,1,0.8148704795131518,0.16673486782978894,0.018394648377469035,0.999966025352478
Acer/TreeScanPL_plot3400504_tree21.npy,train,1,1,1,0.8569010408356601,0.09480189261512247,0.04829706450526157,0.9901413321495056
Picea/TreeScanPL_plot3400504_tree23.npy,train,7,7,1,0.7561921392152606,0.09779563802165292,0.14601221819951604,0.999984622001648
Picea/TreeScanPL_plot3400504_tree24.npy,train,7,7,1,0.8562282791533967,0.03749818758078625,0.10627352904147658,0.9999326467514038
Picea/TreeScanPL_plot3400504_tree25.npy,train,7,7,1,0.6990678599553621,0.06144065144550223,0.23949148589057345,0.9999486207962036
Betula/TreeScanPL_plot3400504_tree26.npy,train,3,3,1,0.8931978390647697,0.07770982613267978,0.0290923325616632,0.9987346529960632
Pinus/TreeScanPL_plot3400504_tree27.npy,train,8,8,1,0.7509103362432856,0.152206209348765,0.09688345243838245,0.9986768364906311
Quercus/TreeScanPL_plot3400504_tree28.npy,train,9,9,1,0.8736641225421332,0.06617049134866265,0.060165383501391625,0.9973690509796143
Picea/TreeScanPL_plot3400504_tree29.npy,train,7,7,1,0.8524274192601778,0.06643419968579502,0.08113837833937788,0.993218719959259
Quercus/TreeScanPL_plot3400504_tree30.npy,train,9,9,1,0.8238499056653479,0.10259236511573891,0.07355772639188843,0.9970393180847168
Picea/TreeScanPL_plot3400504_tree31.npy,train,7,7,1,0.9245335457109727,0.036856425436167524,0.038610027023195034,0.9292309284210205
Picea/TreeScanPL_plot3400504_tree32.npy,train,7,7,1,0.8348313903711956,0.048755125937727684,0.1164134783904214,0.999981164932251
Picea/TreeScanPL_plot3400504_tree33.npy,train,7,7,1,0.8491742955070817,0.06294663432669483,0.08787906762350933,0.9995416402816772
Picea/TreeScanPL_plot3400504_tree35.npy,train,7,7,1,0.8402613952181224,0.11519640008288896,0.04454219935138135,0.9999896287918091
Picea/TreeScanPL_plot3400504_tree36.npy,train,7,7,1,0.8312267772915076,0.050991517974717834,0.11778170170224053,0.9997784495353699
Pinus/TreeScanPL_plot3400504_tree37.npy,train,8,8,1,0.8052635549189309,0.15484560739372175,0.039890834544862815,0.9803348779678345
Pinus/TreeScanPL_plot3400504_tree39.npy,train,8,8,1,0.8589924984086015,0.10680081455492166,0.03420668357601053,0.9995899796485901
Picea/TreeScanPL_plot3400504_tree40.npy,train,7,7,1,0.9311069839029721,0.04073321753470916,0.02815979522163825,0.9999668598175049
Picea/TreeScanPL_plot3400504_tree41.npy,train,7,7,1,0.6319307036867521,0.06319575737722719,0.30487353621540986,0.9999771118164062
Picea/TreeScanPL_plot3400504_tree42.npy,train,7,7,1,0.8741287645878341,0.057399094266175725,0.06847213641028273,0.9999701976776123
Betula/TreeScanPL_plot3400504_tree43.npy,train,3,3,1,0.8206167350556299,0.05541280923268754,0.12397045390072618,0.9731528759002686
Pinus/TreeScanPL_plot3400504_tree44.npy,train,8,8,1,0.8977570105105723,0.07090477848774754,0.03133820694455232,0.9998583793640137
Pinus/TreeScanPL_plot3400504_tree45.npy,train,8,8,1,0.812296882894319,0.17358365880462875,0.014119454745000246,0.9992689490318298
Pinus/TreeScanPL_plot3400504_tree47.npy,train,8,8,1,0.8021616671753518,0.11415465560071102,0.0836836747143679,0.9001967906951904
Pinus/TreeScanPL_plot3400504_tree48.npy,train,8,8,1,0.9079173327734822,0.08420896684375814,0.007873696623958516,0.9998869895935059
Pinus/TreeScanPL_plot3400504_tree52.npy,train,8,8,1,0.825931444584101,0.1499478852571449,0.02412066727907682,0.9567781686782837
Picea/TreeScanPL_plot3400504_tree53.npy,train,7,7,1,0.692744003469904,0.0471454552773331,0.260110538056978,0.9999401569366455
Picea/TreeScanPL_plot3400504_tree54.npy,train,7,7,1,0.8628681042691368,0.02289075015634831,0.11424114359663573,0.9577769637107849
Carpinus/TreeScanPL_plot3501204_tree2.npy,train,4,4,1,0.6973458520666975,0.03504616100204972,0.2676079840466047,0.999931812286377
Carpinus/TreeScanPL_plot3501204_tree4.npy,train,4,4,1,0.8328403914606414,0.12946915014339394,0.03769045638784516,0.9985440969467163
Pinus/TreeScanPL_plot3501204_tree5.npy,train,8,8,1,0.8605310305698907,0.1286778004749454,0.010791166799712622,0.9969742298126221
Acer/TreeScanPL_plot3501204_tree6.npy,train,1,1,1,0.8930843571323035,0.04221171846511925,0.0647039218762859,0.8522832989692688
Picea/TreeScanPL_plot3501204_tree7.npy,train,7,7,1,0.9336857180052122,0.023603843566912818,0.042710435921197956,0.9985069632530212
Quercus/TreeScanPL_plot3501204_tree8.npy,train,9,9,1,0.8305307148586398,0.04857618035296872,0.12089310232733948,0.9973856806755066
Picea/TreeScanPL_plot3501204_tree9.npy,train,7,7,1,0.8400798632848666,0.07492469192639066,0.0849954405909666,0.9999839067459106
Picea/TreeScanPL_plot3501204_tree10.npy,train,7,7,1,0.8920983382132383,0.07460829499299054,0.03329336380850923,0.9999635219573975
Picea/TreeScanPL_plot3501204_tree11.npy,train,7,7,1,0.8678727788467603,0.03235158124828757,0.09977563460199981,0.9999732971191406
Quercus/TreeScanPL_plot3501204_tree12.npy,train,9,9,1,0.7722977878313839,0.12189784295667278,0.10580436594244622,0.9981623291969299
Picea/TreeScanPL_plot3501204_tree13.npy,train,7,7,1,0.9284602798468318,0.025907372148293698,0.04563234380173843,0.9999713897705078
Picea/TreeScanPL_plot3501204_tree15.npy,train,7,7,1,0.8381180034822088,0.05127236040035849,0.1106096336688799,0.9994927644729614
Quercus/TreeScanPL_plot3501204_tree18.npy,train,9,9,1,0.7815009623961336,0.1285306912486821,0.08996834350571765,0.9950863718986511
Picea/TreeScanPL_plot3501204_tree19.npy,train,7,7,1,0.8757999247624949,0.05128236010045179,0.07291771190230213,0.9999186992645264
Quercus/TreeScanPL_plot3501204_tree20.npy,train,9,9,1,0.8064100294387219,0.06286224611125889,0.13072772107949338,0.9983477592468262
Quercus/TreeScanPL_plot3501204_tree22.npy,train,9,9,1,0.7837825276214871,0.08151367953055831,0.1347037901341628,0.9840456247329712
Quercus/TreeScanPL_plot3501204_tree23.npy,train,9,9,1,0.7402163588118871,0.06469820134156638,0.19508543670700265,0.9952806830406189
Picea/TreeScanPL_plot3501204_tree24.npy,train,7,7,1,0.9123262999574974,0.04548147731389058,0.0421922206843776,0.9992613196372986
Picea/TreeScanPL_plot3501204_tree25.npy,train,7,7,1,0.8678537277975563,0.05896356727525645,0.0731827013785963,0.9997474551200867
Pinus/TreeScanPL_plot3501204_tree26.npy,train,8,8,1,0.9124257123477667,0.0638141992019741,0.023760086282009603,0.8569791316986084
Pinus/TreeScanPL_plot3501704_tree1.npy,train,8,8,1,0.7989859013855324,0.15999159565900498,0.04102250094697189,0.997794508934021
Picea/TreeScanPL_plot3501704_tree2.npy,train,7,7,1,0.7714260344958789,0.09160574105389768,0.1369682228495266,0.9882174134254456
Carpinus/TreeScanPL_plot3501704_tree4.npy,train,4,4,1,0.833692582987431,0.11454742249491964,0.051759992313153105,0.9993460774421692
Picea/TreeScanPL_plot3501704_tree6.npy,train,7,7,1,0.8330356755876287,0.10237743830696755,0.06458687938822533,0.9999971389770508
Pinus/TreeScanPL_plot3501704_tree7.npy,train,8,8,1,0.6353432436163468,0.26538330338099836,0.09927345017994804,0.9983612895011902
Carpinus/TreeScanPL_plot3501704_tree10.npy,train,4,4,1,0.8744122743958126,0.03866452089096682,0.08692320283440813,0.9964816570281982
Pinus/TreeScanPL_plot3501704_tree11.npy,train,8,8,1,0.7628917853308195,0.1462711735189537,0.09083703892607177,0.9819465279579163
Picea/TreeScanPL_plot3501704_tree13.npy,train,7,7,1,0.6427903097285282,0.12356744762512215,0.23364224095792954,0.9997469782829285
Quercus/TreeScanPL_plot3501704_tree15.npy,train,9,9,1,0.7645039805190164,0.12797382216933068,0.10752219564167746,0.9826617240905762
Pinus/TreeScanPL_plot3501704_tree16.npy,train,8,8,1,0.8290205185474864,0.12145058377173129,0.0495288954869373,0.9981106519699097
Carpinus/TreeScanPL_plot3501704_tree17.npy,train,4,4,1,0.751822650256982,0.03928840280226147,0.20888894410901057,0.999784529209137
Picea/TreeScanPL_plot3501704_tree18.npy,train,7,7,1,0.9237776612139046,0.05642159237943974,0.01980074320176096,0.9998443126678467
Pinus/TreeScanPL_plot3501704_tree19.npy,train,8,8,1,0.7342201145945166,0.2518396589824455,0.013940223336721074,0.9999148845672607
Pinus/TreeScanPL_plot3501704_tree21.npy,train,8,8,1,0.7251573290533755,0.17343413668601307,0.10140853170856257,0.9995930790901184
Picea/TreeScanPL_plot3501704_tree22.npy,train,7,7,1,0.8367371342868669,0.029112309706235125,0.13415055274123114,0.999951958656311
Picea/TreeScanPL_plot3501704_tree23.npy,train,7,7,1,0.8202184607130467,0.08699084647295766,0.09279069004873518,0.9992642998695374
Pinus/TreeScanPL_plot3501704_tree24.npy,train,8,8,1,0.8345515884117464,0.1356005692375087,0.02984783980883553,0.999549925327301
Pinus/TreeScanPL_plot3501704_tree25.npy,train,8,8,1,0.7573270409284458,0.1854805351255535,0.05719242079828552,0.9993473887443542
Picea/TreeScanPL_plot3501704_tree28.npy,train,7,7,1,0.8779967106273578,0.09486220754587033,0.027141078435839145,0.9999558925628662
Pinus/TreeScanPL_plot3501704_tree30.npy,train,8,8,1,0.8528819272201976,0.13209260043414353,0.015025470064128684,0.9804229736328125
Picea/TreeScanPL_plot3501704_tree32.npy,train,7,7,1,0.8373083808327647,0.06946808260549175,0.09322353335859689,0.9999004602432251
Picea/TreeScanPL_plot3501704_tree34.npy,train,7,7,1,0.900892418748943,0.04458232336681882,0.0545252527708822,0.999988317489624
Pinus/TreeScanPL_plot3501704_tree35.npy,train,8,8,1,0.7225889503049246,0.12424610753612747,0.15316494039269365,0.9833952188491821
Picea/TreeScanPL_plot3501704_tree36.npy,train,7,7,1,0.6454243599000277,0.114610549243737,0.23996508786630003,0.9999520778656006
Quercus/TreeScanPL_plot3501704_tree37.npy,train,9,9,1,0.7465689347603875,0.06981017986682375,0.18362088173519459,0.9991439580917358
Picea/TreeScanPL_plot3501704_tree38.npy,train,7,7,1,0.8449114956093042,0.09147293211695737,0.06361556900911525,0.9999831914901733
Quercus/TreeScanPL_plot3501704_tree39.npy,train,9,9,1,0.7366013910719019,0.17788790997671716,0.08551069624089566,0.9959347248077393
Picea/TreeScanPL_plot3501704_tree41.npy,train,7,7,1,0.9164057176675197,0.06605291493984433,0.01754136362127974,0.999970555305481
Pinus/TreeScanPL_plot3501704_tree42.npy,train,8,8,1,0.7422448816902075,0.11698544071094567,0.14076967538019347,0.9982936978340149
Quercus/TreeScanPL_plot3601604_tree2.npy,train,9,9,1,0.7971369810590038,0.10789470851895323,0.09496830721976222,0.9992882609367371
Quercus/TreeScanPL_plot3601604_tree3.npy,train,9,9,1,0.7260533977892989,0.13655324891181644,0.13739335029329508,0.9987144470214844
Quercus/TreeScanPL_plot3601604_tree4.npy,train,9,9,1,0.6559707589211832,0.2174552431128983,0.12657399620202908,0.9174450039863586
Picea/TreeScanPL_plot3601604_tree6.npy,train,7,7,1,0.9007082940806499,0.02884073025294854,0.0704509734559042,0.9983822107315063
Picea/TreeScanPL_plot3601604_tree7.npy,train,7,7,1,0.8655409010098475,0.06378198336297447,0.07067711168946486,0.9999371767044067
Quercus/TreeScanPL_plot3601604_tree9.npy,train,9,9,1,0.7223765644929225,0.08812427696042743,0.1894991550930184,0.9996637105941772
Picea/TreeScanPL_plot3601604_tree10.npy,train,7,7,1,0.7595648629885854,0.06010658900738315,0.18032854365081952,0.9999879598617554
Picea/TreeScanPL_plot3601604_tree11.npy,train,7,7,1,0.7889457761548533,0.055724354225835715,0.1553298647769349,0.9999920129776001
Picea/TreeScanPL_plot3601604_tree12.npy,train,7,7,1,0.8509177151114908,0.06922145359743793,0.07986082613510086,0.999969482421875
Pinus/TreeScanPL_plot3601604_tree13.npy,train,8,8,1,0.7696064777123243,0.2078754440040825,0.022518075349310895,0.9996541738510132
Quercus/TreeScanPL_plot3601604_tree14.npy,train,9,9,1,0.6881763308687381,0.15803761581339024,0.15378605134325116,0.9997410178184509
Picea/TreeScanPL_plot3601604_tree16.npy,train,7,7,1,0.9381740176988097,0.052708416634733614,0.009117562431437534,0.9999010562896729
Quercus/TreeScanPL_plot3601604_tree17.npy,train,9,9,1,0.6711682089527021,0.04986998638182054,0.2789618023787578,0.9824088215827942
Quercus/TreeScanPL_plot3601604_tree18.npy,train,9,9,1,0.802399517463697,0.01901051464659215,0.1785899640152874,0.9995966553688049
Picea/TreeScanPL_plot3601604_tree19.npy,train,7,7,1,0.8277836427358971,0.04356963617811574,0.12864671931547986,0.9993168115615845
Picea/TreeScanPL_plot3601604_tree20.npy,train,7,7,1,0.7590903312973254,0.036823032671611904,0.20408663287290757,0.99991774559021
Picea/TreeScanPL_plot3601604_tree21.npy,train,7,7,1,0.6551665813692521,0.05280446594558898,0.29202895020306263,0.9997968077659607
Picea/TreeScanPL_plot3601604_tree23.npy,train,7,7,1,0.9237654749534422,0.0465122730492304,0.029722248447668125,0.999963641166687
Picea/TreeScanPL_plot3601604_tree24.npy,train,7,7,1,0.9130712350130172,0.03561052194182591,0.05131824014399068,0.9998409748077393
Quercus/TreeScanPL_plot3601604_tree26.npy,train,9,9,1,0.6688196535578295,0.06568548254529881,0.26549486214488655,0.9995324611663818
Picea/TreeScanPL_plot3601604_tree27.npy,train,7,7,1,0.7026117559636048,0.06389948780796777,0.2334887527667247,0.9999885559082031
Picea/TreeScanPL_plot3601604_tree28.npy,train,7,7,1,0.8809692639672642,0.028136356676070794,0.09089437527889646,0.9999626874923706
Quercus/TreeScanPL_plot3601604_tree29.npy,train,9,9,1,0.7243362973299113,0.12392025411315408,0.1517434471542569,0.7985835075378418
Quercus/TreeScanPL_plot3601604_tree32.npy,train,9,9,1,0.761811429308473,0.1588573030507665,0.07933126556363701,0.9551833271980286
Quercus/TreeScanPL_plot3601604_tree33.npy,train,9,9,1,0.6069214220616445,0.24081125778219484,0.1522673179027379,0.9973253011703491
Pinus/TreeScanPL_plot3601604_tree35.npy,train,8,8,1,0.8511774503944459,0.11625058689362598,0.032571960045110114,0.9999345541000366
Picea/TreeScanPL_plot3601604_tree36.npy,train,7,7,1,0.9165768483070075,0.05867753791909311,0.024745611519115595,0.988062858581543
Pinus/TreeScanPL_plot3602204_tree1.npy,train,8,8,1,0.891930652880733,0.06636627290804702,0.041703072294908244,0.9971804618835449
Pinus/TreeScanPL_plot3602204_tree3.npy,train,8,8,1,0.7543695338541714,0.17476206318068124,0.07086840133135407,0.965912938117981
Picea/TreeScanPL_plot3602204_tree4.npy,train,7,7,1,0.8454732586390356,0.052521084194430766,0.10200565390858231,0.999964714050293
Quercus/TreeScanPL_plot3602204_tree6.npy,train,9,9,1,0.7530459321942342,0.11815658295298552,0.128797482865275,0.9989848732948303
Quercus/TreeScanPL_plot3602204_tree7.npy,train,9,9,1,0.7215615986204525,0.10659541202437682,0.1718429854879017,0.9976484179496765
Quercus/TreeScanPL_plot3602204_tree8.npy,train,9,9,1,0.7488342283812695,0.08570833318844039,0.16545743508898694,0.9978965520858765
Pinus/TreeScanPL_plot3602204_tree9.npy,train,8,8,1,0.8246218362914918,0.14725469816695905,0.028123462117647408,0.9998998641967773
Quercus/TreeScanPL_plot3602204_tree10.npy,train,9,9,1,0.5558926600974682,0.06189570010699174,0.3822116382308847,0.9826793670654297
Quercus/TreeScanPL_plot3602204_tree11.npy,train,9,9,1,0.7242904606974814,0.13527800142188762,0.140431536221363,0.994817316532135
Pinus/TreeScanPL_plot3602204_tree12.npy,train,8,8,1,0.834103931356624,0.1522014459859274,0.013694618642446376,0.9999476671218872
Quercus/TreeScanPL_plot3602204_tree13.npy,train,9,9,1,0.7739156342498343,0.07710731288226645,0.1489770492856023,0.9998236298561096
Quercus/TreeScanPL_plot3602204_tree14.npy,train,9,9,1,0.7572679253675776,0.09103022766970582,0.15170184368788986,0.9961487054824829
Picea/TreeScanPL_plot3602204_tree15.npy,train,7,7,1,0.5920254289634733,0.07260145982245633,0.3353731091123639,0.9997449517250061
Quercus/TreeScanPL_plot3602204_tree16.npy,train,9,9,1,0.7742571763366444,0.13852365750863926,0.08721916277544749,0.9998195767402649
Pinus/TreeScanPL_plot3602204_tree17.npy,train,8,8,1,0.8653696118303418,0.1145746511011711,0.02005573290647034,0.9998677968978882
Picea/TreeScanPL_plot3602204_tree18.npy,train,7,7,1,0.9493558684137515,0.03455149439940443,0.016092634510241025,0.9997848868370056
Quercus/TreeScanPL_plot3602204_tree19.npy,train,9,9,1,0.7418965718989166,0.06178420795666413,0.1963192174727482,0.9994794726371765
Quercus/TreeScanPL_plot3602204_tree20.npy,train,9,9,1,0.5883671226184064,0.09661013134314964,0.31502274442578654,0.9796814918518066
Picea/TreeScanPL_plot3602204_tree21.npy,train,7,7,1,0.639263824530752,0.042256602350486304,0.31847956971102725,0.9999865293502808
Pinus/TreeScanPL_plot3602204_tree22.npy,train,8,9,0,0.582865057761536,0.11812467670519985,0.2990102633516548,0.8669203519821167
Picea/TreeScanPL_plot3602204_tree24.npy,train,7,7,1,0.8135599115449511,0.029538899681159133,0.15690118572186526,0.99993896484375
Pinus/TreeScanPL_plot3602204_tree25.npy,train,8,8,1,0.6150280226190986,0.12815739310145072,0.2568145826936884,0.5858905911445618
Pinus/TreeScanPL_plot3602204_tree26.npy,train,8,8,1,0.7694808325078923,0.20978020669727726,0.02073895600017213,0.9999945163726807
Quercus/TreeScanPL_plot3602204_tree27.npy,train,9,9,1,0.7363581736753207,0.1270607960893746,0.13658102656202203,0.9992156028747559
Quercus/TreeScanPL_plot3602204_tree28.npy,train,9,9,1,0.8485396886710375,0.06786331775371231,0.08359698951273187,0.9999357461929321
Pinus/TreeScanPL_plot3602204_tree29.npy,train,8,8,1,0.8087704322948333,0.17442527965180452,0.016804286012606324,0.9876628518104553
Pinus/TreeScanPL_plot3602204_tree30.npy,train,8,8,1,0.7338612371710675,0.15315841300438543,0.11298034759840778,0.9965628981590271
Pinus/TreeScanPL_plot3602204_tree31.npy,train,8,8,1,0.8533035182203405,0.13227034338962312,0.014426135090082975,0.9998842477798462
Quercus/TreeScanPL_plot3602204_tree32.npy,train,9,9,1,0.7753113079976685,0.06758733163568081,0.1571013583095129,0.9948731064796448
Pinus/TreeScanPL_plot3602204_tree33.npy,train,8,8,1,0.8666838288934272,0.12072615837938556,0.012590009669370078,0.9999313354492188
Quercus/TreeScanPL_plot3602204_tree36.npy,train,9,9,1,0.7910605005263713,0.09057695228864009,0.11836254327011814,0.9997349381446838
Pinus/TreeScanPL_plot3602204_tree37.npy,train,8,8,1,0.7942749926514221,0.18642258776270304,0.019302415482420843,0.9999912977218628
Quercus/TreeScanPL_plot3602204_tree39.npy,train,9,9,1,0.6969198470865018,0.17999948265419996,0.1230806679853719,0.9894325733184814
Pinus/TreeScanPL_plot3602204_tree40.npy,train,8,8,1,0.7667577481401932,0.21163936550113313,0.021602883487819746,0.9969798922538757
Quercus/TreeScanPL_plot3602204_tree42.npy,train,9,9,1,0.7078253792762893,0.1374933337198066,0.15468128535986478,0.9451176524162292
Quercus/TreeScanPL_plot3602204_tree43.npy,train,9,9,1,0.8260188002754534,0.11291442556883334,0.06106677123344805,0.9997355341911316
Quercus/TreeScanPL_plot3602204_tree45.npy,train,9,9,1,0.7290399816678935,0.048255581660821854,0.22270443243146712,0.9999061822891235
Pinus/TreeScanPL_plot3602204_tree46.npy,train,8,8,1,0.6662863391170272,0.16179169786710726,0.17192196143499391,0.9492495059967041
Picea/TreeScanPL_plot3602204_tree47.npy,train,7,7,1,0.9118000836644787,0.03267021006769827,0.05552970288178435,0.9998589754104614
Pinus/TreeScanPL_plot3602204_tree48.npy,train,8,8,1,0.8213764883067184,0.15778455143301298,0.02083895795507899,0.9989736080169678
Quercus/TreeScanPL_plot3602204_tree50.npy,train,9,9,1,0.7295354200651827,0.06953099031318472,0.200933586731525,0.9985284805297852
Picea/TreeScanPL_plot3702404_tree1.npy,train,7,7,1,0.8657176781148548,0.060541906178545435,0.07374041304845293,0.99916672706604
Pinus/TreeScanPL_plot3702404_tree3.npy,train,8,8,1,0.7983628929637427,0.19173453300129567,0.009902571570058973,0.999870777130127
Pinus/TreeScanPL_plot3702404_tree4.npy,train,8,8,1,0.7713656769310798,0.20592106544629438,0.02271325565368307,0.9962272644042969
Picea/TreeScanPL_plot3702404_tree6.npy,train,7,7,1,0.8641566738334406,0.08082005883007748,0.055023262918713206,0.9999858140945435
Pinus/TreeScanPL_plot3702404_tree8.npy,train,8,8,1,0.815057197079838,0.17263412144421286,0.012308678331268265,0.999968409538269
Pinus/TreeScanPL_plot3702404_tree9.npy,train,8,8,1,0.8027590919739708,0.18428678094181591,0.01295412409298561,0.9999500513076782
Picea/TreeScanPL_plot3702404_tree10.npy,train,7,7,1,0.7004800231809581,0.08105827970029048,0.2184616941658248,0.99994957447052
Picea/TreeScanPL_plot3702404_tree11.npy,train,7,7,1,0.7239411457535638,0.04293806943524965,0.23312078144028947,0.9999545812606812
Pinus/TreeScanPL_plot3702404_tree13.npy,train,8,8,1,0.8151363797359514,0.1672882687809816,0.017575348525166727,0.999874472618103
Picea/TreeScanPL_plot3702404_tree14.npy,train,7,7,1,0.7550058753740366,0.046663339621626596,0.19833078066409443,0.999996542930603
Pinus/TreeScanPL_plot3702404_tree15.npy,train,8,8,1,0.815463361746549,0.17058228593471272,0.013954349533694848,0.9999583959579468
Pinus/TreeScanPL_plot3702404_tree16.npy,train,8,8,1,0.8558046955060998,0.13137314191789348,0.012822159966122319,0.9996975660324097
Picea/TreeScanPL_plot3702404_tree18.npy,train,7,7,1,0.6318749791886293,0.03460092566265709,0.33352409305804603,0.9994811415672302
Picea/TreeScanPL_plot3702404_tree19.npy,train,7,7,1,0.8646825423521528,0.04110397838012299,0.09421347501938741,0.9998998641967773
Picea/TreeScanPL_plot3702404_tree20.npy,train,7,7,1,0.8962496608323316,0.059030109290196885,0.044720227581268916,0.9896637797355652
Pinus/TreeScanPL_plot3702404_tree22.npy,train,8,8,1,0.8076224047875663,0.1684525331045949,0.023925059432658536,0.9998897314071655
Pinus/TreeScanPL_plot3702404_tree23.npy,train,8,8,1,0.794255009883264,0.18630885194153643,0.019436134373732428,0.999995231628418
Picea/TreeScanPL_plot3702404_tree24.npy,train,7,7,1,0.818836558125773,0.09317268250538858,0.08799075536655451,0.9999743700027466
Picea/TreeScanPL_plot3702404_tree25.npy,train,7,7,1,0.6925444071013713,0.08960639059848761,0.2178491988650834,0.9999819993972778
Pinus/TreeScanPL_plot3702404_tree26.npy,train,8,8,1,0.7577582757427811,0.2263440936214237,0.015897625885993538,0.9999967813491821
Picea/TreeScanPL_plot3702404_tree27.npy,train,7,7,1,0.9070259983730434,0.04141687079272723,0.05155712666791471,0.9999781847000122
Pinus/TreeScanPL_plot3702404_tree29.npy,train,8,8,1,0.8025482263176744,0.17812933364944905,0.019322436593917757,0.9999914169311523
Pinus/TreeScanPL_plot3702404_tree30.npy,train,8,8,1,0.8356798045165633,0.15074474658920797,0.013575446404150614,0.9999226331710815
Picea/TreeScanPL_plot3702404_tree31.npy,train,7,7,1,0.776114182104924,0.026294080983798204,0.19759173451705495,0.9933093786239624
Pinus/TreeScanPL_plot3702404_tree32.npy,train,8,8,1,0.7941091925044759,0.18995018290357282,0.01594062124694615,0.999992847442627
Picea/TreeScanPL_plot3702404_tree33.npy,train,7,7,1,0.516915739927252,0.10663787431629505,0.3764463845058232,0.9714452028274536
Pinus/TreeScanPL_plot3702404_tree34.npy,train,8,8,1,0.858888005751584,0.12463972880495906,0.01647226125326267,0.9999672174453735
Picea/TreeScanPL_plot3702404_tree36.npy,train,7,7,1,0.8854511564865104,0.04167220887974298,0.07287663164146994,0.9997923970222473
Quercus/TreeScanPL_plot3702404_tree37.npy,train,9,9,1,0.768556789432843,0.11795258052058544,0.11349062735231832,0.9997325539588928
Picea/TreeScanPL_plot3702404_tree38.npy,train,7,7,1,0.8067248183735434,0.10800565106330458,0.0852695261311606,0.9999918937683105
Picea/TreeScanPL_plot3801904_tree1.npy,train,7,7,1,0.7084111585333207,0.07407840881184287,0.21751043095693118,0.9074814915657043
Picea/TreeScanPL_plot3801904_tree2.npy,train,7,7,1,0.8322321035456172,0.11395311290253796,0.05381477972190535,0.9999651908874512
Picea/TreeScanPL_plot3801904_tree3.npy,train,7,7,1,0.7185244165175209,0.1639630072348174,0.1175125714677525,0.9999644756317139
Picea/TreeScanPL_plot3801904_tree4.npy,train,7,7,1,0.8373894635432899,0.09565562424446562,0.06695490705603808,0.9999871253967285
Picea/TreeScanPL_plot3801904_tree6.npy,train,7,7,1,0.558677581838879,0.12515360606695292,0.3161688058969468,0.9999889135360718
Picea/TreeScanPL_plot3801904_tree7.npy,train,7,7,1,0.8981060723415619,0.05346187460973665,0.048432050562826484,0.9983490705490112
Picea/TreeScanPL_plot3801904_tree8.npy,train,7,7,1,0.8058637958226191,0.1491727548973863,0.04496344555105528,0.999981164932251
Picea/TreeScanPL_plot3801904_tree9.npy,train,7,7,1,0.6098618575216022,0.07393520180767944,0.3162029380479238,0.9999581575393677
Picea/TreeScanPL_plot3801904_tree10.npy,train,7,7,1,0.7341527348969782,0.059994800713295576,0.20585246201561655,0.9967542290687561
Picea/TreeScanPL_plot3801904_tree11.npy,train,7,7,1,0.895318760991252,0.056095286418832296,0.04858594913436683,0.9997671246528625
Pinus/TreeScanPL_plot3801904_tree13.npy,train,8,8,1,0.6512251468999075,0.16390663771350947,0.1848682138193968,0.9188764691352844
Picea/TreeScanPL_plot3801904_tree14.npy,train,7,7,1,0.859569032540875,0.06082834173695341,0.07960261986572645,0.9999898672103882
Pinus/TreeScanPL_plot3801904_tree15.npy,train,8,8,1,0.7731143863211072,0.1277607730133808,0.09912483846662018,0.9296161532402039
Picea/TreeScanPL_plot3801904_tree17.npy,train,7,7,1,0.6451447440226303,0.09607717873814359,0.2587780740664526,0.9999814033508301
Picea/TreeScanPL_plot3801904_tree18.npy,train,7,7,1,0.5554736446243168,0.06076816668766459,0.383758186224263,0.9999855756759644
Picea/TreeScanPL_plot3801904_tree19.npy,train,7,7,1,0.781712420752066,0.07894759706224859,0.13933997697967432,0.9999942779541016
Picea/TreeScanPL_plot3801904_tree20.npy,train,7,7,1,0.6733716410672848,0.1505852426380122,0.1760431107070384,0.9999948740005493
Picea/TreeScanPL_plot3801904_tree22.npy,train,7,7,1,0.6688626993851883,0.03767594214833773,0.2934613536794139,0.999985933303833
Picea/TreeScanPL_plot3801904_tree23.npy,train,7,7,1,0.6542728325646628,0.077507291231294,0.2682198726028746,0.9998817443847656
Picea/TreeScanPL_plot3801904_tree24.npy,train,7,7,1,0.6625656880784884,0.09530848882687092,0.24212581922084378,0.9999864101409912
Picea/TreeScanPL_plot3801904_tree25.npy,train,7,7,1,0.9037028814752487,0.050261962610544976,0.04603515260257553,0.9997431635856628
Picea/TreeScanPL_plot3801904_tree27.npy,train,7,7,1,0.7562592565526426,0.08909104880215507,0.15464969243060117,0.9998934268951416
Picea/TreeScanPL_plot3801904_tree28.npy,train,7,7,1,0.8616043332039961,0.06351548660533103,0.07488017804309972,0.9997623562812805
Picea/TreeScanPL_plot3801904_tree30.npy,train,7,7,1,0.764909448381305,0.025150708439378573,0.20993984098097096,0.9820596575737
Picea/TreeScanPL_plot3801904_tree32.npy,train,7,7,1,0.8284673949228559,0.10841802230268005,0.06311457877686048,0.9999878406524658
Picea/TreeScanPL_plot3801904_tree33.npy,train,7,7,1,0.7363536859315082,0.1123473218215623,0.1512989871791328,0.9999958276748657
Picea/TreeScanPL_plot3801904_tree34.npy,train,7,7,1,0.8521572700728042,0.11443315580769443,0.033409571004391556,0.9999228715896606
Picea/TreeScanPL_plot3801904_tree35.npy,train,7,7,1,0.8032520470042767,0.05698153453903525,0.1397664156322801,0.9998102784156799
Picea/TreeScanPL_plot3801904_tree36.npy,train,7,7,1,0.7207669933067327,0.09216231323616283,0.18707069000063364,0.9999773502349854
Picea/TreeScanPL_plot3801904_tree40.npy,train,7,7,1,0.8284798179437484,0.11032264633424613,0.06119753160238938,0.9999709129333496
Pinus/TreeScanPL_plot3801904_tree41.npy,train,8,8,1,0.8636427734746273,0.1024705102752561,0.033886713655843795,0.999903678894043
Picea/TreeScanPL_plot3801904_tree43.npy,train,7,7,1,0.8069731836980042,0.0846875588522934,0.10833925323943626,0.9999463558197021
Picea/TreeScanPL_plot3801904_tree45.npy,train,7,7,1,0.8829744641586221,0.08966674180613854,0.02735878978323074,0.9999791383743286
Picea/TreeScanPL_plot3801904_tree46.npy,train,7,7,1,0.705928362930771,0.10640233972177834,0.18766929248523334,0.9999886751174927
Picea/TreeScanPL_plot3801904_tree47.npy,train,7,7,1,0.7420273149487662,0.07096630669251662,0.1870063740992366,0.9999561309814453
Picea/TreeScanPL_plot3801904_tree48.npy,train,7,7,1,0.9052800781575209,0.06905796849251689,0.025661950015546,0.9999616146087646
Picea/TreeScanPL_plot3801904_tree49.npy,train,7,7,1,0.8888152649756385,0.05908353647901961,0.05210119350970766,0.9999953508377075
Picea/TreeScanPL_plot3801904_tree50.npy,train,7,7,1,0.6555111247150365,0.15212100985406032,0.19236786145405924,0.9999841451644897
Picea/TreeScanPL_plot3801904_tree51.npy,train,7,7,1,0.8159847876005912,0.05667893570691299,0.12733627367226674,0.9999382495880127
Picea/TreeScanPL_plot3801904_tree52.npy,train,7,7,1,0.5535357811443266,0.05294137918710039,0.3935228376309512,0.9999345541000366
Picea/TreeScanPL_plot3801904_tree54.npy,train,7,7,1,0.7533089436441314,0.051822400012512225,0.19486865168305884,0.9999911785125732
Picea/TreeScanPL_plot3801904_tree55.npy,train,7,7,1,0.5603268930393945,0.08931728152827764,0.35035582253547365,0.9999748468399048
Picea/TreeScanPL_plot3801904_tree57.npy,train,7,7,1,0.8037748160509162,0.09611840090189168,0.10010677945044477,0.9999521970748901
Picea/TreeScanPL_plot3801904_tree59.npy,train,7,7,1,0.8439112090029419,0.07001129821146143,0.08607748786689093,0.9999802112579346
Picea/TreeScanPL_plot3801904_tree60.npy,train,7,7,1,0.7463888426756958,0.0815123786812507,0.17209877525828438,0.9998325109481812
Picea/TreeScanPL_plot3801904_tree61.npy,train,7,7,1,0.7797941237818704,0.14158982568154174,0.07861604546407779,0.9999915361404419
Picea/TreeScanPL_plot3801904_tree63.npy,train,7,7,1,0.6689036276745732,0.05846776666597538,0.2726286019556727,0.9999969005584717
Picea/TreeScanPL_plot3801904_tree64.npy,train,7,7,1,0.6902186730353085,0.14472270852674995,0.16505861260181684,0.9999929666519165
Picea/TreeScanPL_plot3801904_tree65.npy,train,7,7,1,0.732530027030585,0.07802400778471749,0.18944595900561437,0.9999861717224121
Picea/TreeScanPL_plot3801904_tree66.npy,train,7,7,1,0.7552151722489804,0.09208619054958724,0.15269863343600656,0.9999755620956421
Picea/TreeScanPL_plot3801904_tree67.npy,train,7,7,1,0.7267811589360516,0.1637674807398675,0.10945135498748204,0.9999961853027344
Picea/TreeScanPL_plot3801904_tree69.npy,train,7,7,1,0.7652984027799775,0.059383282870634505,0.17531831268449272,0.999792754650116
Picea/TreeScanPL_plot3801904_tree70.npy,train,7,7,1,0.8894377569479799,0.06373644897161754,0.04682579139490311,0.9999479055404663
Picea/TreeScanPL_plot3801904_tree71.npy,train,7,7,1,0.6701870160742553,0.06953191606824534,0.26028106461294825,0.9999805688858032
Picea/TreeScanPL_plot3801904_tree72.npy,train,7,7,1,0.7232098215094185,0.10863399612212284,0.16815617814903847,0.9999662637710571
Carpinus/TreeScanPL_plot3901204_tree1.npy,train,4,4,1,0.5735688217509132,0.06771869763246796,0.358712478664508,0.9994457364082336
Quercus/TreeScanPL_plot3901204_tree2.npy,train,9,9,1,0.7073824466342785,0.0224576378543606,0.27015991245736826,0.9992641806602478
Carpinus/TreeScanPL_plot3901204_tree3.npy,train,4,4,1,0.720056485919187,0.0359437376947563,0.24399977507104462,0.9963992834091187
Quercus/TreeScanPL_plot3901204_tree4.npy,train,9,9,1,0.588402306895174,0.008162248283569606,0.40343544260588987,0.9983490705490112
Pinus/TreeScanPL_plot3901204_tree5.npy,train,8,8,1,0.9505792737275942,0.04358137041512705,0.005839352996782623,0.9996871948242188
Carpinus/TreeScanPL_plot3901204_tree6.npy,train,4,4,1,0.8185883060360339,0.10601000689215004,0.07540168522241243,0.9996026158332825
Betula/TreeScanPL_plot3901204_tree8.npy,train,3,3,1,0.9116236811787456,0.04875296435141425,0.03962335277000838,0.9979519248008728
Carpinus/TreeScanPL_plot3901204_tree9.npy,train,4,4,1,0.8258523413160059,0.030177323976137347,0.14397033243373367,0.9994407296180725
Quercus/TreeScanPL_plot3901204_tree10.npy,train,9,9,1,0.7298478080792451,0.05772570747990873,0.21242648205185838,0.9994844198226929
Quercus/TreeScanPL_plot3901204_tree11.npy,train,9,9,1,0.7629782555319555,0.03013038307366858,0.20689135786206458,0.9992617964744568
Quercus/TreeScanPL_plot3901204_tree12.npy,train,9,9,1,0.7765580792958054,0.03656064622409163,0.18688127142787528,0.9994254112243652
Pinus/TreeScanPL_plot3901204_tree13.npy,train,8,8,1,0.91305688776755,0.04493094052554709,0.04201216978796691,0.94465571641922
Quercus/TreeScanPL_plot3901204_tree16.npy,train,9,9,1,0.7624059471478323,0.07409760599892694,0.16349644389804016,0.9996242523193359
Quercus/TreeScanPL_plot3901204_tree17.npy,train,9,9,1,0.7613830313792064,0.0437848245883753,0.1948321415154636,0.9997685551643372
Carpinus/TreeScanPL_plot3901204_tree18.npy,train,4,4,1,0.8336590593694013,0.037564113974218036,0.12877682492691084,0.9998000264167786
Quercus/TreeScanPL_plot3901204_tree19.npy,train,9,9,1,0.7207428678450174,0.059622990254384646,0.21963413987520786,0.9996980428695679
Pinus/TreeScanPL_plot3901204_tree21.npy,train,8,8,1,0.8953042017651095,0.07466282661810913,0.030032968956577054,0.973414957523346
Pinus/TreeScanPL_plot3901204_tree22.npy,train,8,8,1,0.9357035691860409,0.05969400163857492,0.004602426926362191,0.9968754053115845
Quercus/TreeScanPL_plot3901204_tree23.npy,train,9,9,1,0.6660689378233661,0.03994750769255706,0.29398355285842587,0.9793395400047302
Pinus/TreeScanPL_plot3901204_tree24.npy,train,8,8,1,0.7923224491039326,0.09982895239762064,0.10784859571431905,0.9958378076553345
Quercus/TreeScanPL_plot3901204_tree25.npy,train,9,9,1,0.8166400743576557,0.04278859150135238,0.14057132935396266,0.9997833371162415
Pinus/TreeScanPL_plot3901204_tree26.npy,train,8,8,1,0.9509931229093533,0.04350699243385434,0.005499881335447946,0.9993628859519958
Pinus/TreeScanPL_plot3901204_tree27.npy,train,8,8,1,0.9148006383381143,0.07977088992945464,0.005428468900156692,0.9987437129020691
Quercus/TreeScanPL_plot3901204_tree28.npy,train,9,9,1,0.7684959773148715,0.04182841501206038,0.18967560520703827,0.9988585710525513
Pinus/TreeScanPL_plot3901204_tree29.npy,train,8,8,1,0.9270950955146725,0.06385011587826998,0.009054786322751836,0.9997654557228088
Quercus/TreeScanPL_plot3901204_tree31.npy,train,9,9,1,0.7232350163395619,0.04725428789705286,0.22951069299079388,0.9997815489768982
Carpinus/TreeScanPL_plot3901204_tree32.npy,train,4,4,1,0.8114440403408051,0.021875749541327066,0.16668020689760135,0.9997655749320984
Quercus/TreeScanPL_plot3901204_tree33.npy,train,9,9,1,0.6426966776749671,0.032464894946429866,0.3248384257637674,0.98780357837677
Quercus/TreeScanPL_plot3901204_tree34.npy,train,9,9,1,0.6894143276095136,0.022032828428047255,0.2885528421242607,0.9993723034858704
Quercus/TreeScanPL_plot3901204_tree35.npy,train,9,9,1,0.7936368128803606,0.07286280692358334,0.13350037614011173,0.9997798800468445
Carpinus/TreeScanPL_plot3901204_tree38.npy,train,4,4,1,0.6378493481679929,0.03763844371875255,0.32451220546283494,0.9999662637710571
Pinus/TreeScanPL_plot3901204_tree39.npy,train,8,8,1,0.9569581684811878,0.03673805078581583,0.006303777953466497,0.9989751577377319
Pinus/TreeScanPL_plot3901204_tree40.npy,train,8,8,1,0.9027281931753426,0.08798073113014604,0.00929107262750041,0.999866247177124
Quercus/TreeScanPL_plot3901204_tree42.npy,train,9,9,1,0.7756445916335885,0.08436266895726963,0.13999273669190643,0.9991982579231262
Carpinus/TreeScanPL_plot3901204_tree43.npy,train,4,4,1,0.8994960776944182,0.05585131346345901,0.04465260724953476,0.9898972511291504
Quercus/TreeScanPL_plot3901204_tree44.npy,train,9,9,1,0.8228997938981858,0.07831191361253283,0.09878828902546041,0.9995866417884827
Quercus/TreeScanPL_plot3901204_tree45.npy,train,9,9,1,0.5987106030596389,0.026596056792035652,0.374693338045915,0.9985621571540833
Carpinus/TreeScanPL_plot3901204_tree46.npy,train,4,4,1,0.8130377708068198,0.03768450882611147,0.14927771834412668,0.9999310970306396
Pinus/TreeScanPL_plot3901204_tree47.npy,train,8,8,1,0.8543413089488974,0.10817995716243937,0.03747873067542601,0.9946649074554443
Carpinus/TreeScanPL_plot3901204_tree48.npy,train,4,4,1,0.8501339370638622,0.03651778386138639,0.1133482765429127,0.9999544620513916
Carpinus/TreeScanPL_plot3901204_tree49.npy,train,4,4,1,0.9037911192627296,0.047681184672574546,0.04852769380813409,0.9991921782493591
Quercus/TreeScanPL_plot3901204_tree51.npy,train,9,9,1,0.7785171530756779,0.05845471017971371,0.1630281337096877,0.9995848536491394
Quercus/TreeScanPL_plot3901204_tree52.npy,train,9,9,1,0.8457183971339683,0.04110255825755786,0.11317904229391063,0.9991545677185059
Quercus/TreeScanPL_plot3901204_tree53.npy,train,9,9,1,0.7448008444214461,0.031237364054891706,0.2239617900776214,0.9856774806976318
Quercus/TreeScanPL_plot3901204_tree54.npy,train,9,9,1,0.7706458092869878,0.05205282389476942,0.17730136371112323,0.9994654059410095
Picea/TreeScanPL_plot4001004_tree3.npy,train,7,7,1,0.9210482220624907,0.03791968325782228,0.04103209176011597,0.9998339414596558
Pinus/TreeScanPL_plot4001004_tree4.npy,train,8,8,1,0.7790273095899694,0.18745394925044434,0.033518736893122465,0.9999895095825195
Pinus/TreeScanPL_plot4001004_tree5.npy,train,8,8,1,0.8289601877185303,0.14656614560860767,0.02447366341830095,0.9999486207962036
Pinus/TreeScanPL_plot4001004_tree6.npy,train,8,8,1,0.7891345825645955,0.18085153405399648,0.030013880570721328,0.9997603297233582
Pinus/TreeScanPL_plot4001004_tree7.npy,train,8,8,1,0.8109164342230998,0.15141815275770815,0.03766540906096877,0.9999779462814331
Picea/TreeScanPL_plot4001004_tree8.npy,train,7,7,1,0.8491698838821305,0.12424750645971253,0.02658260589929093,0.9999853372573853
Pinus/TreeScanPL_plot4001004_tree10.npy,train,8,8,1,0.8387413198450515,0.15102583037744086,0.010232847165027863,0.9999661445617676
Picea/TreeScanPL_plot4001004_tree11.npy,train,7,7,1,0.9065530518881517,0.031030971813149708,0.062415974112151454,0.9989328980445862
Picea/TreeScanPL_plot4001004_tree12.npy,train,7,7,1,0.815971732434231,0.07907661101667997,0.10495165454765887,0.9991921782493591
Pinus/TreeScanPL_plot4001004_tree13.npy,train,8,8,1,0.6940279423927754,0.29244675587920294,0.013525298808157702,0.9996263980865479
Pinus/TreeScanPL_plot4001004_tree14.npy,train,8,8,1,0.8275324791571381,0.1328321503478222,0.039635366528987824,0.9999356269836426
Picea/TreeScanPL_plot4001004_tree17.npy,train,7,7,1,0.6002312943896596,0.11933284730630678,0.2804358553067631,0.9999682903289795
Picea/TreeScanPL_plot4001004_tree18.npy,train,7,7,1,0.8919298425760022,0.03108263753997095,0.07698751768694967,0.996980607509613
Picea/TreeScanPL_plot4001004_tree19.npy,train,7,7,1,0.7653479667320572,0.08528963760429592,0.14936239029399717,0.9999955892562866
Pinus/TreeScanPL_plot4001004_tree20.npy,train,8,8,1,0.7166096878729127,0.26129257398477557,0.022097735592806048,0.9875237345695496
Pinus/TreeScanPL_plot4001004_tree21.npy,train,8,8,1,0.8085298211901243,0.18243632686279376,0.009033848574596898,0.9999048709869385
Picea/TreeScanPL_plot4001004_tree22.npy,train,7,7,1,0.6160551369577085,0.06006440499158579,0.3238804551693404,0.9999785423278809
Picea/TreeScanPL_plot4001004_tree23.npy,train,7,7,1,0.9281892900691141,0.0491514323950468,0.022659275641044273,0.9986984729766846
Picea/TreeScanPL_plot4001004_tree26.npy,train,7,7,1,0.9259630670771783,0.03436738785977263,0.03966954217323344,0.9999076128005981
Picea/TreeScanPL_plot4001004_tree28.npy,train,7,7,1,0.8682542814278638,0.09694310670250622,0.03480260943225183,0.9961108565330505
Pinus/TreeScanPL_plot4001004_tree30.npy,train,8,8,1,0.8449558542980127,0.13457866415294653,0.020465480109445117,0.9717364311218262
Pinus/TreeScanPL_plot4001004_tree32.npy,train,8,8,1,0.7981783101349028,0.10758550554692721,0.09423618221615074,0.9648709297180176
Quercus/TreeScanPL_plot4101604_tree1.npy,train,9,9,1,0.6755271533073727,0.10776326379679256,0.21670957911188873,0.9994946718215942
Picea/TreeScanPL_plot4101604_tree4.npy,train,7,7,1,0.567003345243606,0.11422998969562832,0.3187666626822512,0.9999117851257324
Picea/TreeScanPL_plot4101604_tree5.npy,train,7,7,1,0.6775967830950689,0.049398589524148426,0.27300462516676227,0.9992353916168213
Picea/TreeScanPL_plot4101604_tree6.npy,train,7,7,1,0.8647165487801596,0.02843934772648245,0.10684410080486802,0.9928309321403503
Carpinus/TreeScanPL_plot4101604_tree8.npy,train,4,4,1,0.9137914263822616,0.06833392516439836,0.01787464629361758,0.9993889331817627
Picea/TreeScanPL_plot4101604_tree9.npy,train,7,7,1,0.7903936516340703,0.017318655392268803,0.19228769046444097,0.9967547059059143
Acer/TreeScanPL_plot4101604_tree11.npy,train,1,1,1,0.9112421099927853,0.03578264603349218,0.052975241237744705,0.9591865539550781
Quercus/TreeScanPL_plot4101604_tree13.npy,train,9,9,1,0.6045527925004534,0.2782870946499801,0.11716011073996221,0.934719443321228
Picea/TreeScanPL_plot4101604_tree16.npy,train,7,7,1,0.8859496422465754,0.05110184012761974,0.06294851324686093,0.9999767541885376
Picea/TreeScanPL_plot4101604_tree17.npy,train,7,7,1,0.5771418129808619,0.07025812438633564,0.3526000602557489,0.9999614953994751
Pinus/TreeScanPL_plot4101604_tree18.npy,train,8,8,1,0.8664557945220427,0.11860994031865318,0.014934262987280336,0.9628875255584717
Quercus/TreeScanPL_plot4101604_tree19.npy,train,9,9,1,0.6779329177476369,0.17409401624222773,0.14797306290367418,0.9991146922111511
Picea/TreeScanPL_plot4101604_tree20.npy,train,7,7,1,0.6658703605581998,0.08817522067959954,0.24595441497806714,0.9999877214431763
Quercus/TreeScanPL_plot4101604_tree22.npy,train,9,9,1,0.7256156147170639,0.12002253065066097,0.15436185021275384,0.9998664855957031
Pinus/TreeScanPL_plot4101604_tree23.npy,train,8,8,1,0.8101151686106668,0.174372316215615,0.015512512256175112,0.999261200428009
Picea/TreeScanPL_plot4101604_tree24.npy,train,7,7,1,0.6596430980016947,0.04906380174585013,0.2912930984627773,0.9458847045898438
Quercus/TreeScanPL_plot4101604_tree26.npy,train,9,9,1,0.7321708943652334,0.11121698914057276,0.1566121124525529,0.9998598098754883
Picea/TreeScanPL_plot4101604_tree27.npy,train,7,7,1,0.6063874115108423,0.05865113906700181,0.3349614461192407,0.9998395442962646
Quercus/TreeScanPL_plot4101604_tree28.npy,train,9,9,1,0.6740447614131793,0.2082408821570823,0.11771435444160591,0.979686975479126
Pinus/TreeScanPL_plot4101604_tree31.npy,train,8,8,1,0.815417795444757,0.16225270668253128,0.02232949563214215,0.9135857224464417
Picea/TreeScanPL_plot4101604_tree32.npy,train,7,7,1,0.8602383215729854,0.03456325359871298,0.10519842094093702,0.9999557733535767
Acer/TreeScanPL_plot4101604_tree33.npy,train,1,1,1,0.7863840677393632,0.09707509965747974,0.11654083019764123,0.9599379897117615
Picea/TreeScanPL_plot4101604_tree34.npy,train,7,7,1,0.757282799576345,0.04041307165808292,0.2023041249589606,0.9999213218688965
Picea/TreeScanPL_plot4101604_tree35.npy,train,7,7,1,0.8940195031472902,0.039072999322850466,0.06690749480543304,0.9994681477546692
Pinus/TreeScanPL_plot4101604_tree36.npy,train,8,8,1,0.8742426946320082,0.11521620883685502,0.010541093297448756,0.9999287128448486
Picea/TreeScanPL_plot4101604_tree38.npy,train,7,7,1,0.9151268855621932,0.05109490187540489,0.03377820878089859,0.9998026490211487
Picea/TreeScanPL_plot4101604_tree39.npy,train,7,7,1,0.6430111996428376,0.0698576672397849,0.28713113113358785,0.9988686442375183
Picea/TreeScanPL_plot4101604_tree40.npy,train,7,7,1,0.6539941267887626,0.041998596260982984,0.30400727340184164,0.9999728202819824
Picea/TreeScanPL_plot4101604_tree42.npy,train,7,7,1,0.6028122507199842,0.06462453315093224,0.3325632134474253,0.9999059438705444
Carpinus/TreeScanPL_plot4101604_tree44.npy,train,4,4,1,0.9418520086753452,0.03173413700476452,0.02641385234293425,0.9994550347328186
Pinus/TreeScanPL_plot4101604_tree45.npy,train,8,8,1,0.7889440979070398,0.19937180114262115,0.011684098764771165,0.9999088048934937
Quercus/TreeScanPL_plot4101604_tree46.npy,train,9,9,1,0.7822631488571211,0.10072514350081947,0.11701170474627982,0.9994885921478271
Pinus/TreeScanPL_plot4201404_tree1.npy,train,8,8,1,0.8233318818805665,0.11512598170641097,0.06154213409509411,0.9960808157920837
Picea/TreeScanPL_plot4201404_tree2.npy,train,7,7,1,0.8077068726160118,0.05434945176054691,0.13794367359482068,0.9996947050094604
Pinus/TreeScanPL_plot4201404_tree4.npy,train,8,8,1,0.8725912091018699,0.1148919647643645,0.012516823667517002,0.999241828918457
Pinus/TreeScanPL_plot4201404_tree5.npy,train,8,8,1,0.7154694159243382,0.16710730940585575,0.11742327226294136,0.9790738821029663
Pinus/TreeScanPL_plot4201404_tree6.npy,train,8,8,1,0.7892060593604088,0.17620666711915625,0.03458727032119133,0.9773570895195007
Pinus/TreeScanPL_plot4201404_tree7.npy,train,8,8,1,0.7619380481886134,0.2174257580162554,0.020636190590843186,0.9997195601463318
Pinus/TreeScanPL_plot4201404_tree9.npy,train,8,8,1,0.8125050965271904,0.14783921879270345,0.03965568098986913,0.9929343461990356
Carpinus/TreeScanPL_plot4201404_tree10.npy,train,4,4,1,0.724131233788485,0.058054085256779304,0.2178146790588994,0.999950647354126
Pinus/TreeScanPL_plot4201404_tree12.npy,train,8,8,1,0.7129582832711094,0.16658127287810776,0.12046044203651733,0.9693822860717773
Pinus/TreeScanPL_plot4201404_tree14.npy,train,8,8,1,0.797894332029758,0.14740359579032553,0.054702069777920304,0.8473561406135559
Picea/TreeScanPL_plot4201404_tree15.npy,train,7,7,1,0.7759247662928208,0.05459710240422617,0.16947812683306912,0.999996542930603
Picea/TreeScanPL_plot4201404_tree16.npy,train,7,7,1,0.8784857932985931,0.05760092706573369,0.063913276965014,0.9997649788856506
Picea/TreeScanPL_plot4201404_tree18.npy,train,7,7,1,0.523705076149557,0.11517253525647034,0.3611223866851625,0.9999382495880127
Pinus/TreeScanPL_plot4201404_tree19.npy,train,8,8,1,0.7749010593803214,0.20934664759491925,0.015752289909804013,0.9999756813049316
Carpinus/TreeScanPL_plot4201404_tree20.npy,train,4,4,1,0.79250206866746,0.05815301577679961,0.14934491264325653,0.9999741315841675
Pinus/TreeScanPL_plot4201404_tree21.npy,train,8,8,1,0.7854623513323403,0.06937033717878455,0.14516730951700188,0.9185952544212341
Carpinus/TreeScanPL_plot4201404_tree22.npy,train,4,4,1,0.7972002558226371,0.04870412896008161,0.1540956135941983,0.9997319579124451
Picea/TreeScanPL_plot4201404_tree23.npy,train,7,7,1,0.7155154820755331,0.08141803518263185,0.2030664806131414,0.9989049434661865
Carpinus/TreeScanPL_plot4201404_tree24.npy,train,4,4,1,0.7053837183763413,0.05759082884814666,0.23702545102735775,0.9969929456710815
Pinus/TreeScanPL_plot4201404_tree25.npy,train,8,8,1,0.7016984283576178,0.2808351643095616,0.017466403964123307,0.9999865293502808
Picea/TreeScanPL_plot4201404_tree26.npy,train,7,7,1,0.9315204896683341,0.043494012789828215,0.02498549503751749,0.9997473359107971
Pinus/TreeScanPL_plot4201404_tree29.npy,train,8,8,1,0.806497765040492,0.1716919880657355,0.0218102447492071,0.8936089277267456
Picea/TreeScanPL_plot4201404_tree31.npy,train,7,7,1,0.8961696469584045,0.06420140617392926,0.039628942872098165,0.9998260140419006
Acer/TreeScanPL_plot4201404_tree32.npy,train,1,1,1,0.8698756346959915,0.11824755612161442,0.011876806972566446,0.9965921640396118
Pinus/TreeScanPL_plot4201404_tree34.npy,train,8,8,1,0.8125444697838654,0.14136562125410918,0.04608990552036047,0.999242901802063
Picea/TreeScanPL_plot4201404_tree35.npy,train,7,7,1,0.5981970990823424,0.11159565570820373,0.29020724218744115,0.9999873638153076
Pinus/TreeScanPL_plot4201404_tree36.npy,train,8,8,1,0.8585024635669622,0.10668267447138559,0.0348148594409957,0.9515835642814636
Carpinus/TreeScanPL_plot4201404_tree37.npy,train,4,4,1,0.7652331096087389,0.04750716246825701,0.1872597261505278,0.997189462184906
Pinus/TreeScanPL_plot4201404_tree38.npy,train,8,8,1,0.714182346648428,0.19955849832051306,0.08625915350998087,0.7822889685630798
Picea/TreeScanPL_plot4601204_tree1.npy,train,7,7,1,0.9014864664567835,0.07303162270909129,0.025481906196370516,0.9999610185623169
Pinus/TreeScanPL_plot4601204_tree2.npy,train,8,8,1,0.7493591995383748,0.21000048702230803,0.04064030977890124,0.999914288520813
Pinus/TreeScanPL_plot4601204_tree3.npy,train,8,8,1,0.7715887338779781,0.20742723702188204,0.020984026305875585,0.9999821186065674
Picea/TreeScanPL_plot4601204_tree4.npy,train,7,7,1,0.8772768897518161,0.041673962266336476,0.08104914231322738,0.9999949932098389
Picea/TreeScanPL_plot4601204_tree5.npy,train,7,7,1,0.9207571530356523,0.04787890050428848,0.03136394163531952,0.9999904632568359
Pinus/TreeScanPL_plot4601204_tree6.npy,train,8,8,1,0.8521985818159262,0.10073111300559387,0.04707030125283447,0.9994800686836243
Picea/TreeScanPL_plot4601204_tree7.npy,train,7,7,1,0.6965914849599355,0.04711492273864897,0.25629358973167177,0.9998856782913208
Picea/TreeScanPL_plot4601204_tree8.npy,train,7,7,1,0.8887516761501327,0.07266429825533072,0.03858401897170531,0.9999947547912598
Picea/TreeScanPL_plot4601204_tree9.npy,train,7,7,1,0.9368698694411003,0.03671521650582124,0.026414909935907855,0.9999852180480957
Picea/TreeScanPL_plot4601204_tree10.npy,train,7,7,1,0.7809934926370176,0.0806382546268164,0.1383682481071075,0.999994158744812
Picea/TreeScanPL_plot4601204_tree11.npy,train,7,7,1,0.9073172877492424,0.06295281163616967,0.029729897170056495,0.9997977614402771
Pinus/TreeScanPL_plot4601204_tree13.npy,train,8,8,1,0.8112884267086536,0.16798719261986436,0.020724376790731507,0.9996469020843506
Pinus/TreeScanPL_plot4601204_tree14.npy,train,8,8,1,0.8358742436733103,0.07570410425319961,0.0884216503636509,0.9959178566932678
Picea/TreeScanPL_plot4601204_tree15.npy,train,7,7,1,0.905342257046717,0.02973353113462068,0.06492420922711331,0.9995970129966736
Pinus/TreeScanPL_plot4601204_tree16.npy,train,8,8,1,0.7666607207533486,0.21744097287660819,0.01589830389708602,0.9999608993530273
Picea/TreeScanPL_plot4601204_tree17.npy,train,7,7,1,0.7328541374349771,0.08584557546978344,0.18130028295286768,0.9999960660934448
Picea/TreeScanPL_plot4601204_tree18.npy,train,7,7,1,0.926017776935628,0.030476898948066388,0.04350532037827421,0.9999822378158569
Picea/TreeScanPL_plot4601204_tree19.npy,train,7,7,1,0.6568023385368447,0.07987020030637733,0.2633274580487643,0.9999847412109375
Picea/TreeScanPL_plot4601204_tree20.npy,train,7,7,1,0.8977224696630202,0.06339266354196768,0.03888486431723266,0.9995874762535095
Picea/TreeScanPL_plot4601204_tree21.npy,train,7,7,1,0.9009265163693262,0.037487480871755206,0.06158599631677299,0.9999972581863403
Picea/TreeScanPL_plot4601204_tree22.npy,train,7,7,1,0.6999064260507865,0.04687699902513673,0.2532165719917847,0.9998365640640259
Picea/TreeScanPL_plot4601204_tree23.npy,train,7,7,1,0.8412611870029455,0.06409541577184527,0.09464339267550059,0.9999842643737793
Picea/TreeScanPL_plot4601204_tree24.npy,train,7,7,1,0.8810455256528044,0.03388764274157885,0.0850668266367417,0.9999923706054688
Pinus/TreeScanPL_plot4601204_tree25.npy,train,8,8,1,0.8899799338187855,0.0579058278547802,0.052114234618934274,0.9994182586669922
Pinus/TreeScanPL_plot4601204_tree26.npy,train,8,8,1,0.8963082767419225,0.05641527404154976,0.04727644509296109,0.9998400211334229
Picea/TreeScanPL_plot4601204_tree27.npy,train,7,7,1,0.810556810970891,0.09949435048178633,0.08994883463131036,0.999958872795105
Pinus/TreeScanPL_plot4601204_tree28.npy,train,8,8,1,0.7659472152029606,0.21938996466864363,0.014662817108065093,0.9993025064468384
Picea/TreeScanPL_plot4601204_tree29.npy,train,7,7,1,0.6594841359332858,0.059725111331570394,0.2807907505712811,0.9999709129333496
Pinus/TreeScanPL_plot4601204_tree30.npy,train,8,8,1,0.8009554968068775,0.1478186241878562,0.05122587535094617,0.9991449117660522
Pinus/TreeScanPL_plot4601204_tree31.npy,train,8,8,1,0.7622921253802218,0.22286854107415877,0.014839329926640995,0.9999679327011108
Pinus/TreeScanPL_plot4601204_tree32.npy,train,8,8,1,0.8726011858755488,0.1074102918962189,0.01998851971565859,0.9996187686920166
Pinus/TreeScanPL_plot4601204_tree33.npy,train,8,8,1,0.7585207152827911,0.16875985857752918,0.07271942355865173,0.9563755393028259
Pinus/TreeScanPL_plot4601204_tree35.npy,train,8,8,1,0.8339179886351533,0.07360410104622084,0.09247790859614737,0.906982421875
Fagus/Weiser_FagSyl_BR01_02.npy,train,5,5,1,0.4002702848807322,0.508776854299324,0.09095285878482966,0.9048714637756348
Fagus/Weiser_FagSyl_BR01_03.npy,train,5,5,1,0.4071092816743664,0.5305852792434724,0.062305437491497605,0.7816693186759949
Fagus/Weiser_FagSyl_BR01_04.npy,train,5,5,1,0.4947844348325473,0.4333191930302755,0.07189636990484587,0.900278627872467
Fagus/Weiser_FagSyl_BR01_05.npy,train,5,4,0,0.6883326209997318,0.2502998710694462,0.061367505171900996,0.423282265663147
Quercus/Weiser_QuePet_BR01_01.npy,train,9,9,1,0.8049251568281213,0.13589744535750634,0.05917739564712547,0.9997997879981995
Quercus/Weiser_QuePet_BR01_03.npy,train,9,9,1,0.8579951023648111,0.09832911085166718,0.043675784459674044,0.999757707118988
Quercus/Weiser_QuePet_BR01_04.npy,train,9,9,1,0.7417663097576747,0.19139227540278073,0.06684141304143379,0.9992049336433411
Quercus/Weiser_QuePet_BR01_06.npy,train,9,9,1,0.7858202339745481,0.13774199786235375,0.07643776618577491,0.9993382096290588
Quercus/Weiser_QuePet_BR01_07.npy,train,9,9,1,0.8156321507476502,0.12337571656053939,0.060992130555304246,0.9998161196708679
Quercus/Weiser_QuePet_BR01_08.npy,train,9,9,1,0.7710070416283162,0.16937535001675655,0.059617606235655915,0.9998255372047424
Quercus/Weiser_QuePet_BR01_09.npy,train,9,9,1,0.8136441082930862,0.14795036519712204,0.03840552404595455,0.9998470544815063
Quercus/Weiser_QuePet_BR01_10.npy,train,9,9,1,0.7906578588856644,0.1368106116187988,0.07253152788563089,0.9973942041397095
Fagus/Weiser_FagSyl_BR02_02.npy,train,5,5,1,0.6188148758937183,0.28671154605139265,0.09447357630514419,0.8572853207588196
Fagus/Weiser_FagSyl_BR02_03.npy,train,5,1,0,0.6889386490930252,0.08130599975166497,0.22975534891699648,0.39965924620628357
Fagus/Weiser_FagSyl_BR02_04.npy,train,5,5,1,0.8017394557149742,0.11784399713060456,0.08041654513847991,0.9979395270347595
Picea/Weiser_PicAbi_BR02_02.npy,train,7,7,1,0.8829319496732688,0.07905745773160802,0.03801059004609517,0.9974327683448792
Picea/Weiser_PicAbi_BR02_03.npy,train,7,7,1,0.8510951510287339,0.11238966977160492,0.03651517627648449,0.997820258140564
Picea/Weiser_PicAbi_BR02_04.npy,train,7,7,1,0.6664423723442296,0.14866168255443843,0.18489594331214673,0.8623448610305786
Picea/Weiser_PicAbi_BR02_06.npy,train,7,7,1,0.855727369239954,0.10395404879916009,0.04031857980199299,0.990812361240387
Picea/Weiser_PicAbi_BR02_07.npy,train,7,7,1,0.883795160000705,0.09854385142056875,0.017660986799788215,0.9779106974601746
Picea/Weiser_PicAbi_BR02_08.npy,train,7,7,1,0.9352691817985882,0.044627733205727445,0.020103082914708414,0.9969139099121094
Picea/Weiser_PicAbi_BR02_10.npy,train,7,7,1,0.9290314713670332,0.04089550107615359,0.030073025787129944,0.9792546629905701
Picea/Weiser_PicAbi_BR02_11.npy,train,7,7,1,0.9012049863864477,0.06912261185828772,0.029672398986991064,0.9915586709976196
Picea/Weiser_PicAbi_BR02_12.npy,train,7,7,1,0.9595418440866044,0.017591426096229122,0.022866727957287947,0.8908601403236389
Picea/Weiser_PicAbi_BR02_13.npy,train,7,7,1,0.8246728467953386,0.11906954624097003,0.056257605150087694,0.8991602659225464
Picea/Weiser_PicAbi_BR02_15.npy,train,7,9,0,0.5752796587710733,0.33303417162770027,0.09168616752733698,0.5968430638313293
Picea/Weiser_PicAbi_BR02_16.npy,train,7,7,1,0.9264251075139642,0.03983393669825126,0.033740953497790015,0.8080433011054993
Picea/Weiser_PicAbi_BR02_17.npy,train,7,7,1,0.9076594956645826,0.043041597138030935,0.04929890523709072,0.6757028102874756
Picea/Weiser_PicAbi_BR02_18.npy,train,7,7,1,0.876618976447471,0.06397308124907981,0.05940794011476866,0.9801118969917297
Pinus/Weiser_PinSyl_BR02_01.npy,train,8,9,0,0.7778933029231954,0.12527735487226835,0.09682933981101347,0.49757009744644165
Pinus/Weiser_PinSyl_BR02_02.npy,train,8,8,1,0.9218406825062408,0.047660029426095145,0.030499286053974683,0.752977728843689
Pinus/Weiser_PinSyl_BR02_03.npy,train,8,8,1,0.8774086962891658,0.09387309603387978,0.028718205548246955,0.7114407420158386
Pinus/Weiser_PinSyl_BR02_04.npy,train,8,9,0,0.690641888646835,0.1649496603432343,0.14440844882238554,0.7146788835525513
Pinus/Weiser_PinSyl_BR02_06.npy,train,8,8,1,0.9242637340442723,0.05097297093383932,0.024763293174378247,0.9932807087898254
Pinus/Weiser_PinSyl_BR02_07.npy,train,8,8,1,0.9213072075435184,0.03718405497846415,0.04150873570566662,0.7996633052825928
Pinus/Weiser_PinSyl_BR02_08.npy,train,8,8,1,0.9283377404847454,0.039545296541638936,0.03211696093488837,0.8728184103965759
Pinus/Weiser_PinSyl_BR02_10.npy,train,8,8,1,0.9439247449192135,0.028179486157129403,0.027895767132595266,0.8327417969703674
Quercus/Weiser_QuePet_BR02_02.npy,train,9,9,1,0.8798933752851344,0.07214539104724942,0.047961231149897955,0.9599797129631042
Quercus/Weiser_QuePet_BR02_03.npy,train,9,5,0,0.5989264464909569,0.27509173686228405,0.12598181468950279,0.7596536874771118
Quercus/Weiser_QuePet_BR02_04.npy,train,9,9,1,0.787719378271647,0.12745149508205392,0.08482912384424028,0.5885822772979736
Quercus/Weiser_QuePet_BR02_05.npy,train,9,9,1,0.8488262294594371,0.07600915364476792,0.07516461400421648,0.9864777326583862
Quercus/Weiser_QuePet_BR02_06.npy,train,9,9,1,0.7934431214057152,0.11770890902672831,0.08884796647079181,0.9785948395729065
Quercus/Weiser_QuePet_BR02_08.npy,train,9,9,1,0.7635854494481481,0.19065512215399016,0.04575942590073747,0.9992350339889526
Quercus/Weiser_QuePet_BR02_09.npy,train,9,9,1,0.8065631142471893,0.08586122149336349,0.10757566193780765,0.6404882669448853
Quercus/Weiser_QuePet_BR02_10.npy,train,9,9,1,0.7754543692837838,0.09137256151902136,0.13317306702994716,0.6745479106903076
Abies/Weiser_AbiAlb_BR03_01.npy,train,0,0,1,0.7841060469245551,0.09005356719377806,0.12584038424151595,0.9871364831924438
Abies/Weiser_AbiAlb_BR03_02.npy,train,0,0,1,0.7384211397526272,0.18798374857453595,0.07359511009142683,0.7559483647346497
Abies/Weiser_AbiAlb_BR03_04.npy,train,0,0,1,0.8175433347723937,0.07927198068094951,0.10318468288494297,0.8611794114112854
Acer/Weiser_AcePse_BR03_01.npy,train,1,1,1,0.8284104184738839,0.09868542161294698,0.07290415735386459,0.999509334564209
Acer/Weiser_AcePse_BR03_03.npy,train,1,1,1,0.6674863191434749,0.15671391960991318,0.17579975964085306,0.8050354719161987
Acer/Weiser_AcePse_BR03_04.npy,train,1,1,1,0.8123718623279701,0.08574524444599775,0.10188289075460905,0.9974410533905029
Acer/Weiser_AcePse_BR03_05.npy,train,1,1,1,0.9587551750659046,0.007241674411062597,0.03400314819393217,0.9999696016311646
Acer/Weiser_AcePse_BR03_06.npy,train,1,1,1,0.910018954414374,0.03253394391815918,0.05744709992423368,0.9993769526481628
Acer/Weiser_AcePse_BR03_P16T12.npy,train,1,1,1,0.6924437194984842,0.13315332195172522,0.17440295567506303,0.6003126502037048
Carpinus/Weiser_CarBet_BR03_01.npy,train,4,4,1,0.6897154910215805,0.18347179941974545,0.12681270746334092,0.9065014719963074
Carpinus/Weiser_CarBet_BR03_P16T10.npy,train,4,4,1,0.7494424226518481,0.1766346973451847,0.07392287722802868,0.9446535110473633
Carpinus/Weiser_CarBet_BR03_P16T11.npy,train,4,4,1,0.7197571356816715,0.19027580369436367,0.08996705845676504,0.9740176200866699
Larix/Weiser_LarDec_BR03_01.npy,train,6,6,1,0.6070778350708466,0.07185540596315286,0.32106675719575223,0.4137387275695801
Picea/Weiser_PicAbi_BR03_01.npy,train,7,7,1,0.8996723774536386,0.06792947825313511,0.032398142526025894,0.5769667029380798
Picea/Weiser_PicAbi_BR03_02.npy,train,7,7,1,0.878911741814617,0.09658733775119674,0.024500918067108277,0.9594544172286987
Quercus/Weiser_QueRob_BR03_01.npy,train,9,4,0,0.5983556718065624,0.2565012925119779,0.14514303342541537,0.7750549912452698
Quercus/Weiser_QueRob_BR03_02.npy,train,9,9,1,0.7357196595146941,0.2031170560701566,0.06116328284616563,0.8058062791824341
Quercus/Weiser_QueRob_BR03_03.npy,train,9,9,1,0.8870520089529642,0.059749630260932725,0.05319835896871193,0.9951944947242737
Quercus/Weiser_QueRob_BR03_P16T7.npy,train,9,4,0,0.6000887923462161,0.33458374733105256,0.06532745798856454,0.4688259959220886
Carpinus/Weiser_CarBet_BR05_P8T3.npy,train,4,4,1,0.5526815489687884,0.3097013374186127,0.13761711151870837,0.6484602093696594
Carpinus/Weiser_CarBet_BR05_P9T6.npy,train,4,4,1,0.7094996578243581,0.22000580802827302,0.07049453217057845,0.9568428993225098
Fagus/Weiser_FagSyl_BR05_11.npy,train,5,5,1,0.6527059060464385,0.1402766595422941,0.20701743218441815,0.7769222259521484
Fagus/Weiser_FagSyl_BR05_12.npy,train,5,5,1,0.6602032039101844,0.2766086381537269,0.06318815546925698,0.7151309251785278
Fagus/Weiser_FagSyl_BR05_13.npy,train,5,5,1,0.6888232067220831,0.19984428385781683,0.11133250796849739,0.9055888652801514
Fagus/Weiser_FagSyl_BR05_14.npy,train,5,5,1,0.7931807657465952,0.1397339656564554,0.06708526555209005,0.9951481223106384
Fagus/Weiser_FagSyl_BR05_15.npy,train,5,5,1,0.7677179373362703,0.11766335270328192,0.11461870768436924,0.9927311539649963
Fagus/Weiser_FagSyl_BR05_16.npy,train,5,5,1,0.6909337481379478,0.19701035253076546,0.11205589738746326,0.9753611087799072
Fagus/Weiser_FagSyl_BR05_P13T1.npy,train,5,5,1,0.7163276648015383,0.16874022243759182,0.11493211114201335,0.6324616074562073
Fagus/Weiser_FagSyl_BR05_P3T5.npy,train,5,5,1,0.7324612516679748,0.2058151804993829,0.06172356621860189,0.9607573747634888
Fagus/Weiser_FagSyl_BR05_P7T2.npy,train,5,5,1,0.6218314428354881,0.316640759975978,0.061527795593269895,0.8637102842330933
Fagus/Weiser_FagSyl_BR05_P8T1.npy,train,5,5,1,0.6849334932245276,0.24659225128437018,0.06847425363806035,0.9356255531311035
Fagus/Weiser_FagSyl_BR05_P8T4.npy,train,5,5,1,0.5676704195729265,0.35102574635600126,0.08130383273696913,0.7041455507278442
Fagus/Weiser_FagSyl_BR05_P9T8.npy,train,5,5,1,0.7054160566835092,0.2499580699170719,0.04462587209995538,0.9851834177970886
Fagus/Weiser_FagSyl_BR05_P9T9.npy,train,5,5,1,0.7295418490804648,0.15708166724801342,0.11337648263244751,0.9976319074630737
Pinus/Weiser_PinSyl_BR05_02.npy,train,8,8,1,0.9222376452912103,0.015890792719647665,0.061871559876088784,0.8015422821044922
Pinus/Weiser_PinSyl_BR05_03.npy,train,8,9,0,0.6447200575979066,0.1789492844745775,0.17633065550441163,0.6219504475593567
Fagus/Weiser_FagSyl_BR07_01.npy,train,5,5,1,0.7113971143102501,0.13183575462278396,0.15676712976948415,0.9996762275695801
Fagus/Weiser_FagSyl_BR07_03.npy,train,5,5,1,0.6893656842916567,0.23460879095027468,0.07602552324739417,0.9992153644561768
Fagus/Weiser_FagSyl_BR07_04.npy,train,5,5,1,0.6667098063367636,0.2825227900627101,0.05076740186608362,0.9997126460075378
Fagus/Weiser_FagSyl_BR07_06.npy,train,5,5,1,0.7462804782025623,0.19288256448161956,0.06083695572961236,0.9996246099472046
Fagus/Weiser_FagSyl_BR07_07.npy,train,5,5,1,0.7207840234882519,0.1959579521071853,0.08325802240803147,0.9999815225601196
Fagus/Weiser_FagSyl_BR07_08.npy,train,5,5,1,0.5548359166390184,0.3514523113613592,0.09371177046010344,0.999054491519928
Fagus/Weiser_FagSyl_BR07_09.npy,train,5,5,1,0.7060862286502915,0.2600524406968183,0.03386132899812071,0.9966149926185608
Abies/Weiser_AbiAlb_SP02_01.npy,train,0,0,1,0.7811834459505446,0.03752963239533048,0.18128691998589888,0.9948216676712036
Abies/Weiser_AbiAlb_SP02_02.npy,train,0,0,1,0.8251449115510398,0.01884510480767581,0.15600998211835182,0.8199644684791565
Abies/Weiser_AbiAlb_SP02_03.npy,train,0,0,1,0.8093132855762039,0.07252546577348147,0.11816124692540711,0.9997254014015198
Abies/Weiser_AbiAlb_SP02_04.npy,train,0,0,1,0.8765134289828341,0.03355750858284655,0.08992906056567578,0.9993478655815125
Abies/Weiser_AbiAlb_SP02_05.npy,train,0,0,1,0.8987156405590323,0.024830527928574084,0.07645383012801116,0.9929870963096619
Acer/Weiser_AcePse_SP02_02.npy,train,1,4,0,0.6423843842672536,0.25536507317073126,0.10225053999560205,0.4872558116912842
Acer/Weiser_AcePse_SP02_03.npy,train,1,1,1,0.8556788324452468,0.016239507662110273,0.12808165813198194,0.9916967153549194
Acer/Weiser_AcePse_SP02_04.npy,train,1,1,1,0.7995860674518261,0.06715276101921047,0.13326116905482746,0.9714034795761108
Acer/Weiser_AcePse_SP02_06.npy,train,1,1,1,0.8129589503318533,0.07815536804902858,0.10888567953517808,0.9945916533470154
Acer/Weiser_AcePse_SP02_07.npy,train,1,1,1,0.7942727506531573,0.053886843383421465,0.15184040416352043,0.9993298053741455
Acer/Weiser_AcePse_SP02_09.npy,train,1,1,1,0.9058999222034062,0.0323174544022552,0.06178262129047905,0.9991112351417542
Acer/Weiser_AcePse_SP02_10.npy,train,1,1,1,0.8626145402337876,0.03864601019009065,0.09873944728201066,0.9999710321426392
Acer/Weiser_AcePse_SP02_13.npy,train,1,1,1,0.8823235297420539,0.057364894409459084,0.06031157410157212,0.999344527721405
Acer/Weiser_AcePse_SP02_14.npy,train,1,1,1,0.8482435842826033,0.026239587708839433,0.1255168257527624,0.9999377727508545
Acer/Weiser_AcePse_SP02_15.npy,train,1,1,1,0.8211694371056961,0.09621816416467256,0.0826123961698779,0.9999916553497314
Acer/Weiser_AcePse_BR08_01.npy,train,1,1,1,0.787915594729855,0.12411947729781633,0.08796492565973332,0.9866624474525452
Acer/Weiser_AcePse_BR08_02.npy,train,1,1,1,0.8265720566484906,0.12767621319557848,0.0457517276910396,0.9959509372711182
Acer/Weiser_AcePse_BR08_03.npy,train,1,1,1,0.8103396325705912,0.050948906469351324,0.13871145802077886,0.9482101202011108
Acer/Weiser_AcePse_BR08_04.npy,train,1,1,1,0.8174104508955112,0.055431572766526736,0.1271579744396034,0.9840669631958008
Fagus/Weiser_FagSyl_BR08_01.npy,train,5,5,1,0.7716457440022657,0.12736757998773962,0.10098667326036984,0.99993896484375
Picea/Weiser_PicAbi_BR08_02.npy,train,7,7,1,0.9542376545875741,0.024169595340426446,0.021592748016079296,0.9805301427841187
Picea/Weiser_PicAbi_BR08_03.npy,train,7,7,1,0.950120718457444,0.028692382830894207,0.021186896892177672,0.9328581094741821
Picea/Weiser_PicAbi_BR08_04.npy,train,7,7,1,0.8186136673165573,0.14069917338475454,0.04068715729784612,0.7477614283561707
Picea/Weiser_PicAbi_BR08_05.npy,train,7,7,1,0.9335461345406023,0.029592921587423018,0.03686094136350463,0.9848526120185852
Pinus/CULS_plot2_tree2101.npy,train,8,8,1,0.522050739601535,0.25241860291645013,0.22553065540490758,0.9981359243392944
Pinus/CULS_plot2_tree2102.npy,train,8,8,1,0.6047642550987306,0.27510206755716354,0.12013367495094474,0.9961603879928589
Pinus/CULS_plot2_tree2104.npy,train,8,8,1,0.6829340407378353,0.20985088650635053,0.10721506999832899,0.9998169541358948
Pinus/CULS_plot2_tree2105.npy,train,8,8,1,0.5414516473761317,0.2807826495535098,0.17776570115789528,0.9956598877906799
Pinus/CULS_plot2_tree2106.npy,train,8,8,1,0.7182492143976031,0.15942589319933412,0.12232489003328674,0.9998762607574463
Pinus/CULS_plot2_tree2107.npy,train,8,8,1,0.5184289362195947,0.34024498983061313,0.14132607182657514,0.9969137907028198
Pinus/CULS_plot2_tree2108.npy,train,8,8,1,0.581818951204293,0.3015630583768901,0.11661798783777805,0.9996508359909058
Pinus/CULS_plot2_tree2109.npy,train,8,8,1,0.5962014009482451,0.27928754242074955,0.12451105432333254,0.9995191097259521
Pinus/CULS_plot2_tree2110.npy,train,8,8,1,0.467887342005309,0.2551024337396746,0.2770102222924714,0.9866853952407837
Pinus/CULS_plot2_tree2111.npy,train,8,8,1,0.6455433704312513,0.28555050815957844,0.06890611805911497,0.9999897480010986
Pinus/CULS_plot2_tree2112.npy,train,8,8,1,0.583914239819787,0.2608431223924083,0.15524263548350964,0.9998979568481445
Pinus/CULS_plot2_tree2113.npy,train,8,8,1,0.7093351099737795,0.17709361489617573,0.11357127278171762,0.9998410940170288
Pinus/CULS_plot2_tree2114.npy,train,8,8,1,0.5035905933636168,0.3422601970726607,0.15414920749365607,0.9990935325622559
Pinus/CULS_plot2_tree2115.npy,train,8,8,1,0.6109530756158175,0.2173687463235903,0.17167817549466824,0.999580442905426
Pinus/CULS_plot2_tree2116.npy,train,8,8,1,0.5625146109211387,0.26822179018880365,0.16926359658328421,0.9983636736869812
Pinus/CULS_plot2_tree2117.npy,train,8,8,1,0.605842297192938,0.25405750016839856,0.14010020017091324,0.999722421169281
Pinus/CULS_plot2_tree2119.npy,train,8,8,1,0.6849079034023712,0.23482706439800455,0.08026502988798935,0.9996217489242554
Pinus/CULS_plot2_tree2120.npy,train,8,8,1,0.590329143409794,0.19773553929635543,0.21193531510088198,0.9997040629386902
Pinus/CULS_plot3_tree3101.npy,train,8,8,1,0.5716685580105715,0.27481745956618997,0.15351398041076553,0.9995878338813782
Pinus/CULS_plot3_tree3102.npy,train,8,8,1,0.5149385093333058,0.30847062322991786,0.1765908650689499,0.9991918206214905
Pinus/CULS_plot3_tree3104.npy,train,8,8,1,0.5740260517130138,0.2199870515897427,0.2059868945984789,0.9988065958023071
Pinus/CULS_plot3_tree3105.npy,train,8,8,1,0.68870421135739,0.208608107445049,0.10268767860473144,0.999908447265625
Pinus/CULS_plot3_tree3106.npy,train,8,8,1,0.682899288999449,0.1948558213596041,0.12224488673340363,0.999848484992981
Pinus/CULS_plot3_tree3107.npy,train,8,8,1,0.6209038802872305,0.2821722565870302,0.09692386063342259,0.9991503953933716
Pinus/CULS_plot3_tree3108.npy,train,8,8,1,0.6011750353237112,0.29650497245791746,0.10231998919652639,0.9995235204696655
Pinus/CULS_plot3_tree3110.npy,train,8,8,1,0.646304225196696,0.2027279052253396,0.15096786712481658,0.9995157718658447
Pinus/CULS_plot3_tree3111.npy,train,8,8,1,0.6379637845978554,0.2707849092056525,0.0912513033637624,0.9998618364334106
Pinus/CULS_plot3_tree3112.npy,train,8,8,1,0.7317187836874628,0.189032827867566,0.07924838503297843,0.9999643564224243
Pinus/CULS_plot3_tree3113.npy,train,8,8,1,0.5749758794243341,0.29953714501139406,0.12548697324367702,0.9893368482589722
Pinus/CULS_plot3_tree3114.npy,train,8,8,1,0.5472241668906491,0.3593393573757533,0.09343647349705723,0.9996827840805054
Pinus/CULS_plot3_tree3116.npy,train,8,8,1,0.5787885635587543,0.3135806691556524,0.10763076452230365,0.999969482421875
Pinus/CULS_plot3_tree3117.npy,train,8,8,1,0.5725652069111985,0.24272848095661692,0.1847063096132346,0.9955256581306458
Pinus/CULS_plot3_tree3118.npy,train,8,8,1,0.6041608051748693,0.25959995220797216,0.1362392405364371,0.9997372031211853
Pinus/CULS_plot3_tree3119.npy,train,8,8,1,0.5344150820376129,0.2844090478853317,0.18117586789973472,0.9991275668144226
Pinus/CULS_plot3_tree3120.npy,train,8,8,1,0.5907622523832837,0.3271328645332116,0.082104880338176,0.99953293800354
Abies/Frey2022_K1T2.npy,train,0,0,1,0.4084302499502516,0.26499983174036157,0.3265699171667071,0.9744252562522888
Abies/Frey2022_K1T3.npy,train,0,0,1,0.42545267479874255,0.2728673259195053,0.3016799981992821,0.6501366496086121
Abies/Frey2022_K2T1.npy,train,0,0,1,0.43902264934846946,0.23328405449268622,0.3276932948198084,0.9996091723442078
Abies/Frey2022_K2T2.npy,train,0,0,1,0.47378117464935,0.26526209973473197,0.26095672416354126,0.9467580914497375
Abies/Frey2022_K2T3.npy,train,0,0,1,0.46511903898470114,0.22210415279315532,0.31277680661290097,0.9994356036186218
Abies/Frey2022_K3T2.npy,train,0,0,1,0.3600122054185629,0.42365721881106244,0.21633057442071552,0.9986182451248169
Abies/Frey2022_K3T3.npy,train,0,0,1,0.3337829427617673,0.3138211646496726,0.35239589134839144,0.9997106194496155
Abies/Frey2022_K4T2.npy,train,0,0,1,0.4421883617402196,0.23541240597690796,0.3223992305796149,0.9991742968559265
Abies/Frey2022_K5T1.npy,train,0,0,1,0.37478944689869925,0.25928398531346075,0.36592656627128,0.9997718930244446
Abies/Frey2022_K5T2.npy,train,0,0,1,0.265514645607222,0.36718828029515016,0.36729707296786906,0.987534761428833
Abies/Frey2022_K5T3.npy,train,0,0,1,0.26456407508142527,0.3997612322948723,0.3356746912308872,0.9998090863227844
Abies/Frey2022_S1T1.npy,train,0,0,1,0.48384663802535377,0.322836289797401,0.19331707047181046,0.9994674324989319
Abies/Frey2022_S1T2.npy,train,0,0,1,0.5197451496059698,0.34918843087206153,0.1310664175999974,0.9999634027481079
Abies/Frey2022_S1T3.npy,train,0,0,1,0.38685367347784805,0.3369111593233072,0.2762351653838177,0.9999644756317139
Abies/Frey2022_S2T1.npy,train,0,0,1,0.422299977145158,0.3750052159988636,0.20269480500758205,0.9997562766075134
Abies/Frey2022_S2T2.npy,train,0,0,1,0.42402744823162714,0.35459441749986886,0.22137813281151655,0.9893845915794373
Abies/Frey2022_S3T1.npy,train,0,0,1,0.44530694052709896,0.3857692782921812,0.16892377964650618,0.999431312084198
Abies/Frey2022_S3T3.npy,train,0,0,1,0.30514116790800616,0.47045061178597947,0.2244082186745491,0.9998512268066406
Abies/Frey2022_S4T1.npy,train,0,0,1,0.3317965429903067,0.3544096887239632,0.3137937664021789,0.9998281002044678
Abies/Frey2022_S4T2.npy,train,0,0,1,0.4847607617759898,0.33547017872356905,0.1797690580341782,0.9983219504356384
Abies/Frey2022_S4T3.npy,train,0,0,1,0.47542103591235924,0.24122102904254505,0.283357933333811,0.9993651509284973
Abies/Frey2022_S5T1.npy,train,0,0,1,0.5196563632870408,0.38012136326006,0.1002222717084771,0.9986666440963745
Abies/Frey2022_S5T2.npy,train,0,0,1,0.3906370184428486,0.361748803114988,0.24761417691901363,0.9963196516036987
Abies/Frey2022_S5T3.npy,train,0,0,1,0.48314504188517243,0.38491140803205093,0.13194354843502193,0.9995144605636597
Larix/Frey2022_wino10_13.npy,train,6,6,1,0.6607126952141231,0.2849115150816899,0.05437578768025202,0.9993900060653687
Larix/Frey2022_wino10_144.npy,train,6,6,1,0.5445741040973057,0.38124195343153294,0.07418394065454086,0.9983425140380859
Larix/Frey2022_wino10_145.npy,train,6,6,1,0.6302778840222849,0.10477974749469995,0.2649423665539935,0.9964235424995422
Larix/Frey2022_wino10_151.npy,train,6,6,1,0.5396954668219887,0.3914711543153705,0.06883337663092408,0.9974967837333679
Larix/Frey2022_wino9_106.npy,train,6,6,1,0.6000040464565112,0.3129412119317317,0.08705473977643959,0.9985350370407104
Larix/Frey2022_wino9_123.npy,train,6,6,1,0.541424657981768,0.3711475151553283,0.08742782481698597,0.9942672848701477
Larix/Frey2022_wino9_125.npy,train,6,6,1,0.6917239446384292,0.1356548564022565,0.17262119676019286,0.9942027926445007
Larix/Frey2022_wino9_133.npy,train,6,6,1,0.4271905590039561,0.5134965616463653,0.05931287757791339,0.9894139766693115
Larix/Frey2022_wino9_134.npy,train,6,6,1,0.4929329336315633,0.3476999812215911,0.15936708290806129,0.8495255708694458
Larix/Frey2022_wino9_72.npy,train,6,6,1,0.5253290693510239,0.39944820881898635,0.07522271939470182,0.9912044405937195
Larix/Frey2022_wino9_98.npy,train,6,6,1,0.6031293844511918,0.3176232421296537,0.07924737145349106,0.9905560612678528
Larix/Frey2022_wino9_99.npy,train,6,6,1,0.5995860220908347,0.32546514243618274,0.07494883297698184,0.9972354769706726
Picea/Frey2022_102.npy,train,7,7,1,0.797894862715107,0.16256472976290856,0.03954040280934292,0.9993809461593628
Picea/Frey2022_11.npy,train,7,7,1,0.7565454905055813,0.1829365793615246,0.06051792770488865,0.8526808619499207
Picea/Frey2022_113.npy,train,7,7,1,0.7845014224809992,0.12669896563743352,0.0887996091550545,0.9990447163581848
Picea/Frey2022_114.npy,train,7,7,1,0.7255061164304327,0.23820932465215539,0.03628455687454365,0.9369242787361145
Picea/Frey2022_115.npy,train,7,9,0,0.3239112085639847,0.3785259373505443,0.2975628518490196,0.8701992630958557
Picea/Frey2022_13.npy,train,7,9,0,0.23811554480776573,0.33883071661631675,0.4230537365416091,0.7202837467193604
Picea/Frey2022_14.npy,train,7,7,1,0.6872068078805521,0.2446829537197109,0.06811023590408283,0.8444767594337463
Picea/Frey2022_142.npy,train,7,9,0,0.3365058762838112,0.38122666971143215,0.28226745198270053,0.9546905159950256
Picea/Frey2022_153.npy,train,7,7,1,0.8447625486264535,0.10111771379175256,0.054119734896904005,0.8072028160095215
Picea/Frey2022_154.npy,train,7,9,0,0.41391495047924654,0.33178444193686374,0.2543006054600579,0.9114377498626709
Picea/Frey2022_156.npy,train,7,7,1,0.7538864346930656,0.13235402766331467,0.1137595357814983,0.9423982501029968
Picea/Frey2022_157.npy,train,7,7,1,0.8341006380907892,0.10264658740014482,0.06325277215764771,0.613558828830719
Picea/Frey2022_159.npy,train,7,9,0,0.33775766219346215,0.3795073297086209,0.2827350059265361,0.9195073843002319
Picea/Frey2022_16.npy,train,7,7,1,0.8665302553793657,0.04616741140031963,0.08730232936975905,0.6790817975997925
Picea/Frey2022_166.npy,train,7,7,1,0.7738118348432625,0.18864934499949262,0.03753881544824337,0.9998407363891602
Picea/Frey2022_167.npy,train,7,7,1,0.7088863759314168,0.11506279591463286,0.1760508262007829,0.9828397631645203
Picea/Frey2022_168.npy,train,7,7,1,0.8789422135938926,0.08077782353598087,0.04027995953405835,0.9338303208351135
Picea/Frey2022_172.npy,train,7,7,1,0.8738863920609469,0.07239425522527884,0.05371934974641229,0.9985805749893188
Picea/Frey2022_174.npy,train,7,7,1,0.8246111480599011,0.12157780300696841,0.05381104658432873,0.7762048244476318
Picea/Frey2022_176.npy,train,7,7,1,0.8763708748398903,0.08372747939508694,0.03990164259514692,0.9908691644668579
Picea/Frey2022_177.npy,train,7,7,1,0.8812025626576971,0.08020002707812712,0.03859740703579807,0.9989368319511414
Picea/Frey2022_178.npy,train,7,7,1,0.7293229928452652,0.18749800207493647,0.08317900155142495,0.9948078989982605
Picea/Frey2022_179.npy,train,7,7,1,0.8375360268493847,0.07251167594947046,0.08995229353212231,0.9995049238204956
Picea/Frey2022_182.npy,train,7,7,1,0.8440633298346775,0.08329509108627844,0.07264157687399647,0.9938002228736877
Picea/Frey2022_183.npy,train,7,7,1,0.8796917736857633,0.07564402210254223,0.0446642003405434,0.9989263415336609
Picea/Frey2022_185.npy,train,7,7,1,0.7661759725849049,0.02857331488836777,0.20525070981991442,0.6165745258331299
Picea/Frey2022_191.npy,train,7,7,1,0.7647604325056903,0.1627841211904389,0.07245544338807881,0.9986932873725891
Picea/Frey2022_192.npy,train,7,7,1,0.8209346737023103,0.061130167000631494,0.1179351571355371,0.992286205291748
Picea/Frey2022_193.npy,train,7,7,1,0.8525190567205386,0.0795813916138071,0.06789954839266503,0.991589367389679
Picea/Frey2022_198.npy,train,7,7,1,0.9081655452276837,0.05196032353947641,0.03987412826157179,0.9974242448806763
Picea/Frey2022_20.npy,train,7,7,1,0.7694928179641277,0.18686674254139665,0.04364043676807185,0.5891856551170349
Picea/Frey2022_200.npy,train,7,7,1,0.8643030789954134,0.10382030078569379,0.03187661731394426,0.9872546792030334
Picea/Frey2022_213.npy,train,7,7,1,0.7437238745354428,0.20690475691764665,0.049371366257636676,0.9229723811149597
Picea/Frey2022_216.npy,train,7,7,1,0.8532785122335267,0.10308635555287932,0.04363512974171586,0.9941821694374084
Picea/Frey2022_217.npy,train,7,7,1,0.7374467115935307,0.21571474360643203,0.046838542604792234,0.9625197649002075
Picea/Frey2022_31.npy,train,7,7,1,0.6722085420590946,0.2339123297167477,0.09387912562715295,0.5909423232078552
Picea/Frey2022_33.npy,train,7,7,1,0.6781460611732403,0.14325306140747573,0.1786008751146956,0.7782689929008484
Picea/Frey2022_35.npy,train,7,7,1,0.7449247282458012,0.15555717951964101,0.09951808994408175,0.792904257774353
Picea/Frey2022_36.npy,train,7,7,1,0.844358520471575,0.06397022333542934,0.09167125364251986,0.9906517267227173
Picea/Frey2022_39.npy,train,7,7,1,0.7901233937050451,0.17485358410638904,0.03502301923986549,0.9689730405807495
Picea/Frey2022_42.npy,train,7,7,1,0.8373828623023746,0.1017748413579393,0.06084229290680044,0.9921863079071045
Picea/Frey2022_43.npy,train,7,7,1,0.7320793293747102,0.08653371726206835,0.1813869511294679,0.9957225322723389
Picea/Frey2022_47.npy,train,7,7,1,0.7957031859623498,0.17448477095495318,0.029812040544372514,0.9352598190307617
Picea/Frey2022_49.npy,train,7,7,1,0.7712180388700179,0.06524386827666592,0.16353809073530118,0.992809534072876
Picea/Frey2022_51.npy,train,7,7,1,0.7667698975233948,0.18338606885569927,0.04984403067237137,0.9729740619659424
Picea/Frey2022_54.npy,train,7,7,1,0.7243537231397499,0.10296364670888443,0.17268262779959626,0.9895395636558533
Picea/Frey2022_57.npy,train,7,7,1,0.7776410926054778,0.18553275216308227,0.036826151548924206,0.9966757297515869
Picea/Frey2022_59.npy,train,7,7,1,0.7066381563856997,0.2308278111225789,0.06253402986506146,0.9755820035934448
Picea/Frey2022_64.npy,train,7,7,1,0.7885085620367321,0.16370481578021742,0.04778661887153527,0.8907591104507446
Picea/Frey2022_65.npy,train,7,7,1,0.8808514833417538,0.07859343157240359,0.040555082097215964,0.9946489930152893
Picea/Frey2022_67.npy,train,7,7,1,0.5243325654352181,0.0965535945933259,0.37911383795527437,0.548514723777771
Picea/Frey2022_70.npy,train,7,7,1,0.7434866010139362,0.13352279634215145,0.12299060019426127,0.9985837936401367
Picea/Frey2022_80.npy,train,7,7,1,0.8490207326500182,0.1168264336566428,0.03415283028905912,0.9802937507629395
Picea/Frey2022_81.npy,train,7,7,1,0.8415535899894726,0.11240942760753328,0.046036979688586464,0.9887105822563171
Picea/Frey2022_83.npy,train,7,7,1,0.9194912080197549,0.03678404156492129,0.04372474726069158,0.9386576414108276
Picea/Frey2022_84.npy,train,7,7,1,0.7361052629294962,0.1277626841916443,0.13613205018694324,0.99442058801651
Picea/Frey2022_86.npy,train,7,7,1,0.8440415551906993,0.10670071753553884,0.04925772465004212,0.9712885022163391
Picea/Frey2022_87.npy,train,7,7,1,0.8894829663977039,0.03371192268082439,0.07680510856771675,0.5502491593360901
Picea/Frey2022_88.npy,train,7,7,1,0.8057997458922576,0.10817642685531928,0.08602382478732036,0.9541712403297424
Pinus/Frey2022_11.npy,train,8,7,0,0.7731159546224892,0.18620189791109854,0.04068214455289045,0.9046491384506226
Pinus/Frey2022_112.npy,train,8,8,1,0.6960703507496491,0.060278336616488994,0.24365131072317794,0.53288733959198
Pinus/Frey2022_121.npy,train,8,8,1,0.6554338791407363,0.05108993076797572,0.2934761885419341,0.9956817626953125
Pinus/Frey2022_154.npy,train,8,9,0,0.4015569534605357,0.2652968716241188,0.333146172758046,0.7850192189216614
Pinus/Frey2022_18.npy,train,8,8,1,0.6573354214736109,0.11841278929366982,0.22425178626327855,0.9974491000175476
Pinus/Frey2022_185.npy,train,8,7,0,0.767515157068781,0.08270694729053853,0.14977789260917343,0.6785587072372437
Pinus/Frey2022_201.npy,train,8,8,1,0.6492373106925621,0.10786524996068643,0.24289743713381987,0.9701563119888306
Pinus/Frey2022_208.npy,train,8,8,1,0.3775039002898592,0.1332266901019245,0.48926940721007783,0.5026248693466187
Pinus/Frey2022_21.npy,train,8,8,1,0.7086593314846339,0.1262349361782547,0.1651057284748794,0.999775230884552
Pinus/Frey2022_224.npy,train,8,8,1,0.8149289308882115,0.11028044135036845,0.07479062641918198,0.9973249435424805
Pinus/Frey2022_246.npy,train,8,8,1,0.6660623018156325,0.05677934828343937,0.2771583475767863,0.9990646243095398
Pinus/Frey2022_249.npy,train,8,8,1,0.6342819714390306,0.062401705072453725,0.3033163214753766,0.9995678067207336
Pinus/Frey2022_250.npy,train,8,8,1,0.667698411296258,0.13822318672229364,0.19407839912993377,0.9812397956848145
Pinus/Frey2022_254.npy,train,8,8,1,0.6863246095241471,0.05874379344508814,0.2549315951103719,0.9896295666694641
Pinus/Frey2022_259.npy,train,8,8,1,0.6510087794918727,0.01622054430938412,0.33277067465505633,0.9831686019897461
Pinus/Frey2022_263.npy,train,8,8,1,0.7953698249445496,0.03472546854708664,0.16990470434581062,0.9962208867073059
Pinus/Frey2022_280.npy,train,8,8,1,0.6274411533553736,0.11368503711307551,0.25887380690830514,0.995444655418396
Pinus/Frey2022_285.npy,train,8,8,1,0.6163304419706731,0.08488648585035768,0.29878306984037084,0.8876762390136719
Pinus/Frey2022_29.npy,train,8,8,1,0.6091064159949956,0.04332913262285979,0.3475644499470289,0.9847549200057983
Pinus/Frey2022_298.npy,train,8,8,1,0.6411593894358997,0.1204672771674147,0.2383733301360805,0.9986360669136047
Pinus/Frey2022_301.npy,train,8,8,1,0.5918588059249535,0.11606255084091303,0.29207864053438115,0.9431295990943909
Pinus/Frey2022_337.npy,train,8,8,1,0.7132245261651307,0.1538051736947982,0.13297029726107926,0.9898115992546082
Pinus/Frey2022_374.npy,train,8,8,1,0.48355822714552404,0.17352645533026032,0.3429153153256557,0.671339750289917
Pinus/Frey2022_375.npy,train,8,8,1,0.6756508513009505,0.16461623216231078,0.15973291314220225,0.9963338375091553
Pinus/Frey2022_396.npy,train,8,8,1,0.5735300173227812,0.10293727144016285,0.3235327090238223,0.9789816737174988
Pinus/Frey2022_448.npy,train,8,8,1,0.6500826775315945,0.13569525380513983,0.21422206595244223,0.9935851693153381
Pinus/Frey2022_451.npy,train,8,8,1,0.5664395380473656,0.07142189198405084,0.3621385680222501,0.9584887027740479
Pinus/Frey2022_482.npy,train,8,8,1,0.632840498316299,0.15596498120793728,0.21119451770631623,0.9996654987335205
Pinus/Frey2022_509.npy,train,8,8,1,0.610777926817932,0.19167755459957433,0.19754451577425555,0.983336329460144
Pinus/Frey2022_516.npy,train,8,8,1,0.652579057922993,0.16147334278901376,0.18594759613187412,0.9648347496986389
Pinus/Frey2022_542.npy,train,8,8,1,0.6117375500731886,0.0988294586882923,0.2894329886319905,0.8210395574569702
Pinus/Frey2022_547.npy,train,8,8,1,0.636777948143063,0.22816033186730805,0.13506171639715106,0.9946369528770447
Pinus/Frey2022_550.npy,train,8,8,1,0.6548078807165324,0.1813556579901993,0.16383645831735622,0.9709621667861938
Pinus/Frey2022_555.npy,train,8,8,1,0.7138461920658102,0.10385004521511979,0.1823037592975591,0.9969137907028198
Pinus/Frey2022_583.npy,train,8,8,1,0.5040070910115576,0.23701307435609104,0.25897983182510836,0.9936513304710388
Pinus/Frey2022_587.npy,train,8,8,1,0.5629076950787943,0.139600415997738,0.29749188657238307,0.9838993549346924
Pinus/Frey2022_592.npy,train,8,8,1,0.7297560201567724,0.12915026692449025,0.14109370993388556,0.9962008595466614
Pinus/Frey2022_605.npy,train,8,8,1,0.7041023463239503,0.1259327268345818,0.16996492396531962,0.9903624653816223
Pinus/Frey2022_609.npy,train,8,8,1,0.7001045381421058,0.11439790151377371,0.1854975568051409,0.9993724226951599
Pinus/Frey2022_61.npy,train,8,8,1,0.7652950035870038,0.04508893321933626,0.18961606141678858,0.9936968684196472
Pinus/Frey2022_62.npy,train,8,8,1,0.6778063151027037,0.16982710555008118,0.15236657652019647,0.9652342796325684
Pinus/Frey2022_635.npy,train,8,8,1,0.3544136570020795,0.15761214308150198,0.4879741978346492,0.8285624384880066
Pinus/Frey2022_637.npy,train,8,8,1,0.6354881576459195,0.11370192468488487,0.25080991487853127,0.9599869847297668
Pinus/Frey2022_655.npy,train,8,8,1,0.6837021510218178,0.11581324060287135,0.20048460558373887,0.9857536554336548
Pinus/Frey2022_656.npy,train,8,8,1,0.642182535361504,0.18518823034629722,0.17262923124388344,0.9988653659820557
Pinus/Frey2022_659.npy,train,8,8,1,0.6526219152204688,0.15088282630313757,0.19649525568126466,0.9796421527862549
Pinus/Frey2022_660.npy,train,8,8,1,0.7206003872210957,0.15955091090735418,0.11984869892848582,0.991888701915741
Pinus/Frey2022_668.npy,train,8,8,1,0.6095347219606576,0.1467560184603851,0.24370925683609357,0.9861004948616028
Pinus/Frey2022_67.npy,train,8,7,0,0.6570641489402989,0.07748750601417205,0.2654483423023461,0.694100558757782
Pinus/Frey2022_677.npy,train,8,8,1,0.6769220370750034,0.1035799518312568,0.2194980086765968,0.997161865234375
Pinus/Frey2022_692.npy,train,8,8,1,0.5514436280911201,0.1231885829366749,0.3253677868539606,0.9712640047073364
Pinus/Frey2022_696.npy,train,8,8,1,0.5428049368132035,0.2684724249391639,0.18872263569115622,0.9838840365409851
Pinus/Frey2022_79.npy,train,8,8,1,0.6214130200263659,0.15397966717252953,0.22460730967792844,0.9876919388771057
Pinus/Frey2022_97.npy,train,8,8,1,0.6091034395481731,0.098698707866398,0.2921978502268003,0.9730589389801025
Pinus/Frey2022_wino10_185.npy,train,8,8,1,0.9120912240972839,0.03923200079082439,0.04867677351185341,0.9997163414955139
Pinus/Frey2022_wino10_187.npy,train,8,8,1,0.8865629158042717,0.05678141138079976,0.05665567152711667,0.988405704498291
Pinus/Frey2022_wino10_195.npy,train,8,8,1,0.9282126030690365,0.023776793749535202,0.04801060149022183,0.9998683929443359
Quercus/Frey2022_1009.npy,train,9,9,1,0.7067348170743184,0.1940062456160636,0.09925893421063002,0.9999603033065796
Quercus/Frey2022_1117.npy,train,9,9,1,0.697634071585215,0.08753035968293768,0.2148355653318769,0.9999964237213135
Quercus/Frey2022_112.npy,train,9,9,1,0.41865731673482953,0.4480410434907886,0.1333016376434182,0.935663104057312
Quercus/Frey2022_115.npy,train,9,9,1,0.3709489004507258,0.33020436017510596,0.29884673725653405,0.9023993611335754
Quercus/Frey2022_1160.npy,train,9,9,1,0.7456839606342113,0.1357504225126411,0.11856561415856968,0.9998762607574463
Quercus/Frey2022_120.npy,train,9,9,1,0.5330706518445262,0.21311112239194951,0.2538182240447423,0.9971150159835815
Quercus/Frey2022_1279.npy,train,9,9,1,0.7065008596698183,0.12056885325265562,0.17293028439992933,0.9999876022338867
Quercus/Frey2022_128.npy,train,9,9,1,0.5989278372820204,0.1461355691268734,0.2549365908170742,0.9999690055847168
Quercus/Frey2022_1294.npy,train,9,9,1,0.5239857587096035,0.21283793278219773,0.26317630678578413,0.997775137424469
Quercus/Frey2022_13.npy,train,9,9,1,0.22377245149892439,0.48249573134101414,0.2937318151736794,0.721515417098999
Quercus/Frey2022_130.npy,train,9,9,1,0.6336551090998529,0.12173119051796359,0.2446136981271289,0.9999117851257324
Quercus/Frey2022_1303.npy,train,9,9,1,0.6895234165692422,0.21062228500349603,0.09985429555272025,0.9999377727508545
Quercus/Frey2022_131.npy,train,9,9,1,0.5403398837123184,0.14164049602376946,0.31801961821631775,0.9998719692230225
Quercus/Frey2022_133.npy,train,9,9,1,0.661008207213513,0.28633597911759734,0.05265581116004737,0.9999630451202393
Quercus/Frey2022_1341.npy,train,9,9,1,0.6200243768127914,0.0996282095054511,0.2803474109672119,0.9999939203262329
Quercus/Frey2022_136.npy,train,9,9,1,0.6100049805925277,0.11782018771271875,0.2721748294509028,0.9993429780006409
Quercus/Frey2022_1370.npy,train,9,9,1,0.6742794482899083,0.13967535544490192,0.18604519358620888,0.9999685287475586
Quercus/Frey2022_1397.npy,train,9,9,1,0.7839397916692538,0.13295426469745814,0.08310594111801092,0.9998987913131714
Quercus/Frey2022_1412.npy,train,9,9,1,0.6635271807314997,0.24504143115389138,0.09143138513504702,0.9998699426651001
Quercus/Frey2022_1418.npy,train,9,9,1,0.7247210563550306,0.2003306491615847,0.07494829157643931,0.9998458623886108
Quercus/Frey2022_142.npy,train,9,9,1,0.3113634816770872,0.40337032000995665,0.285266196606343,0.7011517286300659
Quercus/Frey2022_1430.npy,train,9,9,1,0.6994530241885826,0.2435381750306947,0.057008798404132754,0.9999423027038574
Quercus/Frey2022_1444.npy,train,9,9,1,0.702240394315062,0.1466721675621782,0.1510874359213431,0.9999493360519409
Quercus/Frey2022_1452.npy,train,9,9,1,0.742490814518721,0.20487999786785838,0.05262918327608223,0.999990701675415
Quercus/Frey2022_1473.npy,train,9,9,1,0.670683547910408,0.25250820563089127,0.07680824385832853,0.9999563694000244
Quercus/Frey2022_1486.npy,train,9,9,1,0.7722798876793227,0.1920962494635891,0.03562385982588773,0.9999850988388062
Quercus/Frey2022_1488.npy,train,9,9,1,0.6422996901274572,0.1447547395312433,0.21294556845890852,0.9998812675476074
Quercus/Frey2022_154.npy,train,9,9,1,0.37929357527815016,0.3690474994637372,0.2516589233012185,0.6068962812423706
Quercus/Frey2022_1574.npy,train,9,9,1,0.7327939588163324,0.1955363009305405,0.07166973754157602,0.9998980760574341
Quercus/Frey2022_1577.npy,train,9,9,1,0.7116954664081439,0.20216918445602736,0.08613534683300644,0.9997506737709045
Quercus/Frey2022_1578.npy,train,9,9,1,0.5846561016201568,0.24136260380926705,0.1739812920623706,0.9985608458518982
Quercus/Frey2022_1586.npy,train,9,9,1,0.6587395465477948,0.21437757839681254,0.1268828716576858,0.9999308586120605
Quercus/Frey2022_159.npy,train,9,9,1,0.30171983371599864,0.4384060286460337,0.25987413573347906,0.9033446907997131
Quercus/Frey2022_1593.npy,train,9,9,1,0.5579327704810819,0.16622153447126298,0.2758456929620866,0.9997372031211853
Quercus/Frey2022_1613.npy,train,9,9,1,0.7740429275164291,0.11514633718915344,0.11081073213301768,0.9999860525131226
Quercus/Frey2022_1614.npy,train,9,9,1,0.6018607273742866,0.2457905207819247,0.15234874827305417,0.9999504089355469
Quercus/Frey2022_162.npy,train,9,9,1,0.6668211755193417,0.1194977957689579,0.21368102666862718,0.9997386336326599
Quercus/Frey2022_1621.npy,train,9,9,1,0.6000332537094069,0.2252773691176225,0.1746893744781687,0.9998807907104492
Quercus/Frey2022_1622.npy,train,9,9,1,0.7413832489104089,0.09031825499031426,0.1682984934795983,0.9998904466629028
Quercus/Frey2022_1628.npy,train,9,9,1,0.4847643146652799,0.28627269407917777,0.2289629884834536,0.9998483657836914
Quercus/Frey2022_1629.npy,train,9,9,1,0.6302211376916143,0.21309229241866873,0.15668656667068165,0.999921441078186
Quercus/Frey2022_163.npy,train,9,7,0,0.9036049876830661,0.05346517101891014,0.042929838578850375,0.5333693623542786
Quercus/Frey2022_1704.npy,train,9,9,1,0.3884578165488404,0.22133864432098888,0.39020353733413377,0.997988224029541
Quercus/Frey2022_1710.npy,train,9,9,1,0.6748725261188695,0.23649709945634054,0.08863037157934182,0.9997723698616028
Quercus/Frey2022_1738.npy,train,9,9,1,0.615464307131926,0.18360434830446462,0.2009313415738139,0.9998512268066406
Quercus/Frey2022_1780 .npy,train,9,9,1,0.7753899263627814,0.10346260326317754,0.12114746817236274,0.9996696710586548
Quercus/Frey2022_1780.npy,train,9,9,1,0.5377544733960139,0.1921688340102751,0.27007669001496687,0.999319314956665
Quercus/Frey2022_1794.npy,train,9,9,1,0.6078121106446338,0.14243565024953764,0.2497522366977829,0.9998898506164551
Quercus/Frey2022_1802.npy,train,9,9,1,0.6674150768628968,0.18656214401518564,0.14602277660057864,0.9997332692146301
Quercus/Frey2022_1804.npy,train,9,9,1,0.6634102296649615,0.20002060552476097,0.13656916219481283,0.9998918771743774
Quercus/Frey2022_1890.npy,train,9,9,1,0.6327350695898806,0.14619336897376764,0.22107155893614663,0.9999020099639893
Quercus/Frey2022_1891.npy,train,9,9,1,0.5836480919862309,0.1889610940004832,0.22739081168212566,0.9999537467956543
Quercus/Frey2022_1894.npy,train,9,9,1,0.6653203925113438,0.16241602091126459,0.17226358378626824,0.999974250793457
Quercus/Frey2022_190.npy,train,9,9,1,0.42468887839186126,0.4017045224618567,0.17360659702901562,0.9795665144920349
Quercus/Frey2022_1905.npy,train,9,9,1,0.5540196072314468,0.22184638479729124,0.22413400485661744,0.9999761581420898
Quercus/Frey2022_1919.npy,train,9,9,1,0.6401422387157693,0.21427247659910567,0.14558528127788137,0.9999895095825195
Quercus/Frey2022_1931.npy,train,9,9,1,0.5142196235131606,0.2868082287294609,0.19897214547927294,0.9995666146278381
Quercus/Frey2022_1934.npy,train,9,9,1,0.600519224299188,0.29963134666269003,0.09984942606878686,0.999716579914093
Quercus/Frey2022_1943.npy,train,9,9,1,0.6070018740561902,0.16525896956934533,0.22773915414487772,0.9999172687530518
Quercus/Frey2022_1946.npy,train,9,9,1,0.5920565234464551,0.22031041513764532,0.18763305877365768,0.9998216032981873
Quercus/Frey2022_1948.npy,train,9,9,1,0.6888877033029024,0.16123315931715185,0.14987913459688756,0.9999629259109497
Quercus/Frey2022_1950.npy,train,9,9,1,0.7800444321931386,0.15934992417087482,0.060605641145104715,0.9999812841415405
Quercus/Frey2022_1953.npy,train,9,9,1,0.6124842866264832,0.191909328975912,0.19560638227836025,0.9999665021896362
Quercus/Frey2022_238.npy,train,9,9,1,0.6297969980641818,0.24369636023532665,0.1265066378233237,0.9999619722366333
Quercus/Frey2022_295.npy,train,9,9,1,0.6294018062903363,0.2003141402482733,0.1702840504712572,0.9996131062507629
Quercus/Frey2022_410.npy,train,9,9,1,0.5571241561182991,0.3143834167465665,0.12849242480165735,0.9999297857284546
Quercus/Frey2022_465.npy,train,9,9,1,0.6713541505361945,0.2048069788836105,0.12383886805573603,0.9999262094497681
Quercus/Frey2022_473.npy,train,9,9,1,0.7256120194012238,0.12745534461540742,0.14693263364970233,0.9994238615036011
Quercus/Frey2022_479.npy,train,9,9,1,0.5699527053076718,0.16971640310364106,0.26033088967896534,0.9991022348403931
Quercus/Frey2022_484.npy,train,9,9,1,0.46216128867950174,0.31622373504888995,0.22161497406554895,0.9879992008209229
Quercus/Frey2022_519.npy,train,9,9,1,0.757687976082499,0.21203607809909308,0.03027594329385025,0.9999624490737915
Quercus/Frey2022_521.npy,train,9,9,1,0.6003416687470671,0.22801867897104353,0.17163965029125505,0.9992843270301819
Quercus/Frey2022_533.npy,train,9,9,1,0.4635572751521705,0.16286489591741266,0.37357782701329506,0.9996716976165771
Quercus/Frey2022_544.npy,train,9,9,1,0.6617305946666664,0.1659197334114324,0.17234966895805173,0.9999551773071289
Quercus/Frey2022_646.npy,train,9,9,1,0.6578646464470667,0.24316919308916712,0.09896615723968709,0.9998466968536377
Quercus/Frey2022_670.npy,train,9,9,1,0.7377609843813218,0.16499110849104973,0.09724790428924653,0.9999719858169556
Quercus/Frey2022_682.npy,train,9,9,1,0.6005952752770269,0.13802352546891733,0.2613811969394337,0.9999375343322754
Quercus/Frey2022_686.npy,train,9,9,1,0.35592634657055244,0.22441856541599126,0.41965508632480236,0.9945148229598999
Quercus/Frey2022_687.npy,train,9,9,1,0.5961163316137703,0.19071112307869015,0.21317254274291464,0.9999157190322876
Quercus/Frey2022_710.npy,train,9,9,1,0.6032035858436982,0.19350150556386247,0.20329490624448635,0.9999525547027588
Quercus/Frey2022_745.npy,train,9,9,1,0.6269244496128106,0.18893880057953155,0.18413674713485964,0.9999455213546753
Quercus/Frey2022_754.npy,train,9,9,1,0.7154799815807105,0.19240053767887444,0.09211947701056812,0.9999854564666748
Quercus/Frey2022_757.npy,train,9,9,1,0.6896303157183722,0.2316491802507563,0.07872050064415163,0.9999798536300659
Quercus/Frey2022_761.npy,train,9,9,1,0.528462198718423,0.2403622278812506,0.231175570718265,0.9989529848098755
Quercus/Frey2022_773.npy,train,9,9,1,0.5842145416593145,0.239800501539628,0.17598495430904004,0.9997667670249939
Quercus/Frey2022_775.npy,train,9,9,1,0.6261992512886605,0.18053011059221832,0.19327063538764905,0.9999746084213257
Quercus/Frey2022_793.npy,train,9,9,1,0.6316206273434548,0.2685019652870671,0.0998774048013008,0.999066174030304
Quercus/Frey2022_847.npy,train,9,9,1,0.7360919005451827,0.18386195174390804,0.08004614542709472,0.9999626874923706
Quercus/Frey2022_852.npy,train,9,9,1,0.6756203596457105,0.24023775772985834,0.08414187982951683,0.9998051524162292
Quercus/Frey2022_96.npy,train,9,9,1,0.6368217098163613,0.207383860422334,0.15579442708625402,0.9996005892753601
Quercus/Frey2022_969.npy,train,9,9,1,0.65174975416548,0.2114152202527558,0.13683502302898706,0.9999144077301025
Quercus/Frey2022_98.npy,train,9,9,1,0.759444191582109,0.16474535894322845,0.07581044668410171,0.999921441078186
Betula/Junttila_plot1007_tree118.npy,train,3,3,1,0.3849639327008148,0.043953841654008445,0.5710822236586598,0.9996507167816162
Betula/Junttila_plot1007_tree125.npy,train,3,3,1,0.31375958641020757,0.09687869459004349,0.5893617168975915,0.9995624423027039
Betula/Junttila_plot1007_tree13.npy,train,3,3,1,0.3352305675704416,0.12034198444059929,0.5444274459462187,0.9995343685150146
Betula/Junttila_plot1007_tree154.npy,train,3,3,1,0.5321497042431805,0.04826899551092591,0.41958129815271233,0.9998089671134949
Betula/Junttila_plot1007_tree164.npy,train,3,3,1,0.3590229048630381,0.05332637214765713,0.5876507201680498,0.9997767806053162
Betula/Junttila_plot1007_tree69.npy,train,3,3,1,0.3486150821994159,0.12693141602926206,0.524453499517365,0.9997246861457825
Betula/Junttila_plot1007_tree85.npy,train,3,3,1,0.5099753780034875,0.04569409828065162,0.44433052164636766,0.9996343851089478
Betula/Junttila_plot1015_tree212.npy,train,3,3,1,0.5216945983439738,0.08813789398608621,0.3901675039959772,0.999750554561615
Betula/Junttila_plot1015_tree215.npy,train,3,3,1,0.42098596668646765,0.07196397357659305,0.5070500579794929,0.9791186451911926
Betula/Junttila_plot1015_tree75.npy,train,3,3,1,0.3894502701583016,0.09953775544364425,0.511011972422234,0.9996185302734375
Betula/Junttila_plot1015_tree83.npy,train,3,3,1,0.3189771499118996,0.10668894006800018,0.5743339080592458,0.9992989301681519
Betula/Junttila_plot1048_tree51.npy,train,3,3,1,0.3791177293928304,0.10448113277252187,0.5164011356277037,0.9995336532592773
Betula/Junttila_plot1048_tree64.npy,train,3,3,1,0.391228766897053,0.099828313038383,0.5089429172959233,0.9999181032180786
Betula/Junttila_plot1131_tree19.npy,train,3,3,1,0.5441162646146016,0.04205946995733911,0.41382426282105317,0.9990741014480591
Betula/Junttila_plot1131_tree36.npy,train,3,3,1,0.5106743828236099,0.04048439877244236,0.44884121518509157,0.9995841383934021
Betula/Junttila_plot1132_tree123.npy,train,3,3,1,0.4438668116205675,0.0863651017558522,0.46976808465431596,0.9998413324356079
Betula/Junttila_plot1132_tree139.npy,train,3,3,1,0.4497468170947179,0.08904429920035253,0.461208882081951,0.9985129237174988
Betula/Junttila_plot1132_tree18.npy,train,3,3,1,0.37485939040140787,0.058746771788592785,0.5663938347727913,0.9994274377822876
Betula/Junttila_plot1132_tree186.npy,train,3,3,1,0.4718618256331766,0.05134980204335132,0.47678836942588443,0.9995949864387512
Betula/Junttila_plot2005_tree31.npy,train,3,3,1,0.42787129293649867,0.08442977093431096,0.4876989325704023,0.998873770236969
Betula/Junttila_plot2005_tree4.npy,train,3,3,1,0.4476325381675966,0.05131592059623919,0.5010515389643901,0.9992006421089172
Betula/Junttila_plot2005_tree65.npy,train,3,3,1,0.3956490809172789,0.06198037862866534,0.5423705384091709,0.9979426264762878
Betula/PulitiULS2_100.npy,train,3,3,1,0.43251336084145936,0.16281896759932407,0.4046676681260784,0.6735634207725525
Betula/PulitiULS2_1001.npy,train,3,3,1,0.6529883066043688,0.07993040409207935,0.2670812866622317,0.9879228472709656
Betula/PulitiULS2_10010.npy,train,3,3,1,0.4883738578661571,0.24280757215758195,0.26881856681027605,0.9059862494468689
Betula/PulitiULS2_10011.npy,train,3,3,1,0.40538934755025485,0.26667517502753735,0.327935475315004,0.6783151030540466
Betula/PulitiULS2_100123.npy,train,3,3,1,0.5971130904431019,0.19971137033831152,0.20317553657944998,0.9871366024017334
Betula/PulitiULS2_1003.npy,train,3,3,1,0.7395872894104655,0.1103916085709615,0.1500210985749813,0.9979117512702942
Betula/PulitiULS2_1004.npy,train,3,3,1,0.778761407778772,0.11489350536131848,0.10634508372774087,0.9973511695861816
Betula/PulitiULS2_1006.npy,train,3,3,1,0.7157070993405144,0.14189809617426027,0.14239480123585777,0.9995282888412476
Betula/PulitiULS2_1007.npy,train,3,3,1,0.7790535642671861,0.12221077108255943,0.09873566151671935,0.9969417452812195
Betula/PulitiULS2_1008.npy,train,3,3,1,0.6500364585729315,0.16291015687822555,0.18705338109538502,0.9926608800888062
Betula/PulitiULS2_1009.npy,train,3,3,1,0.6967424310339658,0.18021393495621113,0.12304363083605248,0.9989137649536133
Betula/PulitiULS2_1010.npy,train,3,3,1,0.6260461810166958,0.15444889227386438,0.2195049230549958,0.999427080154419
Betula/PulitiULS2_1012.npy,train,3,3,1,0.7204177792564351,0.16098840627150704,0.11859381118657986,0.9992883801460266
Betula/PulitiULS2_1013.npy,train,3,3,1,0.7030394969130614,0.10960311048535105,0.18735739011207878,0.9905162453651428
Betula/PulitiULS2_1015.npy,train,3,3,1,0.6485563462303413,0.21626612581033397,0.13517752403603037,0.9979300498962402
Betula/PulitiULS2_1016.npy,train,3,3,1,0.7678965176260603,0.1850992602413475,0.04700421857330592,0.9987573623657227
Betula/PulitiULS2_1017.npy,train,3,3,1,0.7595573620387934,0.12475454614912697,0.11568808844912237,0.9996919631958008
Betula/PulitiULS2_1019.npy,train,3,3,1,0.7454047354469737,0.2033078546223198,0.05128740515006044,0.9985162615776062
Betula/PulitiULS2_1021.npy,train,3,3,1,0.6331595146898102,0.10518668354765535,0.2616537996777634,0.9955260157585144
Betula/PulitiULS2_1023.npy,train,3,3,1,0.634479459217728,0.2491930700995068,0.11632746662888921,0.9985935091972351
Betula/PulitiULS2_1024.npy,train,3,3,1,0.657341438982462,0.13235548586146817,0.21030307257930844,0.9954778552055359
Betula/PulitiULS2_1025.npy,train,3,3,1,0.8141323766020019,0.15218948463537246,0.033678134264180225,0.9995878338813782
Betula/PulitiULS2_1026.npy,train,3,3,1,0.6410941382638721,0.13514842756198747,0.223757430716356,0.9995684027671814
Betula/PulitiULS2_1027.npy,train,3,3,1,0.7270660958533693,0.22632020268302622,0.04661369666415633,0.9994800686836243
Betula/PulitiULS2_1028.npy,train,3,3,1,0.7818491551181979,0.09954889794515895,0.11860194364805964,0.9995542168617249
Betula/PulitiULS2_1029.npy,train,3,3,1,0.6629663098946209,0.18140158072467957,0.15563210583577658,0.9974831938743591
Betula/PulitiULS2_103.npy,train,3,3,1,0.5128958704556411,0.19932613887941467,0.2877779875232003,0.9057596921920776
Betula/PulitiULS2_1030.npy,train,3,3,1,0.733534180284934,0.23805806461303852,0.028407750666207994,0.9977916479110718
Betula/PulitiULS2_1031.npy,train,3,3,1,0.6648604505905399,0.24850424417560013,0.0866353018750935,0.997350811958313
Betula/PulitiULS2_1032.npy,train,3,3,1,0.6994922041107692,0.20852891221365968,0.09197887963851274,0.9963476061820984
Betula/PulitiULS2_104.npy,train,3,3,1,0.5033943442206531,0.15899571452118186,0.337609937388096,0.7317923903465271
Betula/PulitiULS2_105.npy,train,3,3,1,0.39935883805215283,0.3434068412503635,0.25723431669020974,0.7332759499549866
Betula/PulitiULS2_106.npy,train,3,3,1,0.47677814218219555,0.22407297066998377,0.2991488842196686,0.9358335733413696
Betula/PulitiULS2_109.npy,train,3,3,1,0.4226857270205989,0.26039013070861045,0.3169241382918796,0.7305442690849304
Betula/PulitiULS2_11.npy,train,3,3,1,0.5160164788924583,0.07753589269279249,0.4064476253964507,0.4988173246383667
Betula/PulitiULS2_110.npy,train,3,3,1,0.38587607113775824,0.2766691681312854,0.33745475676402276,0.6456956267356873
Betula/PulitiULS2_1100.npy,train,3,3,1,0.5934154766663907,0.19476565373028223,0.21181886669164438,0.980799674987793
Betula/PulitiULS2_112.npy,train,3,3,1,0.48146286984645026,0.15131005994695917,0.3672270667317223,0.6952254772186279
Betula/PulitiULS2_113.npy,train,3,3,1,0.38191609464056114,0.24204872972140234,0.3760351727925184,0.6733962893486023
Betula/PulitiULS2_114.npy,train,3,3,1,0.38367670663689196,0.24357335967433005,0.3727499305615453,0.6536343097686768
Betula/PulitiULS2_115.npy,train,3,3,1,0.459224685478925,0.1658041345868068,0.3749711766656261,0.6610421538352966
Betula/PulitiULS2_116.npy,train,3,3,1,0.41659496775957205,0.22351920263957115,0.35988582663771523,0.5969920754432678
Betula/PulitiULS2_118.npy,train,3,3,1,0.3957404675542296,0.22564385537582643,0.378615673327309,0.6104174256324768
Betula/PulitiULS2_119.npy,train,3,3,1,0.5025347808795639,0.20274165598498262,0.29472355928699695,0.7515153884887695
Betula/PulitiULS2_120.npy,train,3,3,1,0.461614371632628,0.11114260462833828,0.4272430210832723,0.6501200795173645
Betula/PulitiULS2_121.npy,train,3,3,1,0.454305615856846,0.21750070652778733,0.3281936736484427,0.5982945561408997
Betula/PulitiULS2_122.npy,train,3,3,1,0.5069278012024354,0.21647592507470037,0.2765962696358327,0.8087031841278076
Betula/PulitiULS2_13.npy,train,3,3,1,0.4875401483075521,0.09002373284251718,0.42243611499592265,0.7137671709060669
Betula/PulitiULS2_15.npy,train,3,3,1,0.5976057063814917,0.1099204555846116,0.29247383487067613,0.6993834972381592
Betula/PulitiULS2_17.npy,train,3,3,1,0.4266215685992145,0.10831916907259613,0.4650592590889633,0.4282585084438324
Betula/PulitiULS2_18.npy,train,3,3,1,0.5200213323082912,0.18185854224119136,0.2981201223965637,0.6329237818717957
Betula/PulitiULS2_2.npy,train,3,3,1,0.44229451822377525,0.17306590431613528,0.3846395742678562,0.6243041157722473
Betula/PulitiULS2_201.npy,train,3,3,1,0.441436443981246,0.2619112292413024,0.29665232247464984,0.8845301270484924
Betula/PulitiULS2_202.npy,train,3,3,1,0.3869745102342785,0.29411129511910145,0.3189141906691935,0.7832592725753784
Betula/PulitiULS2_204.npy,train,3,3,1,0.4168350425819303,0.23059802241176405,0.35256693086020946,0.7435248494148254
Betula/PulitiULS2_206.npy,train,3,3,1,0.4599697931225936,0.2504752083941086,0.2895549951832077,0.7664220929145813
Betula/PulitiULS2_207.npy,train,3,3,1,0.505331682056153,0.14424852064176838,0.350419794042067,0.6965914368629456
Betula/PulitiULS2_211.npy,train,3,3,1,0.5485261286540352,0.19106990557961878,0.26040396151363165,0.877281904220581
Betula/PulitiULS2_212.npy,train,3,3,1,0.3887307762572089,0.23879263184713204,0.3724765882703125,0.7292371988296509
Betula/PulitiULS2_213.npy,train,3,3,1,0.3749883326347811,0.3348321580365374,0.290179505403463,0.7579933404922485
Betula/PulitiULS2_215.npy,train,3,3,1,0.3959230292737364,0.27768081544707396,0.3263961520613502,0.7027368545532227
Betula/PulitiULS2_216.npy,train,3,3,1,0.3836497027178843,0.2843000011795725,0.3320502925687749,0.7360078692436218
Betula/PulitiULS2_217.npy,train,3,3,1,0.4776184110406386,0.13344766843444944,0.388933917921309,0.5791710019111633
Betula/PulitiULS2_218.npy,train,3,3,1,0.4264287550764661,0.30298619703669016,0.27058504426197105,0.783108115196228
Betula/PulitiULS2_219.npy,train,3,3,1,0.4197524348299732,0.24077925868517783,0.33946830328782585,0.7369322776794434
Betula/PulitiULS2_221.npy,train,3,3,1,0.5261613944524919,0.24273734414215412,0.2311012573470905,0.9007598161697388
Betula/PulitiULS2_222.npy,train,3,3,1,0.5410659632031015,0.2467183912683706,0.2122156415497499,0.8407559394836426
Betula/PulitiULS2_223.npy,train,3,3,1,0.46318498987228723,0.269712020891549,0.2671029844128686,0.8007774949073792
Betula/PulitiULS2_225.npy,train,3,3,1,0.4479489376566109,0.25653123709497344,0.29551982107050306,0.8113119006156921
Betula/PulitiULS2_226.npy,train,3,3,1,0.4085755146273258,0.23246426629599842,0.35896021519581506,0.7203091979026794
Betula/PulitiULS2_227.npy,train,3,3,1,0.336574398709074,0.2527131913865455,0.41071240658383273,0.7167575359344482
Betula/PulitiULS2_228.npy,train,3,3,1,0.3957186909284641,0.14272566702554002,0.4615556393860344,0.7170681953430176
Betula/PulitiULS2_229.npy,train,3,3,1,0.4776872013350104,0.21574328119436031,0.3065695135784933,0.7198629975318909
Betula/PulitiULS2_23.npy,train,3,3,1,0.4667478961213233,0.15635971595549822,0.37689238491313415,0.5674464106559753
Betula/PulitiULS2_230.npy,train,3,3,1,0.48852351104330466,0.20665348139954454,0.30482300409187574,0.6925085783004761
Betula/PulitiULS2_231.npy,train,3,3,1,0.536311337605512,0.18868176532063788,0.27500689330800643,0.7285628318786621
Betula/PulitiULS2_233.npy,train,3,3,1,0.49126827084094676,0.17166015588090036,0.3370715699808272,0.6833986043930054
Betula/PulitiULS2_234.npy,train,3,3,1,0.5139688280864328,0.11787635267313676,0.36815481507277165,0.758363664150238
Betula/PulitiULS2_2340.npy,train,3,3,1,0.4290277217752253,0.36786404361180375,0.20310823120758598,0.8902328610420227
Betula/PulitiULS2_237.npy,train,3,3,1,0.6498059337658602,0.13489266026488678,0.21530140257639543,0.783504068851471
Betula/PulitiULS2_238.npy,train,3,3,1,0.5381705408888221,0.2835565516861858,0.1782729043481767,0.9636878967285156
Betula/PulitiULS2_239.npy,train,3,3,1,0.5353503370678321,0.18023132242931378,0.2844183364852947,0.7696479558944702
Betula/PulitiULS2_24.npy,train,3,3,1,0.5725297098503748,0.07477610183678207,0.3526941850081528,0.4783085584640503
Betula/PulitiULS2_243.npy,train,3,3,1,0.4922107765577997,0.1798272592804057,0.32796196025674085,0.7514829039573669
Betula/PulitiULS2_245.npy,train,3,3,1,0.48754806483218216,0.2356868219859694,0.27676510945762595,0.7742325067520142
Betula/PulitiULS2_2456.npy,train,3,3,1,0.546242529542684,0.08871959796028933,0.36503786895596174,0.5104857087135315
Betula/PulitiULS2_247.npy,train,3,3,1,0.645350983085564,0.14306729222935138,0.21158172032656394,0.6539099216461182
Betula/PulitiULS2_248.npy,train,3,3,1,0.6156678211995635,0.21521657291849491,0.1691156009974783,0.7615526914596558
Betula/PulitiULS2_255.npy,train,3,3,1,0.5574336314562889,0.2607629962554226,0.18180336769021646,0.8326109051704407
Betula/PulitiULS2_256.npy,train,3,3,1,0.4671171976566187,0.3795235458919624,0.15335925278987467,0.9263595342636108
Betula/PulitiULS2_257.npy,train,3,3,1,0.44533920043988817,0.3628559571693418,0.19180483841778032,0.8568810820579529
Betula/PulitiULS2_258.npy,train,3,3,1,0.579270238907029,0.27501588009982636,0.14571387604083366,0.856705367565155
Betula/PulitiULS2_259.npy,train,3,3,1,0.5231913957148758,0.1773168306389252,0.29949176995413823,0.8011114001274109
Betula/PulitiULS2_260.npy,train,3,3,1,0.5980683924504125,0.2539597146216593,0.1479718882313233,0.8941571712493896
Betula/PulitiULS2_262.npy,train,3,3,1,0.5083579226261963,0.3044905431203039,0.1871515308202873,0.7396804094314575
Betula/PulitiULS2_263.npy,train,3,3,1,0.5688767250451143,0.17663744636473636,0.25448582460379837,0.9007452130317688
Betula/PulitiULS2_264.npy,train,3,3,1,0.49305767814517454,0.28775468594385983,0.2191876315714831,0.852755069732666
Betula/PulitiULS2_2658.npy,train,3,3,1,0.7990807184820226,0.14187959736255312,0.05903967964165325,0.9998629093170166
Betula/PulitiULS2_266.npy,train,3,3,1,0.5037173692101011,0.32389625643371456,0.17238636956440642,0.8840658068656921
Betula/PulitiULS2_267.npy,train,3,3,1,0.46758159723251325,0.2549267516240634,0.27749164680876925,0.8239040374755859
Betula/PulitiULS2_268.npy,train,3,3,1,0.41800485064189224,0.31942181492364147,0.2625733311918871,0.8305595517158508
Betula/PulitiULS2_27.npy,train,3,3,1,0.5337514521944783,0.12114594734635876,0.34510259703231194,0.5424408316612244
Betula/PulitiULS2_270.npy,train,3,3,1,0.42034048192436085,0.19519453560581151,0.38446497974481963,0.6775791049003601
Betula/PulitiULS2_28.npy,train,3,3,1,0.7100081794910298,0.11867623743263296,0.17131557925631002,0.8514403104782104
Betula/PulitiULS2_280.npy,train,3,3,1,0.46522807711601183,0.2468653786936614,0.28790653989185416,0.7921482920646667
Betula/PulitiULS2_29.npy,train,3,3,1,0.4887845507126066,0.18882356018866528,0.322391886107069,0.6225002408027649
Betula/PulitiULS2_290.npy,train,3,3,1,0.5355970479482888,0.2577260237738816,0.20667692416294314,0.8491623997688293
Betula/PulitiULS2_291.npy,train,3,3,1,0.4337902817908575,0.22747392443707715,0.338735790100694,0.6913571357727051
Betula/PulitiULS2_293.npy,train,3,3,1,0.48873404756403305,0.23170758268973135,0.2795583654105477,0.7818328738212585
Betula/PulitiULS2_294.npy,train,3,3,1,0.5549527161055693,0.24958082003756998,0.19546645949559227,0.8365888595581055
Betula/PulitiULS2_295.npy,train,3,3,1,0.43290886316092414,0.310326911970193,0.25676422045170083,0.8425314426422119
Betula/PulitiULS2_3.npy,train,3,3,1,0.45281056068082237,0.10139273423782423,0.4457967023998974,0.44272729754447937
Betula/PulitiULS2_30.npy,train,3,3,1,0.5549315618454058,0.16796239557724962,0.2771060390756814,0.7054651379585266
Betula/PulitiULS2_301.npy,train,3,3,1,0.3852454046866559,0.31707450864348297,0.2976800841344624,0.8052510619163513
Betula/PulitiULS2_302.npy,train,3,3,1,0.7398571145107418,0.18996336797821242,0.07017951281957671,0.9997815489768982
Betula/PulitiULS2_303.npy,train,3,3,1,0.7638913786574388,0.20351881275601982,0.03258980424753222,0.999508261680603
Betula/PulitiULS2_304.npy,train,3,3,1,0.674136970818975,0.2747493302644534,0.051113694652979554,0.9951215386390686
Betula/PulitiULS2_306.npy,train,3,3,1,0.5967567003470535,0.12834423158280442,0.27489906593529406,0.9832490682601929
Betula/PulitiULS2_307.npy,train,3,3,1,0.6499679494903761,0.20039815776920383,0.1496338890233252,0.9917565584182739
Betula/PulitiULS2_308.npy,train,3,3,1,0.7698180763584376,0.16532397217055075,0.06485794774524817,0.9998047947883606
Betula/PulitiULS2_309.npy,train,3,3,1,0.779826730025547,0.0805922566169237,0.13958101066114298,0.9976782202720642
Betula/PulitiULS2_31.npy,train,3,3,1,0.5675769538370392,0.05874697767138067,0.3736760661097799,0.44579440355300903
Betula/PulitiULS2_310.npy,train,3,3,1,0.7179143490679707,0.18860956707892024,0.09347608062109242,0.9989732503890991
Betula/PulitiULS2_311.npy,train,3,3,1,0.7651795962960124,0.1612843143653469,0.07353608416814522,0.9997022747993469
Betula/PulitiULS2_3121.npy,train,3,3,1,0.6559386625384827,0.18520998454458099,0.15885134915771779,0.9961209893226624
Betula/PulitiULS2_313.npy,train,3,3,1,0.7779363037992794,0.1387282031225023,0.0833354893944319,0.9999028444290161
Betula/PulitiULS2_314.npy,train,3,3,1,0.6954896082319875,0.19394021628127833,0.11057017215404048,0.9990772008895874
Betula/PulitiULS2_316.npy,train,3,3,1,0.7190424525372934,0.1872820877057602,0.09367545645781669,0.9994556307792664
Betula/PulitiULS2_317.npy,train,3,3,1,0.529749467731805,0.30649247542058056,0.1637580534510395,0.9659008979797363
Betula/PulitiULS2_318.npy,train,3,3,1,0.8288393604943041,0.13224255990197173,0.03891807540501778,0.9990628361701965
Betula/PulitiULS2_319.npy,train,3,3,1,0.8340822963594537,0.10508771179959481,0.060829988500949346,0.9994760155677795
Betula/PulitiULS2_32.npy,train,3,3,1,0.5389287056301281,0.1438723305974587,0.3171989605265209,0.6735444664955139
Betula/PulitiULS2_321.npy,train,3,3,1,0.71849599910193,0.1834491743993813,0.09805482245530481,0.9993051290512085
Betula/PulitiULS2_322.npy,train,3,3,1,0.789176000547007,0.17664331327966307,0.034180681096077664,0.9996175765991211
Betula/PulitiULS2_323.npy,train,3,3,1,0.7792585602731352,0.1424954063924138,0.07824603055106072,0.9849808216094971
Betula/PulitiULS2_324.npy,train,3,3,1,0.7883460953870596,0.137241987167755,0.07441191354092713,0.9995579123497009
Betula/PulitiULS2_325.npy,train,3,3,1,0.7226855815235229,0.22013336898606412,0.05718104516140768,0.9993720650672913
Betula/PulitiULS2_326.npy,train,3,3,1,0.6925392342788709,0.20789459852081532,0.09956616285679065,0.9969304203987122
Betula/PulitiULS2_327.npy,train,3,3,1,0.8073633580592752,0.12090547558093681,0.07173116334051219,0.9985693693161011
Betula/PulitiULS2_328.npy,train,3,3,1,0.6157067374824398,0.19671913247929293,0.18757412747150473,0.9950913190841675
Betula/PulitiULS2_329.npy,train,3,3,1,0.7306557083193558,0.15091645565538997,0.11842783269126146,0.9996753931045532
Betula/PulitiULS2_330.npy,train,3,3,1,0.6281321041220086,0.13374216703294725,0.2381257264176067,0.8677039742469788
Betula/PulitiULS2_331.npy,train,3,3,1,0.7352195948559173,0.21895143793918095,0.04582896315872775,0.9984979629516602
Betula/PulitiULS2_332.npy,train,3,3,1,0.7689262472299104,0.12486087332200099,0.10621287651688736,0.9987348914146423
Betula/PulitiULS2_34.npy,train,3,3,1,0.4760682407463582,0.08677619621144107,0.4371555602174051,0.4973934292793274
Betula/PulitiULS2_35.npy,train,3,3,1,0.5964424196989431,0.09630798420301759,0.3072495923319934,0.5353074669837952
Betula/PulitiULS2_36.npy,train,3,3,1,0.49163900536785554,0.12341218851009012,0.38494880315444413,0.6356701850891113
Betula/PulitiULS2_37.npy,train,3,3,1,0.5168007840733075,0.074286563051487,0.40891264925356224,0.6364830136299133
Betula/PulitiULS2_38.npy,train,3,3,1,0.5616218885306379,0.05087499141878081,0.3875031169827474,0.5244863033294678
Betula/PulitiULS2_39.npy,train,3,3,1,0.5580674624640621,0.19782886429033228,0.2441036690139384,0.6587909460067749
Betula/PulitiULS2_40.npy,train,3,3,1,0.5356586971209245,0.11266869378780159,0.3516726065896183,0.4788140654563904
Betula/PulitiULS2_401.npy,train,3,3,1,0.579614938785305,0.1625163348630397,0.25786872191684684,0.8186561465263367
Betula/PulitiULS2_403.npy,train,3,3,1,0.5176432798976673,0.3087510384414439,0.17360567718772799,0.8236638903617859
Betula/PulitiULS2_404.npy,train,3,3,1,0.5387545647036909,0.3184970127536561,0.14274841782436004,0.942313551902771
Betula/PulitiULS2_405.npy,train,3,3,1,0.5862448968211719,0.3198522708919565,0.09390282729445294,0.9574187397956848
Betula/PulitiULS2_406.npy,train,3,3,1,0.5568763120063609,0.22518109975316214,0.21794258451402365,0.8167521357536316
Betula/PulitiULS2_407.npy,train,3,3,1,0.45978875563136345,0.31371437007486624,0.22649686940452887,0.8124083876609802
Betula/PulitiULS2_408.npy,train,3,3,1,0.4794147506120823,0.24331919574102823,0.27726604983486697,0.8706822395324707
Betula/PulitiULS2_409.npy,train,3,3,1,0.5385474608249492,0.3560178754518517,0.10543465918383749,0.9641615152359009
Betula/PulitiULS2_41.npy,train,3,3,1,0.4577792147452176,0.2084808962765746,0.3337398852526069,0.5850155353546143
Betula/PulitiULS2_410.npy,train,3,3,1,0.44208513647415515,0.22092548663632425,0.3369893736903296,0.8869816064834595
Betula/PulitiULS2_411.npy,train,3,3,1,0.39644642952679093,0.31695390679619734,0.28659965996228454,0.778938889503479
Betula/PulitiULS2_412.npy,train,3,3,1,0.605389808147963,0.22994557150998335,0.1646646155119546,0.9667646288871765
Betula/PulitiULS2_413.npy,train,3,3,1,0.48579055015871747,0.307966916025577,0.2062425297557419,0.8936105370521545
Betula/PulitiULS2_415.npy,train,3,3,1,0.44731556275682155,0.2940114731477719,0.2586729605542913,0.8232811689376831
Betula/PulitiULS2_416.npy,train,3,3,1,0.40542259160438265,0.3156265868503825,0.27895081786677295,0.7810924053192139
Betula/PulitiULS2_42.npy,train,3,7,0,0.7211991542907604,0.05931925718108367,0.21948158410043,0.4470929205417633
Betula/PulitiULS2_43.npy,train,3,3,1,0.48019152204210425,0.15853973423940323,0.36126874028552053,0.6197509169578552
Betula/PulitiULS2_44.npy,train,3,3,1,0.6272358932184112,0.06471801132321177,0.3080460922201823,0.7649892568588257
Betula/PulitiULS2_45.npy,train,3,3,1,0.4599035656190681,0.16104893994819422,0.3790474912933884,0.4603031575679779
Betula/PulitiULS2_46.npy,train,3,3,1,0.47954710678041024,0.07045755284618005,0.4499953369451491,0.45866501331329346
Betula/PulitiULS2_47.npy,train,3,3,1,0.670233008375128,0.11780457570927948,0.21196241243281388,0.7626116275787354
Betula/PulitiULS2_50.npy,train,3,3,1,0.5487638853773668,0.2592805020904176,0.1919556085866873,0.8646413087844849
Betula/PulitiULS2_502.npy,train,3,3,1,0.7379408642557038,0.187650552908611,0.07440857835095029,0.9986956715583801
Betula/PulitiULS2_503.npy,train,3,3,1,0.8387160352320824,0.11279247920567272,0.04849148154340273,0.9985877275466919
Betula/PulitiULS2_504.npy,train,3,3,1,0.6925289244826885,0.22850670080389937,0.07896437041991723,0.9991198182106018
Betula/PulitiULS2_505.npy,train,3,3,1,0.7420087388770618,0.16903138796585193,0.08895986931554842,0.9980416297912598
Betula/PulitiULS2_506.npy,train,3,3,1,0.6633677021383946,0.20138437470240902,0.13524791844452722,0.9973927736282349
Betula/PulitiULS2_507.npy,train,3,3,1,0.7260241187096365,0.18216294262554983,0.0918129344775185,0.996907651424408
Betula/PulitiULS2_508.npy,train,3,3,1,0.7216291530744996,0.2093993908374391,0.06897145166077429,0.9976346492767334
Betula/PulitiULS2_509.npy,train,3,3,1,0.6786926030596756,0.1987010429306219,0.12260635048457424,0.997795581817627
Betula/PulitiULS2_51.npy,train,3,3,1,0.5163986838253987,0.14329390626075703,0.3403074067865186,0.6000880599021912
Betula/PulitiULS2_510.npy,train,3,3,1,0.7426402245324972,0.15605741439784038,0.10130235604793682,0.9997904896736145
Betula/PulitiULS2_53.npy,train,3,3,1,0.5060864036729206,0.16790596699040547,0.3260076264972301,0.7170145511627197
Betula/PulitiULS2_54.npy,train,3,3,1,0.5149823234955689,0.17608282258690522,0.3089348510136128,0.7267962694168091
Betula/PulitiULS2_5474.npy,train,3,3,1,0.6055918581178532,0.2466142230838095,0.14779391454831445,0.8434690237045288
Betula/PulitiULS2_55.npy,train,3,3,1,0.4623050910599494,0.16568173861660637,0.3720131674071608,0.5383127927780151
Betula/PulitiULS2_555.npy,train,3,3,1,0.6595384938729038,0.22076038442965626,0.11970111721369686,0.9977728724479675
Betula/PulitiULS2_556.npy,train,3,3,1,0.7015232178431294,0.20505133754166968,0.09342544134104916,0.9961782693862915
Betula/PulitiULS2_558.npy,train,3,3,1,0.740571382742638,0.18911283492688002,0.07031577776225961,0.9998630285263062
Betula/PulitiULS2_559.npy,train,3,3,1,0.6802294776038359,0.13743933489192947,0.1823311851321114,0.9985226988792419
Betula/PulitiULS2_56.npy,train,3,3,1,0.4853881976801609,0.17292906189037688,0.34168273741031946,0.6328417658805847
Betula/PulitiULS2_560.npy,train,3,3,1,0.6252430422916223,0.21373796710069953,0.16101898788789462,0.9823651909828186
Betula/PulitiULS2_561.npy,train,3,3,1,0.6526963635924186,0.12300057711926629,0.2243030569502563,0.9618915319442749
Betula/PulitiULS2_562.npy,train,3,3,1,0.7375347685913486,0.17428534612964533,0.08817988193963217,0.9982836246490479
Betula/PulitiULS2_563.npy,train,3,3,1,0.6642668176511836,0.18425457678518714,0.15147860271335728,0.9960834980010986
Betula/PulitiULS2_564.npy,train,3,3,1,0.7775057842469875,0.10444951039370674,0.11804470265761612,0.9990941286087036
Betula/PulitiULS2_57.npy,train,3,3,1,0.4718848762590534,0.3015308130152465,0.226584306831139,0.7616288065910339
Betula/PulitiULS2_58.npy,train,3,3,1,0.5312713751989986,0.15998909154394353,0.30873953015443356,0.748363733291626
Betula/PulitiULS2_59.npy,train,3,3,1,0.5125549584699355,0.134988467823945,0.35245657048157086,0.6672472357749939
Betula/PulitiULS2_6.npy,train,3,3,1,0.4275555901624218,0.17679292529004356,0.39565148137874695,0.6407367587089539
Betula/PulitiULS2_60.npy,train,3,3,1,0.49448652937277854,0.16851838608059064,0.33699508162250386,0.7293992042541504
Betula/PulitiULS2_601.npy,train,3,3,1,0.48858794349099505,0.09709473953674977,0.41431731375479264,0.6345406174659729
Betula/PulitiULS2_602.npy,train,3,3,1,0.6126710845930344,0.11707515828896879,0.2702537547895445,0.9787472486495972
Betula/PulitiULS2_603.npy,train,3,3,1,0.5748698719474403,0.17482530270007193,0.2503048229364487,0.6719757914543152
Betula/PulitiULS2_604.npy,train,3,3,1,0.6714917732780615,0.1869924925498678,0.14151573113539548,0.9176135063171387
Betula/PulitiULS2_605.npy,train,3,3,1,0.6814266753979562,0.16105242936387218,0.15752089212528905,0.9911888837814331
Betula/PulitiULS2_606.npy,train,3,3,1,0.6730694974434465,0.2302718368232255,0.09665866136981371,0.9235007762908936
Betula/PulitiULS2_607.npy,train,3,3,1,0.6428000779273241,0.21533250566020304,0.14186741297352645,0.9987284541130066
Betula/PulitiULS2_608.npy,train,3,3,1,0.7112708412907707,0.23084802491854314,0.05788112974603816,0.9988319277763367
Betula/PulitiULS2_61.npy,train,3,3,1,0.5187992680930408,0.2746881045245446,0.20651262346363305,0.809253454208374
Betula/PulitiULS2_610.npy,train,3,3,1,0.6526799898481205,0.27063967358742097,0.07668033100355277,0.9997015595436096
Betula/PulitiULS2_611.npy,train,3,3,1,0.7014207787331632,0.18118346808931815,0.11739574877144625,0.9997791647911072
Betula/PulitiULS2_612.npy,train,3,3,1,0.6850663470158082,0.2291716986452674,0.08576195014928462,0.9992503523826599
Betula/PulitiULS2_613.npy,train,3,3,1,0.5315823890816119,0.3109911845216703,0.1574264231862792,0.955606997013092
Betula/PulitiULS2_614.npy,train,3,3,1,0.5807721294345319,0.3148442681006114,0.10438359853841198,0.9964141845703125
Betula/PulitiULS2_615.npy,train,3,3,1,0.5035083557282908,0.23211110859320394,0.2643805324578448,0.9807234406471252
Betula/PulitiULS2_62.npy,train,3,3,1,0.47794586779317016,0.14888919780360454,0.37316493142645485,0.6172428727149963
Betula/PulitiULS2_64.npy,train,3,3,1,0.4938221882735382,0.19964422212645958,0.30653358636956074,0.6997472047805786
Betula/PulitiULS2_6583.npy,train,3,3,1,0.48075854476439606,0.39895266643119964,0.12028878488027371,0.9074016809463501
Betula/PulitiULS2_66.npy,train,3,3,1,0.5519364659026627,0.1928132635939947,0.25525026665119377,0.7959761023521423
Betula/PulitiULS2_660.npy,train,3,3,1,0.5243023882603187,0.34654628396749404,0.12915132378621935,0.9120721220970154
Betula/PulitiULS2_662.npy,train,3,3,1,0.42301560840103314,0.30741642536924935,0.26956796225048846,0.8902913928031921
Betula/PulitiULS2_663.npy,train,3,3,1,0.5725947296230954,0.27901914555285334,0.14838612052104053,0.9834433794021606
Betula/PulitiULS2_664.npy,train,3,3,1,0.6415069483088448,0.24090589679392918,0.1175871499999865,0.9809538125991821
Betula/PulitiULS2_665.npy,train,3,3,1,0.43553766770095115,0.4972386655997237,0.06722366226776048,0.9686274528503418
Betula/PulitiULS2_667.npy,train,3,3,1,0.4431712396464666,0.3136815443119193,0.24314721218172403,0.8174800276756287
Betula/PulitiULS2_668.npy,train,3,3,1,0.5670237973700116,0.36401084232544295,0.06896535652399023,0.9618321061134338
Betula/PulitiULS2_669.npy,train,3,3,1,0.5121879753348713,0.2954154122324433,0.19239660852248477,0.9936017394065857
Betula/PulitiULS2_67.npy,train,3,3,1,0.4873342387572731,0.32184686724481404,0.19081888971563243,0.8632771968841553
Betula/PulitiULS2_670.npy,train,3,3,1,0.34104389972994714,0.16133059511983233,0.4976255021130202,0.7669293880462646
Betula/PulitiULS2_671.npy,train,3,3,1,0.5245686306928078,0.3435032254709498,0.1319281394480274,0.8633582592010498
Betula/PulitiULS2_68.npy,train,3,3,1,0.5335452750026803,0.13305444810108227,0.33340027362208163,0.6315616369247437
Betula/PulitiULS2_69.npy,train,3,3,1,0.37598889517792566,0.26765138254184656,0.3563597190529701,0.6879982948303223
Betula/PulitiULS2_70.npy,train,3,3,1,0.504388023150561,0.31347515507940693,0.18213681749953106,0.8020451664924622
Betula/PulitiULS2_700.npy,train,3,3,1,0.44958199358045364,0.3418200293946756,0.2085979728675689,0.8385737538337708
Betula/PulitiULS2_703.npy,train,3,3,1,0.616186922272534,0.10848944295193105,0.27532363197309545,0.9942358136177063
Betula/PulitiULS2_705.npy,train,3,3,1,0.6049323021801328,0.13965230116441135,0.25541539393928475,0.8639112114906311
Betula/PulitiULS2_708.npy,train,3,3,1,0.609493874257202,0.15654484326084545,0.23396127978949185,0.9520246386528015
Betula/PulitiULS2_709.npy,train,3,3,1,0.593692186471033,0.10748417287917954,0.2988236383114524,0.874767005443573
Betula/PulitiULS2_710.npy,train,3,3,1,0.7002774429048312,0.2507540580174257,0.04896849468348558,0.9990917444229126
Betula/PulitiULS2_711.npy,train,3,3,1,0.5467481860225295,0.21103916481071544,0.2422126472099663,0.8332236409187317
Betula/PulitiULS2_714.npy,train,3,3,1,0.5273364226965208,0.29129099513269807,0.18137257790559466,0.8357686400413513
Betula/PulitiULS2_715.npy,train,3,3,1,0.48005945879219364,0.21117968929090739,0.30876084822914135,0.8387448191642761
Betula/PulitiULS2_716.npy,train,3,3,1,0.559792358193513,0.28558801082975604,0.15461962676902302,0.9537332057952881
Betula/PulitiULS2_718.npy,train,3,3,1,0.5505335681735161,0.25364119740274965,0.19582523201525207,0.9911093711853027
Betula/PulitiULS2_719.npy,train,3,3,1,0.6742060915352414,0.26800161256123267,0.057792292165198815,0.9971279501914978
Betula/PulitiULS2_72.npy,train,3,3,1,0.5147289723457332,0.1737183672888131,0.31155265702647666,0.7355693578720093
Betula/PulitiULS2_720.npy,train,3,3,1,0.5029260055696123,0.321292951883241,0.17578104000766323,0.9967653751373291
Betula/PulitiULS2_721.npy,train,3,3,1,0.6139860051014812,0.21263891845907937,0.17337507358715235,0.9968044757843018
Betula/PulitiULS2_722.npy,train,3,3,1,0.593054712989716,0.32961089393935483,0.0773343887982697,0.9721757173538208
Betula/PulitiULS2_73.npy,train,3,3,1,0.3828164412293179,0.36620145525662917,0.25098209933583415,0.7635073661804199
Betula/PulitiULS2_74.npy,train,3,3,1,0.5199336678238754,0.06389022945315964,0.4161760992373703,0.6859373450279236
Betula/PulitiULS2_75.npy,train,3,3,1,0.5306997702105556,0.16264847092769227,0.30665175548401435,0.7274426817893982
Betula/PulitiULS2_77.npy,train,3,3,1,0.44379220866314467,0.2610429742561341,0.29516481374297926,0.8043808341026306
Betula/PulitiULS2_78.npy,train,3,3,1,0.5041427758598533,0.17009740092904385,0.3257598195940697,0.723408579826355
Betula/PulitiULS2_79.npy,train,3,3,1,0.4636603721271999,0.19582676813328154,0.3405128564180765,0.630896806716919
Betula/PulitiULS2_8.npy,train,3,3,1,0.48238911508062376,0.16647800087767006,0.3511328810270119,0.6110380291938782
Betula/PulitiULS2_81.npy,train,3,3,1,0.4832829541828677,0.1967160059469664,0.3200010369757003,0.6969631314277649
Betula/PulitiULS2_82.npy,train,3,3,1,0.5030364086757076,0.17991013059110925,0.3170534571245257,0.6128243207931519
Betula/PulitiULS2_83.npy,train,3,3,1,0.4908872204317688,0.3012137587766227,0.2078990164358929,0.7884543538093567
Betula/PulitiULS2_84.npy,train,3,3,1,0.38543116083764534,0.21234053955830723,0.40222829705365043,0.7190919518470764
Betula/PulitiULS2_85.npy,train,3,3,1,0.5285544822131512,0.19777882905693658,0.2736666842622166,0.7494530081748962
Betula/PulitiULS2_86.npy,train,3,3,1,0.47716837915007937,0.15501585375582405,0.3678157639005345,0.7135987877845764
Betula/PulitiULS2_87.npy,train,3,3,1,0.4372297308731032,0.16688536848586136,0.3958848963804461,0.6713130474090576
Betula/PulitiULS2_89.npy,train,3,3,1,0.5508082499693767,0.12941775957644136,0.31977398609800467,0.6210566163063049
Betula/PulitiULS2_9.npy,train,3,3,1,0.4809626800361272,0.0894004174766641,0.4296368999779942,0.6695875525474548
Betula/PulitiULS2_91.npy,train,3,3,1,0.5400460624784876,0.22136488939014404,0.23858904408891218,0.7048941850662231
Betula/PulitiULS2_92.npy,train,3,3,1,0.4146958550969365,0.2988944658236301,0.2864096752724674,0.6981058716773987
Betula/PulitiULS2_94.npy,train,3,3,1,0.626420541511346,0.105331990378234,0.2682474646379261,0.7504312992095947
Betula/PulitiULS2_95.npy,train,3,3,1,0.45399696070219336,0.17591473114333256,0.37008830493904604,0.7315912246704102
Betula/PulitiULS2_96.npy,train,3,3,1,0.565295139663367,0.152715300029598,0.2819895571619335,0.9622096419334412
Picea/PulitiULS2_1.npy,train,7,3,0,0.41685746132767415,0.14713360183110138,0.43600893402804525,0.45448318123817444
Picea/PulitiULS2_10.npy,train,7,3,0,0.4821342605743666,0.14981609689023143,0.3680496397718308,0.6863245368003845
Picea/PulitiULS2_11.npy,train,7,3,0,0.41093521004211286,0.14214344400322476,0.4469213427805175,0.4788063168525696
Picea/PulitiULS2_12.npy,train,7,3,0,0.49890834681829505,0.149574457715998,0.3515171923952914,0.669757604598999
Picea/PulitiULS2_13.npy,train,7,3,0,0.42758078674178784,0.17147898041209594,0.4009402299127519,0.5955145359039307
Picea/PulitiULS2_14.npy,train,7,3,0,0.4325905222588509,0.13041536475997229,0.43699411043850234,0.6359644532203674
Picea/PulitiULS2_16.npy,train,7,3,0,0.36028132505207044,0.11280494072604212,0.5269137307547482,0.4710952639579773
Picea/PulitiULS2_17.npy,train,7,3,0,0.42358834754566915,0.12245133244777742,0.4539603166773857,0.4094952642917633
Picea/PulitiULS2_18.npy,train,7,3,0,0.5816322516910291,0.15959488060945465,0.25877286361222024,0.7192783355712891
Picea/PulitiULS2_19.npy,train,7,3,0,0.4513251979507839,0.11459594496094587,0.43407885404876567,0.5300548076629639
Picea/PulitiULS2_2.npy,train,7,3,0,0.3939766930465768,0.24374701856525396,0.36227628498406755,0.7419259548187256
Picea/PulitiULS2_22.npy,train,7,3,0,0.3630805728801698,0.241348266919586,0.3955711571258062,0.5770258903503418
Picea/PulitiULS2_23.npy,train,7,3,0,0.548211631430096,0.07629046689806934,0.3754978983906314,0.4348785877227783
Picea/PulitiULS2_25.npy,train,7,3,0,0.38036776243348164,0.3673240223043846,0.25230821071345916,0.7862516045570374
Picea/PulitiULS2_26.npy,train,7,3,0,0.382708836609624,0.2663094862457897,0.3509816736215615,0.6354078054428101
Picea/PulitiULS2_27.npy,train,7,3,0,0.5956871358055881,0.14858561488954017,0.2557272454635771,0.6488889455795288
Picea/PulitiULS2_29.npy,train,7,3,0,0.451534742114585,0.1289063055936969,0.41955894911004304,0.49677610397338867
Picea/PulitiULS2_3.npy,train,7,3,0,0.4740704989380907,0.0981378212606691,0.42779167665621576,0.4096852242946625
Picea/PulitiULS2_33.npy,train,7,3,0,0.380945062421753,0.3436433109887019,0.27541162234956673,0.7430622577667236
Picea/PulitiULS2_34.npy,train,7,3,0,0.5151290472115249,0.15557026338660265,0.329300685451919,0.518496036529541
Picea/PulitiULS2_35.npy,train,7,3,0,0.6463152246964425,0.0945935000853737,0.2590912720800919,0.6610592603683472
Picea/PulitiULS2_36.npy,train,7,3,0,0.5022063116768762,0.07355057660049598,0.4242431088197472,0.4413851201534271
Picea/PulitiULS2_37.npy,train,7,3,0,0.5796750531990875,0.10302592676160137,0.3172990170328316,0.5597043633460999
Picea/PulitiULS2_38.npy,train,7,3,0,0.5307444891196529,0.10176513176475664,0.3674903759247548,0.5595713257789612
Picea/PulitiULS2_39.npy,train,7,3,0,0.525612348270462,0.1448266918900662,0.329560956607512,0.5736024975776672
Picea/PulitiULS2_4.npy,train,7,3,0,0.49872782607266997,0.09885528033758244,0.402416890933066,0.5173647999763489
Picea/PulitiULS2_40.npy,train,7,3,0,0.49996508944229523,0.13653243568459772,0.3635024718727137,0.4756723940372467
Picea/PulitiULS2_42.npy,train,7,3,0,0.46597377786814376,0.17496845137717743,0.3590577672025619,0.5243708491325378
Picea/PulitiULS2_43.npy,train,7,3,0,0.7082748151083217,0.06784595251187461,0.2238792286904511,0.5084320306777954
Picea/PulitiULS2_44.npy,train,7,7,1,0.6738974897485024,0.0995181078535422,0.22658439934120336,0.48366230726242065
Picea/PulitiULS2_45.npy,train,7,3,0,0.5016773477488224,0.09196270881306327,0.4063599405073751,0.5730531811714172
Picea/PulitiULS2_5.npy,train,7,3,0,0.4516344317226864,0.08510025304971554,0.46326531196783816,0.5479770302772522
Picea/PulitiULS2_9.npy,train,7,3,0,0.44277231533953126,0.13008645886049744,0.42714122312713154,0.63350909948349
Pinus/PulitiULS2_1.npy,train,8,7,0,0.617008156371729,0.20385513982239029,0.17913669784084418,0.451638400554657
Pinus/PulitiULS2_10.npy,train,8,3,0,0.4015906996749924,0.18725979554678854,0.4111495023675087,0.6069180965423584
Pinus/PulitiULS2_100.npy,train,8,3,0,0.4749943028168233,0.19957054446312156,0.32543514911117544,0.8659704327583313
Pinus/PulitiULS2_101.npy,train,8,3,0,0.39682346816776803,0.14394497597458253,0.459231552270718,0.6207104921340942
Pinus/PulitiULS2_105.npy,train,8,3,0,0.4074695978101333,0.2465552966890023,0.3459751016411018,0.7190308570861816
Pinus/PulitiULS2_107.npy,train,8,3,0,0.4572499256635816,0.18388556355568736,0.3588645072406489,0.7056255340576172
Pinus/PulitiULS2_108.npy,train,8,8,1,0.6529552990575155,0.23203455811431864,0.115010139502378,0.8779884576797485
Pinus/PulitiULS2_109.npy,train,8,3,0,0.5496468949761846,0.2880307566141781,0.16232234379481925,0.7976766228675842
Pinus/PulitiULS2_11.npy,train,8,3,0,0.4151263614773577,0.23039367263053534,0.35447996272768223,0.633685827255249
Pinus/PulitiULS2_110.npy,train,8,3,0,0.5024803810328726,0.2274595683067365,0.2700600463414208,0.8218282461166382
Pinus/PulitiULS2_111.npy,train,8,3,0,0.5027520382886648,0.2581134719506716,0.23913448554869718,0.7584737539291382
Pinus/PulitiULS2_112.npy,train,8,3,0,0.4752343284083793,0.18505006371942376,0.3397156042713644,0.7852910757064819
Pinus/PulitiULS2_113.npy,train,8,3,0,0.4316199670492586,0.2037994038962659,0.3645806254089856,0.7597377300262451
Pinus/PulitiULS2_114.npy,train,8,3,0,0.3936019399321631,0.19552187699068455,0.4108761800591341,0.5750329494476318
Pinus/PulitiULS2_115.npy,train,8,3,0,0.4090133970935113,0.1692207180924596,0.4217658819383333,0.5463286638259888
Pinus/PulitiULS2_116.npy,train,8,3,0,0.396870205051107,0.27429961149327003,0.32883017952468024,0.7722486257553101
Pinus/PulitiULS2_117.npy,train,8,3,0,0.34943079999095245,0.2533821149635152,0.39718708093369065,0.6777409911155701
Pinus/PulitiULS2_118.npy,train,8,3,0,0.3552543297207369,0.28524533684012415,0.35950032960132017,0.6179520487785339
Pinus/PulitiULS2_119.npy,train,8,3,0,0.5010797321201208,0.12090094273307424,0.37801932201324995,0.7073633074760437
Pinus/PulitiULS2_12.npy,train,8,3,0,0.44290930800647027,0.09881412652356068,0.45827656209038425,0.5008100271224976
Pinus/PulitiULS2_120.npy,train,8,3,0,0.5889701610230234,0.17896960166852782,0.23206023345862564,0.7616772055625916
Pinus/PulitiULS2_122.npy,train,8,3,0,0.43106728234293795,0.19255932980125837,0.376373384717862,0.6673386693000793
Pinus/PulitiULS2_123.npy,train,8,8,1,0.5269747471127331,0.24750885287244487,0.22551639754877506,0.9647160172462463
Pinus/PulitiULS2_124.npy,train,8,8,1,0.6422272494188398,0.29848169725845447,0.05929104933875973,0.9956734776496887
Pinus/PulitiULS2_125.npy,train,8,8,1,0.6666360428870931,0.24388438631453627,0.08947956648731989,0.9996665716171265
Pinus/PulitiULS2_126.npy,train,8,8,1,0.51679918979594,0.28726485073440106,0.1959359558800461,0.863073468208313
Pinus/PulitiULS2_127.npy,train,8,8,1,0.6280261009617872,0.28632833775864425,0.08564555809579523,0.969074547290802
Pinus/PulitiULS2_129.npy,train,8,8,1,0.5902458018619074,0.2787698223265648,0.13098437270169103,0.94623863697052
Pinus/PulitiULS2_13.npy,train,8,3,0,0.423080566601195,0.17213117454957463,0.40478825568080123,0.6414005160331726
Pinus/PulitiULS2_130.npy,train,8,8,1,0.5250052134364483,0.2568100038797767,0.21818478019882606,0.9470207095146179
Pinus/PulitiULS2_140.npy,train,8,8,1,0.7756266186583657,0.15309576018576873,0.07127761741280188,0.9673998951911926
Pinus/PulitiULS2_142.npy,train,8,8,1,0.6132767252960337,0.24982191514456678,0.13690135649613483,0.9992924928665161
Pinus/PulitiULS2_143.npy,train,8,8,1,0.6780405855753827,0.2687916094078596,0.05316780071849072,0.9955729246139526
Pinus/PulitiULS2_144.npy,train,8,8,1,0.5838871578056861,0.282322444600897,0.13379039383741123,0.9949472546577454
Pinus/PulitiULS2_145.npy,train,8,8,1,0.7427897571499196,0.17956256839019138,0.07764767080601231,0.9975128173828125
Pinus/PulitiULS2_146.npy,train,8,8,1,0.7068060147142049,0.23441127749114016,0.05878270360406708,0.9990659356117249
Pinus/PulitiULS2_147.npy,train,8,8,1,0.6587466197842211,0.25975622307548113,0.08149715349007572,0.9902728199958801
Pinus/PulitiULS2_148.npy,train,8,8,1,0.625429642622053,0.2752066837113881,0.09936366974148647,0.9895188212394714
Pinus/PulitiULS2_149.npy,train,8,8,1,0.7611943280889507,0.16656103571359257,0.07224463308166466,0.9920803904533386
Pinus/PulitiULS2_15.npy,train,8,3,0,0.554091387363465,0.1130726204423068,0.33283598954563837,0.731159508228302
Pinus/PulitiULS2_150.npy,train,8,8,1,0.697419889748788,0.25581308369444344,0.04676702256663259,0.9911264777183533
Pinus/PulitiULS2_151.npy,train,8,8,1,0.6750492045338367,0.2701638078500492,0.05478698386140351,0.9936575293540955
Pinus/PulitiULS2_152.npy,train,8,8,1,0.5848127871495471,0.27409307366278135,0.14109413677863178,0.9944654107093811
Pinus/PulitiULS2_154.npy,train,8,8,1,0.5198140238795468,0.2799813932212265,0.2002045795722068,0.9372007846832275
Pinus/PulitiULS2_155.npy,train,8,8,1,0.5743310748255722,0.18867366385733594,0.23699525843661923,0.9205940961837769
Pinus/PulitiULS2_156.npy,train,8,8,1,0.3564130936673176,0.1701798905401766,0.47340701368076044,0.5689813494682312
Pinus/PulitiULS2_157.npy,train,8,8,1,0.5243333594645053,0.16964270120159292,0.306023936045917,0.8409166932106018
Pinus/PulitiULS2_16.npy,train,8,3,0,0.3587134582188903,0.21514351124110262,0.4261430271249694,0.5923780202865601
Pinus/PulitiULS2_160.npy,train,8,3,0,0.607120558333453,0.11986875123162698,0.2730106882463471,0.6745833158493042
Pinus/PulitiULS2_161.npy,train,8,8,1,0.7203065371359394,0.2039473919375911,0.07574606741015641,0.9530081152915955
Pinus/PulitiULS2_162.npy,train,8,8,1,0.6934162658539995,0.15218244602989028,0.1544012850613732,0.8957685232162476
Pinus/PulitiULS2_163.npy,train,8,3,0,0.3364578532496863,0.19317391537714607,0.47036822898239317,0.8696465492248535
Pinus/PulitiULS2_164.npy,train,8,8,1,0.6333241809119415,0.12143393038095823,0.24524188537990482,0.7780423164367676
Pinus/PulitiULS2_166.npy,train,8,8,1,0.6236794494153363,0.2129807180377874,0.1633398295440784,0.7436918020248413
Pinus/PulitiULS2_167.npy,train,8,8,1,0.4260634012539686,0.24190763536668902,0.3320289610023821,0.9013660550117493
Pinus/PulitiULS2_168.npy,train,8,8,1,0.6698173158471984,0.20147286595827332,0.128709815018138,0.9902944564819336
Pinus/PulitiULS2_169.npy,train,8,8,1,0.6525725026472723,0.12420429167128481,0.2232232022176719,0.9799525141716003
Pinus/PulitiULS2_17.npy,train,8,3,0,0.411593127897441,0.15227863574905257,0.4361282332544373,0.425113707780838
Pinus/PulitiULS2_170.npy,train,8,8,1,0.7128423806460341,0.08576243698309831,0.2013951789961519,0.9868022799491882
Pinus/PulitiULS2_171.npy,train,8,8,1,0.6924341221654385,0.14846082285761317,0.15910505155001273,0.991904079914093
Pinus/PulitiULS2_172.npy,train,8,8,1,0.6418931043347071,0.22963504834359774,0.1284718435559735,0.9066257476806641
Pinus/PulitiULS2_173.npy,train,8,8,1,0.4826607762657169,0.25088446848298634,0.26645475229856946,0.9061120748519897
Pinus/PulitiULS2_175.npy,train,8,8,1,0.3754044721369359,0.2623674564247935,0.3622280682178944,0.8124698400497437
Pinus/PulitiULS2_176.npy,train,8,8,1,0.7294656739669704,0.20402877827760202,0.06650554452610799,0.9861577749252319
Pinus/PulitiULS2_177.npy,train,8,8,1,0.5877392804971766,0.20290358323278768,0.20935713369222075,0.8789086937904358
Pinus/PulitiULS2_178.npy,train,8,8,1,0.7548529559658214,0.1608740796336567,0.08427296088071907,0.9883033037185669
Pinus/PulitiULS2_179.npy,train,8,8,1,0.7188556692215159,0.2115543284810823,0.06958999810746681,0.9872915744781494
Pinus/PulitiULS2_18.npy,train,8,3,0,0.5997487970266074,0.11285743590086215,0.2873937630411109,0.615627110004425
Pinus/PulitiULS2_180.npy,train,8,8,1,0.6080311423984079,0.24380117347045524,0.14816768059873328,0.9849963188171387
Pinus/PulitiULS2_182.npy,train,8,8,1,0.6263840506914642,0.3145869796487763,0.05902896610581285,0.9946914315223694
Pinus/PulitiULS2_183.npy,train,8,8,1,0.58037887238706,0.20824401804416562,0.2113771067168437,0.6631236672401428
Pinus/PulitiULS2_184.npy,train,8,8,1,0.5702990153719969,0.2188749019553948,0.21082607968916015,0.920413076877594
Pinus/PulitiULS2_185.npy,train,8,3,0,0.39270718500444063,0.2714913308411361,0.3358014813966828,0.5331543684005737
Pinus/PulitiULS2_187.npy,train,8,8,1,0.7815739685571818,0.12161745661931075,0.09680857187661882,0.9929335117340088
Pinus/PulitiULS2_188.npy,train,8,8,1,0.617492598628651,0.25856498792749716,0.12394240960839155,0.8366775512695312
Pinus/PulitiULS2_19.npy,train,8,3,0,0.4325657193967867,0.155345706978439,0.41208857090901063,0.5753690600395203
Pinus/PulitiULS2_191.npy,train,8,3,0,0.47477165327266413,0.09091803348049468,0.4343103097561379,0.6496943831443787
Pinus/PulitiULS2_192.npy,train,8,8,1,0.653073226641356,0.10096348862732808,0.24596328190631636,0.8620772957801819
Pinus/PulitiULS2_193.npy,train,8,3,0,0.5092878909594488,0.11428798765164716,0.3764241180518627,0.5932942032814026
Pinus/PulitiULS2_195.npy,train,8,8,1,0.773392638171456,0.16902128443736314,0.057586073835739965,0.9978868365287781
Pinus/PulitiULS2_198.npy,train,8,8,1,0.7461498506895373,0.2049953760279097,0.04885476923628269,0.9942963719367981
Pinus/PulitiULS2_199.npy,train,8,8,1,0.6484315905058964,0.22510448652156673,0.12646391927293205,0.9897908568382263
Pinus/PulitiULS2_2.npy,train,8,3,0,0.5121741276654868,0.15043914503819764,0.3373867242950696,0.6981200575828552
Pinus/PulitiULS2_20.npy,train,8,3,0,0.41975387804678943,0.16815060846947688,0.4120955099957896,0.728046178817749
Pinus/PulitiULS2_200.npy,train,8,8,1,0.8200590073695264,0.12196897997542379,0.05797200919976596,0.9957568049430847
Pinus/PulitiULS2_201.npy,train,8,3,0,0.4912884895749135,0.19747595423576175,0.3112355524134354,0.787505567073822
Pinus/PulitiULS2_202.npy,train,8,3,0,0.3697490673513569,0.3620493357044326,0.2682015932565862,0.769843578338623
Pinus/PulitiULS2_203.npy,train,8,8,1,0.6520223237348338,0.21120632352696156,0.13677134944913263,0.8589859008789062
Pinus/PulitiULS2_205.npy,train,8,8,1,0.6253184210377066,0.24616990021278476,0.12851167422254817,0.9884148836135864
Pinus/PulitiULS2_206.npy,train,8,3,0,0.5198723274777685,0.1710940945626509,0.3090335742173478,0.7699747681617737
Pinus/PulitiULS2_207.npy,train,8,3,0,0.4049525556930699,0.23711016034840457,0.35793728073896164,0.7404511570930481
Pinus/PulitiULS2_208.npy,train,8,3,0,0.46881126921378535,0.2171985329595955,0.3139901941856235,0.7665656208992004
Pinus/PulitiULS2_210.npy,train,8,3,0,0.5721198705553878,0.1712002078812218,0.25667991825267267,0.6085079908370972
Pinus/PulitiULS2_211.npy,train,8,3,0,0.5209767012612401,0.21401088742013902,0.26501240787013913,0.6795181632041931
Pinus/PulitiULS2_213.npy,train,8,3,0,0.4494468816415876,0.19926074641055283,0.35129236850158096,0.7051597237586975
Pinus/PulitiULS2_215.npy,train,8,3,0,0.3751397607139573,0.27562662844094626,0.3492336068404495,0.7204128503799438
Pinus/PulitiULS2_217.npy,train,8,3,0,0.4293946884375687,0.1772942289902248,0.3933110792573453,0.7391379475593567
Pinus/PulitiULS2_218.npy,train,8,3,0,0.45465000197839217,0.21076797291195645,0.3345820220082523,0.7336844801902771
Pinus/PulitiULS2_219.npy,train,8,3,0,0.4423260695074083,0.1763179252463818,0.3813560019085391,0.6752029657363892
Pinus/PulitiULS2_221.npy,train,8,3,0,0.5006947956520711,0.18526061464724058,0.31404458676321856,0.7999577522277832
Pinus/PulitiULS2_222.npy,train,8,3,0,0.4936616050422059,0.14444744171191548,0.3618909494148449,0.7577127814292908
Pinus/PulitiULS2_223.npy,train,8,3,0,0.4821028287487743,0.1642634552420186,0.35363371210506456,0.7388015389442444
Pinus/PulitiULS2_224.npy,train,8,3,0,0.38756242568188876,0.3505777798905752,0.26185979135601845,0.8093655705451965
Pinus/PulitiULS2_225.npy,train,8,3,0,0.4115566570030455,0.2030967399103638,0.3853465993495102,0.7163427472114563
Pinus/PulitiULS2_226.npy,train,8,3,0,0.4787563411478878,0.2334393152288508,0.28780433977592845,0.7653399705886841
Pinus/PulitiULS2_227.npy,train,8,3,0,0.4379555525742788,0.3483513298681658,0.2136931137648077,0.9001263976097107
Pinus/PulitiULS2_228.npy,train,8,3,0,0.4596490368938612,0.19267108985447012,0.3476798697525037,0.7446943521499634
Pinus/PulitiULS2_229.npy,train,8,3,0,0.4368307248637581,0.24724089686491796,0.3159283749770391,0.7237139344215393
Pinus/PulitiULS2_23.npy,train,8,3,0,0.5102040461053559,0.13440499711225692,0.3553909537461983,0.5734490752220154
Pinus/PulitiULS2_230.npy,train,8,3,0,0.44358556647345637,0.1988383439949019,0.3575760860741229,0.6511539220809937
Pinus/PulitiULS2_231.npy,train,8,3,0,0.4472564575897602,0.22232029526206587,0.33042324314345023,0.7210007905960083
Pinus/PulitiULS2_232.npy,train,8,8,1,0.7373727583460972,0.18847193770516596,0.07415530011582834,0.9989846348762512
Pinus/PulitiULS2_233.npy,train,8,3,0,0.48212398938349876,0.24570509097939935,0.2721709156506618,0.8198453187942505
Pinus/PulitiULS2_234.npy,train,8,3,0,0.48229604575826357,0.20544192784604526,0.3122620229287485,0.6890601515769958
Pinus/PulitiULS2_235.npy,train,8,3,0,0.4552077315432531,0.2770495284647506,0.2677427359845619,0.7164323329925537
Pinus/PulitiULS2_236.npy,train,8,3,0,0.45080230676271554,0.1807155885846984,0.36848210126304803,0.6906738877296448
Pinus/PulitiULS2_237.npy,train,8,3,0,0.644552520521506,0.13043221863664944,0.22501525675774203,0.8448350429534912
Pinus/PulitiULS2_238.npy,train,8,3,0,0.5080579210307439,0.2851042580987261,0.20683781803403742,0.955885112285614
Pinus/PulitiULS2_24.npy,train,8,3,0,0.5860171487202072,0.15675364068564954,0.2572292068371355,0.6858365535736084
Pinus/PulitiULS2_240.npy,train,8,8,1,0.7169521012103786,0.2137228467548586,0.06932504792453553,0.9935008883476257
Pinus/PulitiULS2_242.npy,train,8,8,1,0.720959315150965,0.22985527922990037,0.04918540156409931,0.9987898468971252
Pinus/PulitiULS2_243.npy,train,8,3,0,0.5165600171800423,0.24969035129511785,0.23374962766265336,0.7764446139335632
Pinus/PulitiULS2_244.npy,train,8,8,1,0.7153916458381726,0.20029891086467058,0.08430943969352497,0.9065770506858826
Pinus/PulitiULS2_245.npy,train,8,3,0,0.45526019153870917,0.2551266950176325,0.2896131096860035,0.8634204268455505
Pinus/PulitiULS2_246.npy,train,8,8,1,0.704103632926065,0.22846538171688632,0.06743097980879768,0.9765453934669495
Pinus/PulitiULS2_247.npy,train,8,3,0,0.6212950478772472,0.09055455525767062,0.28815039360488226,0.6147088408470154
Pinus/PulitiULS2_248.npy,train,8,3,0,0.5755022624371003,0.21537400808490587,0.2091237251474516,0.7856799960136414
Pinus/PulitiULS2_249.npy,train,8,3,0,0.5486922538918567,0.18052818192996367,0.2707795601915671,0.7674202919006348
Pinus/PulitiULS2_25.npy,train,8,3,0,0.5369668394841837,0.13052599137135723,0.332507165144792,0.701510488986969
Pinus/PulitiULS2_250.npy,train,8,3,0,0.5170624976585648,0.2275662001741149,0.2553712975609893,0.8377241492271423
Pinus/PulitiULS2_251.npy,train,8,8,1,0.6747282908971879,0.2478397022348456,0.07743200352588492,0.9917721152305603
Pinus/PulitiULS2_254.npy,train,8,3,0,0.6607867710650166,0.12117467863944763,0.21803854634881703,0.965056836605072
Pinus/PulitiULS2_255.npy,train,8,3,0,0.5226503871104848,0.28266081636446033,0.19468879189954666,0.8322109580039978
Pinus/PulitiULS2_26.npy,train,8,3,0,0.41864133540210013,0.08754579755986576,0.4938128639739547,0.5348213315010071
Pinus/PulitiULS2_27.npy,train,8,3,0,0.6306267630736322,0.06679138400475532,0.30258184959803525,0.5282738208770752
Pinus/PulitiULS2_28.npy,train,8,3,0,0.6305371518225311,0.13018964062009666,0.23927320524105355,0.8662324547767639
Pinus/PulitiULS2_29.npy,train,8,3,0,0.5745262649316016,0.17676170150078485,0.24871202996429906,0.6080922484397888
Pinus/PulitiULS2_3.npy,train,8,3,0,0.466167637059602,0.11751692413057466,0.416315435801864,0.4659920334815979
Pinus/PulitiULS2_30.npy,train,8,3,0,0.4768750126813271,0.15805261601952164,0.36507236819883315,0.4990091323852539
Pinus/PulitiULS2_31.npy,train,8,3,0,0.590146215422565,0.09531346206891442,0.31454031936204013,0.6669051051139832
Pinus/PulitiULS2_32.npy,train,8,3,0,0.6102499957333648,0.12222264574233163,0.26752735466298533,0.7808821797370911
Pinus/PulitiULS2_33.npy,train,8,3,0,0.3700142188391786,0.23408969868248922,0.3958960795071882,0.647672712802887
Pinus/PulitiULS2_34.npy,train,8,3,0,0.4944979920452108,0.13983612702186615,0.3656658779196535,0.4921782314777374
Pinus/PulitiULS2_35.npy,train,8,3,0,0.573633703877139,0.10606569379845983,0.3203005991535292,0.5704905390739441
Pinus/PulitiULS2_36.npy,train,8,3,0,0.5892571762117478,0.07664999709977012,0.33409282354769454,0.5733880996704102
Pinus/PulitiULS2_37.npy,train,8,3,0,0.5055696912947065,0.0996482011572544,0.39478210470095704,0.40789124369621277
Pinus/PulitiULS2_38.npy,train,8,3,0,0.5539430082198677,0.09468929419280332,0.3513676943648214,0.45863181352615356
Pinus/PulitiULS2_39.npy,train,8,3,0,0.5637503066730363,0.0821900480604518,0.35405964179237853,0.5219632387161255
Pinus/PulitiULS2_4.npy,train,8,3,0,0.4618245567569118,0.09081776038753842,0.4473576800031792,0.4489485025405884
Pinus/PulitiULS2_41.npy,train,8,3,0,0.4786912780161056,0.20129528469675134,0.3200134336185491,0.604832649230957
Pinus/PulitiULS2_43.npy,train,8,3,0,0.44714051884518136,0.13243726293491306,0.42042221499452126,0.4435074031352997
Pinus/PulitiULS2_46.npy,train,8,3,0,0.6054393566617455,0.09784510131109772,0.29671553849058957,0.6593431234359741
Pinus/PulitiULS2_47.npy,train,8,3,0,0.6069966920117343,0.1468741200776076,0.2461291841286624,0.7252411842346191
Pinus/PulitiULS2_48.npy,train,8,3,0,0.6547402483068818,0.07418475649187875,0.2710749916808245,0.6103150844573975
Pinus/PulitiULS2_49.npy,train,8,8,1,0.6626831446158082,0.2311761667904847,0.10614068485044272,0.9773295521736145
Pinus/PulitiULS2_5.npy,train,8,3,0,0.44343671525180567,0.20228581398184373,0.3542774677514066,0.6282423138618469
Pinus/PulitiULS2_51.npy,train,8,3,0,0.46441676893076067,0.13059284398074453,0.40499038471660476,0.5882357954978943
Pinus/PulitiULS2_52.npy,train,8,3,0,0.4782981492938677,0.22000856668864105,0.30169328053462136,0.8061602711677551
Pinus/PulitiULS2_53.npy,train,8,3,0,0.5359882587365516,0.12216889344222084,0.34184284538097187,0.7956303358078003
Pinus/PulitiULS2_54.npy,train,8,3,0,0.5563029635898479,0.13441630088838374,0.30928073229679315,0.7812545895576477
Pinus/PulitiULS2_55.npy,train,8,3,0,0.5166815194457408,0.15114551544161378,0.33217296160474635,0.7083770632743835
Pinus/PulitiULS2_56.npy,train,8,3,0,0.5519805247794336,0.2212294860995044,0.2267899851594471,0.8078101873397827
Pinus/PulitiULS2_57.npy,train,8,3,0,0.4480165262097725,0.17704810517766648,0.3749353651613486,0.7672438621520996
Pinus/PulitiULS2_58.npy,train,8,3,0,0.4997909132543912,0.11600850240488168,0.38420058138312113,0.658109188079834
Pinus/PulitiULS2_59.npy,train,8,3,0,0.4317652055862549,0.2033895575150972,0.36484523378551503,0.6957347393035889
Pinus/PulitiULS2_6.npy,train,8,3,0,0.4225137953091335,0.17462200042287931,0.40286420154273134,0.5632483959197998
Pinus/PulitiULS2_60.npy,train,8,3,0,0.5651364286647319,0.08174232973833159,0.3531212387002772,0.7097989320755005
Pinus/PulitiULS2_61.npy,train,8,3,0,0.5598885880986462,0.2194337153986198,0.2206776924752404,0.8055490255355835
Pinus/PulitiULS2_62.npy,train,8,3,0,0.5301266775256633,0.08836542597510792,0.3815078933770398,0.6951624155044556
Pinus/PulitiULS2_63.npy,train,8,3,0,0.5183895856343735,0.2398036077815586,0.24180680249669315,0.797631025314331
Pinus/PulitiULS2_64.npy,train,8,3,0,0.45543087503214236,0.26695712538122474,0.27761199578100576,0.7584159970283508
Pinus/PulitiULS2_65.npy,train,8,3,0,0.5093288764457284,0.13542033248562757,0.35525078775823804,0.7760534882545471
Pinus/PulitiULS2_66.npy,train,8,3,0,0.3802082449791674,0.1710861079171536,0.4487056441054228,0.6445800065994263
Pinus/PulitiULS2_67.npy,train,8,3,0,0.5309876010311573,0.28223058060174616,0.18678181427648777,0.8735456466674805
Pinus/PulitiULS2_7.npy,train,8,3,0,0.4843221431650324,0.11116316532491287,0.404514688243231,0.6176872253417969
Pinus/PulitiULS2_70.npy,train,8,3,0,0.5756664406500057,0.24221889184340856,0.18211466322671324,0.7956956028938293
Pinus/PulitiULS2_71.npy,train,8,3,0,0.4059429571539061,0.20221839304171674,0.39183864684245334,0.5613018870353699
Pinus/PulitiULS2_72.npy,train,8,3,0,0.5025887422052384,0.136506375092896,0.3609048798207719,0.6432352066040039
Pinus/PulitiULS2_73.npy,train,8,3,0,0.5081342984781559,0.12416791513648415,0.36769778277999,0.709689736366272
Pinus/PulitiULS2_74.npy,train,8,3,0,0.5188712494918769,0.1469576746124179,0.33417107236841737,0.6176789402961731
Pinus/PulitiULS2_75.npy,train,8,3,0,0.5309017870011605,0.1752900410454251,0.2938081681969092,0.8246263265609741
Pinus/PulitiULS2_78.npy,train,8,3,0,0.49439150834668927,0.19187363763261042,0.313734850279005,0.7285414934158325
Pinus/PulitiULS2_8.npy,train,8,3,0,0.4243284572332606,0.21338473378534697,0.3622868060175378,0.6856030225753784
Pinus/PulitiULS2_80.npy,train,8,3,0,0.47134827338129703,0.23666071477462305,0.2919910080463483,0.7096213698387146
Pinus/PulitiULS2_82.npy,train,8,3,0,0.41153168072068563,0.19819508141073494,0.3902732335022066,0.6998061537742615
Pinus/PulitiULS2_83.npy,train,8,3,0,0.4585580470764031,0.24641283539811965,0.2950291133608064,0.7331557273864746
Pinus/PulitiULS2_84.npy,train,8,3,0,0.48893901880127594,0.18934351285758394,0.3217174648435514,0.7353074550628662
Pinus/PulitiULS2_85.npy,train,8,3,0,0.48396565020405397,0.11914905805396228,0.3968852877911204,0.6859557628631592
Pinus/PulitiULS2_87.npy,train,8,3,0,0.4746119769285392,0.19285645290658268,0.33253156628656927,0.6200743913650513
Pinus/PulitiULS2_88.npy,train,8,3,0,0.43014941284331143,0.13809245420700758,0.4317581300803796,0.5566825270652771
Pinus/PulitiULS2_89.npy,train,8,3,0,0.49762875465860174,0.1848597732472889,0.3175114677236274,0.6480569839477539
Pinus/PulitiULS2_9.npy,train,8,3,0,0.3933259109000606,0.1449643958214212,0.4617096909010631,0.5809999108314514
Pinus/PulitiULS2_90.npy,train,8,3,0,0.45974058009970753,0.2170962648475309,0.32316315184374,0.6350961923599243
Pinus/PulitiULS2_91.npy,train,8,3,0,0.5422917219096758,0.2383683508079044,0.21933992307248984,0.8682143688201904
Pinus/PulitiULS2_92.npy,train,8,3,0,0.47337876156037534,0.18702278223154026,0.3395984518742543,0.6800535321235657
Pinus/PulitiULS2_94.npy,train,8,3,0,0.513355399758268,0.21251869879445315,0.27412589720784336,0.7093749642372131
Pinus/PulitiULS2_95.npy,train,8,3,0,0.45860049293617067,0.18372675370645786,0.35767275067316934,0.7005158066749573
Pinus/Saarinen2021_vh112_plot10_tree1.npy,train,8,8,1,0.5479168382211335,0.20388581427750857,0.248197342001329,0.9999992847442627
Pinus/Saarinen2021_vh112_plot10_tree10.npy,train,8,8,1,0.4703253288858545,0.2476751707606807,0.28199949670525964,0.9999945163726807
Pinus/Saarinen2021_vh112_plot10_tree100.npy,train,8,8,1,0.4847462528817053,0.21548486125463484,0.299768880489903,0.9999986886978149
Pinus/Saarinen2021_vh112_plot10_tree101.npy,train,8,8,1,0.5264187993443511,0.23313889374651384,0.2404423042756761,0.999994158744812
Pinus/Saarinen2021_vh112_plot10_tree104.npy,train,8,8,1,0.4931853083206162,0.23699788004240807,0.26981680851426415,0.9999972581863403
Pinus/Saarinen2021_vh112_plot10_tree106.npy,train,8,8,1,0.4993884310175722,0.21797770332972108,0.2826338599351063,0.999998927116394
Pinus/Saarinen2021_vh112_plot10_tree107.npy,train,8,8,1,0.4297324136704593,0.2692930874235934,0.3009744937661716,0.999998927116394
Pinus/Saarinen2021_vh112_plot10_tree11.npy,train,8,8,1,0.545798219192181,0.18492763633824927,0.26927414025583085,0.9999947547912598
Pinus/Saarinen2021_vh112_plot10_tree111.npy,train,8,8,1,0.5271528708987843,0.22003570382410814,0.2528114220438309,0.9999980926513672
Pinus/Saarinen2021_vh112_plot10_tree112.npy,train,8,8,1,0.6150071197979418,0.1716795049451555,0.21331337099149258,0.9999964237213135
Pinus/Saarinen2021_vh112_plot10_tree116.npy,train,8,8,1,0.46014544392682066,0.33801523642719083,0.20183931543672629,0.9999991655349731
Pinus/Saarinen2021_vh112_plot10_tree117.npy,train,8,8,1,0.47858298633842,0.2527726641845258,0.2686443451598351,0.9999973773956299
Pinus/Saarinen2021_vh112_plot10_tree118.npy,train,8,8,1,0.4192095994830273,0.2888356616474942,0.2919547331070974,0.9999991655349731
Pinus/Saarinen2021_vh112_plot10_tree119.npy,train,8,8,1,0.47266436530315664,0.21440377313150336,0.31293185783257427,0.999998927116394
Pinus/Saarinen2021_vh112_plot10_tree12.npy,train,8,8,1,0.47238556961793776,0.24197914416915162,0.28563528194986176,0.9999995231628418
Pinus/Saarinen2021_vh112_plot10_tree122.npy,train,8,8,1,0.5966018386282316,0.09230942208966664,0.3110887352994926,0.999998927116394
Pinus/Saarinen2021_vh112_plot10_tree125.npy,train,8,8,1,0.35372996184652117,0.36692085925105034,0.27934917340347376,0.9999994039535522
Pinus/Saarinen2021_vh112_plot10_tree126.npy,train,8,8,1,0.37046500765644946,0.39129247481363266,0.238242513013672,0.9999990463256836
Pinus/Saarinen2021_vh112_plot10_tree13.npy,train,8,8,1,0.45214250931614536,0.24479419846965023,0.30306329047440406,0.9998624324798584
Pinus/Saarinen2021_vh112_plot10_tree130.npy,train,8,8,1,0.6091721999075154,0.22352311491396926,0.16730468076787378,0.9999970197677612
Pinus/Saarinen2021_vh112_plot10_tree14.npy,train,8,8,1,0.5387749986774599,0.19712584567214753,0.2640991512296111,0.9999984502792358
Pinus/Saarinen2021_vh112_plot10_tree15.npy,train,8,8,1,0.5167706223397016,0.23515525691953484,0.24807411566628898,0.9999994039535522
Pinus/Saarinen2021_vh112_plot10_tree16.npy,train,8,8,1,0.48505359789913943,0.20266252961494569,0.31228386764526034,0.9999974966049194
Pinus/Saarinen2021_vh112_plot10_tree17.npy,train,8,8,1,0.5735716692557853,0.17999666092713762,0.24643166597612615,0.9999964237213135
Pinus/Saarinen2021_vh112_plot10_tree18.npy,train,8,8,1,0.5425999535387643,0.17887598142630676,0.2785240598701194,0.9999992847442627
Pinus/Saarinen2021_vh112_plot10_tree2.npy,train,8,8,1,0.38495239257435043,0.3334775372659687,0.281570065704948,0.9999992847442627
Pinus/Saarinen2021_vh112_plot10_tree21.npy,train,8,8,1,0.48944839340773116,0.19687128473794438,0.31368031610309655,0.9999994039535522
Pinus/Saarinen2021_vh112_plot10_tree24.npy,train,8,8,1,0.4198452047455359,0.2565383370445415,0.32361645292160796,0.9999990463256836
Pinus/Saarinen2021_vh112_plot10_tree25.npy,train,8,8,1,0.5646452513216654,0.15315969039296431,0.2821950538217617,0.9999984502792358
Pinus/Saarinen2021_vh112_plot10_tree26.npy,train,8,8,1,0.4329302441827251,0.3251561956737735,0.24191355597307296,0.9999991655349731
Pinus/Saarinen2021_vh112_plot10_tree27.npy,train,8,8,1,0.5025416339302238,0.2403366196997509,0.25712174112483205,0.9999985694885254
Pinus/Saarinen2021_vh112_plot10_tree28.npy,train,8,8,1,0.5373242481319405,0.23181691574514807,0.2308588312736068,0.9999984502792358
Pinus/Saarinen2021_vh112_plot10_tree29.npy,train,8,8,1,0.5145171222692367,0.14418637626782443,0.34129649655752603,0.9999984502792358
Pinus/Saarinen2021_vh112_plot10_tree3.npy,train,8,8,1,0.5888460819181581,0.10535184536715053,0.30580206841305374,0.9999994039535522
Pinus/Saarinen2021_vh112_plot10_tree30.npy,train,8,8,1,0.6509550422744004,0.059744566593261016,0.2893003886514533,0.9999781847000122
Pinus/Saarinen2021_vh112_plot10_tree31.npy,train,8,8,1,0.4765781325537096,0.21684183294122453,0.3065800296054398,0.9999988079071045
Pinus/Saarinen2021_vh112_plot10_tree32.npy,train,8,8,1,0.45673504119909836,0.204548020421575,0.3387169318013448,0.9999996423721313
Pinus/Saarinen2021_vh112_plot10_tree33.npy,train,8,8,1,0.5242012268089553,0.19760569635076367,0.27819307091116097,0.9999996423721313
Pinus/Saarinen2021_vh112_plot10_tree34.npy,train,8,8,1,0.4500335346551727,0.2618458658384357,0.28812059422222513,0.9999990463256836
Pinus/Saarinen2021_vh112_plot10_tree35.npy,train,8,8,1,0.52811451617354,0.16035524808295384,0.3115302319368485,0.9999991655349731
Pinus/Saarinen2021_vh112_plot10_tree36.npy,train,8,8,1,0.43737017329274924,0.28015149859900595,0.28247832211306384,0.9999990463256836
Pinus/Saarinen2021_vh112_plot10_tree38.npy,train,8,8,1,0.5703833423212112,0.11073427654609684,0.31888237769810857,0.999996542930603
Pinus/Saarinen2021_vh112_plot10_tree40.npy,train,8,8,1,0.39557558123238795,0.2811716431791272,0.3232527703462665,0.9999992847442627
Pinus/Saarinen2021_vh112_plot10_tree42.npy,train,8,8,1,0.45716444534659767,0.22866457598552736,0.31417097303764147,0.9999994039535522
Pinus/Saarinen2021_vh112_plot10_tree43.npy,train,8,8,1,0.6044175795739201,0.16779532880028963,0.22778708708390935,0.9999974966049194
Pinus/Saarinen2021_vh112_plot10_tree45.npy,train,8,8,1,0.4394269946604398,0.2760456143640528,0.2845273858112906,0.9999992847442627
Pinus/Saarinen2021_vh112_plot10_tree46.npy,train,8,8,1,0.5024901349374522,0.2682952552058961,0.22921460570234609,0.9999959468841553
Pinus/Saarinen2021_vh112_plot10_tree47.npy,train,8,8,1,0.4929796862765252,0.2000110718969603,0.3070092347194199,0.9999990463256836
Pinus/Saarinen2021_vh112_plot10_tree48.npy,train,8,8,1,0.3583156508657179,0.3457312009624604,0.2959531433206429,0.9999994039535522
Pinus/Saarinen2021_vh112_plot10_tree49.npy,train,8,8,1,0.4920053847240319,0.22771878028280293,0.28027583025080904,0.9999969005584717
Pinus/Saarinen2021_vh112_plot10_tree5.npy,train,8,8,1,0.4466393550806019,0.1898415910850268,0.3635190486227632,0.999995231628418
Pinus/Saarinen2021_vh112_plot10_tree50.npy,train,8,8,1,0.4455753826524414,0.24614333892084786,0.30828127447538056,0.9999983310699463
Pinus/Saarinen2021_vh112_plot10_tree51.npy,train,8,8,1,0.3451715744993203,0.39670853067722206,0.2581198894776917,0.9999992847442627
Pinus/Saarinen2021_vh112_plot10_tree52.npy,train,8,8,1,0.4362119107496355,0.26843527418731633,0.2953528109857115,0.9999967813491821
Pinus/Saarinen2021_vh112_plot10_tree54.npy,train,8,8,1,0.5202355858352129,0.2038178991237114,0.2759465105465184,0.9999979734420776
Pinus/Saarinen2021_vh112_plot10_tree55.npy,train,8,8,1,0.5786411267023467,0.22532996620778362,0.19602890289494634,0.9999980926513672
Pinus/Saarinen2021_vh112_plot10_tree57.npy,train,8,8,1,0.46395635890054615,0.20866225549381073,0.3273813798102027,0.9999994039535522
Pinus/Saarinen2021_vh112_plot10_tree6.npy,train,8,8,1,0.48868321084143096,0.23254087321958508,0.2787759113017941,0.999998927116394
Pinus/Saarinen2021_vh112_plot10_tree60.npy,train,8,8,1,0.4747026720001655,0.19633225050223627,0.32896507142380166,0.9999992847442627
Pinus/Saarinen2021_vh112_plot10_tree62.npy,train,8,8,1,0.46650306728131635,0.20936230080922527,0.32413462674804533,0.999998927116394
Pinus/Saarinen2021_vh112_plot10_tree64.npy,train,8,8,1,0.46936678490438927,0.2684169363530675,0.26221627485526305,0.9999990463256836
Pinus/Saarinen2021_vh112_plot10_tree65.npy,train,8,8,1,0.5611271595541694,0.20211725492721497,0.23675558138997627,0.9999973773956299
Pinus/Saarinen2021_vh112_plot10_tree68.npy,train,8,8,1,0.6268282865640376,0.0864358868817132,0.2867358211269538,0.9999988079071045
Pinus/Saarinen2021_vh112_plot10_tree69.npy,train,8,8,1,0.5064423429787119,0.19969774996446787,0.29385990223804076,0.9999969005584717
Pinus/Saarinen2021_vh112_plot10_tree70.npy,train,8,8,1,0.4369741169886274,0.2558031417565508,0.30722273687680746,0.9999970197677612
Pinus/Saarinen2021_vh112_plot10_tree71.npy,train,8,8,1,0.3387155945547019,0.38610922492985095,0.2751751743589642,0.9999996423721313
Pinus/Saarinen2021_vh112_plot10_tree74.npy,train,8,8,1,0.41817735260450184,0.29752813893498237,0.28429450420847,0.999998927116394
Pinus/Saarinen2021_vh112_plot10_tree75.npy,train,8,8,1,0.4832723745621632,0.2595807531336464,0.2571468689119743,0.9999982118606567
Pinus/Saarinen2021_vh112_plot10_tree76.npy,train,8,8,1,0.5234708935741441,0.20885578862861953,0.2676733135667992,0.9999986886978149
Pinus/Saarinen2021_vh112_plot10_tree79.npy,train,8,8,1,0.5100969664841898,0.21586603324040038,0.2740369960992966,0.999998927116394
Pinus/Saarinen2021_vh112_plot10_tree8.npy,train,8,8,1,0.5215126260227083,0.20795601856859622,0.27053135038064496,0.9999990463256836
Pinus/Saarinen2021_vh112_plot10_tree80.npy,train,8,8,1,0.6458021095502204,0.09160311251509742,0.26259477249006524,0.9999988079071045
Pinus/Saarinen2021_vh112_plot10_tree85.npy,train,8,8,1,0.6038027765141191,0.12073191844301927,0.2754653022911619,0.9999891519546509
Pinus/Saarinen2021_vh112_plot10_tree87.npy,train,8,8,1,0.5757226010515275,0.18990736608285647,0.23437002917435615,0.9999974966049194
Pinus/Saarinen2021_vh112_plot10_tree91.npy,train,8,8,1,0.4841995879508106,0.258127459038579,0.25767294938636776,0.9999970197677612
Pinus/Saarinen2021_vh112_plot10_tree92.npy,train,8,8,1,0.5210495599941838,0.15976793255146654,0.3191825044556608,0.9999792575836182
Pinus/Saarinen2021_vh112_plot10_tree95.npy,train,8,8,1,0.46757574829328313,0.23040100461715776,0.30202324223148325,0.9999990463256836
Pinus/Saarinen2021_vh112_plot10_tree97.npy,train,8,8,1,0.47997050210331177,0.29273409089604036,0.2272954027670355,0.9999967813491821
Pinus/Saarinen2021_vh112_plot10_tree98.npy,train,8,8,1,0.4728588682964974,0.21622931444261398,0.3109118108040979,0.9999992847442627
Pinus/Saarinen2021_vh112_plot10_tree99.npy,train,8,8,1,0.5319302007943878,0.1631480610620017,0.3049217327792891,0.999998927116394
Pinus/Saarinen2021_vh112_plot2_tree1.npy,train,8,8,1,0.5523415524747144,0.17945994389191688,0.2681984992635679,0.9999960660934448
Pinus/Saarinen2021_vh112_plot2_tree10.npy,train,8,8,1,0.5310920528092993,0.21227802368759557,0.25662992042952554,0.9999971389770508
Pinus/Saarinen2021_vh112_plot2_tree12.npy,train,8,8,1,0.4984486607761986,0.17996771133708875,0.32158362466772483,0.9999957084655762
Pinus/Saarinen2021_vh112_plot2_tree14.npy,train,8,8,1,0.4953339849090673,0.18254080452854726,0.32212520789627996,0.9999842643737793
Pinus/Saarinen2021_vh112_plot2_tree15.npy,train,8,8,1,0.5379798492807651,0.16472391381824855,0.29729623378374537,0.9999988079071045
Pinus/Saarinen2021_vh112_plot2_tree20.npy,train,8,8,1,0.4643769460784703,0.26835054276598025,0.26727250806775954,0.9999866485595703
Pinus/Saarinen2021_vh112_plot2_tree21.npy,train,8,8,1,0.44236505182616653,0.2832166037753396,0.2744183407695014,0.9999963045120239
Pinus/Saarinen2021_vh112_plot2_tree22.npy,train,8,8,1,0.3722306831275744,0.2679696572868827,0.35979965320857576,0.9999995231628418
Pinus/Saarinen2021_vh112_plot2_tree25.npy,train,8,8,1,0.49665643089199907,0.18259971464647506,0.3207438504481938,0.9999954700469971
Pinus/Saarinen2021_vh112_plot2_tree27.npy,train,8,8,1,0.5473588413481414,0.05984137889879316,0.39279977766477564,0.9999911785125732
Pinus/Saarinen2021_vh112_plot2_tree32.npy,train,8,8,1,0.5128810196899675,0.12464011816140504,0.36247886023101733,0.9997178912162781
Pinus/Saarinen2021_vh112_plot2_tree35.npy,train,8,8,1,0.4140465736883922,0.3109395272561064,0.27501389517597286,0.9999971389770508
Pinus/Saarinen2021_vh112_plot2_tree36.npy,train,8,8,1,0.39047597185873556,0.25128803581068576,0.3582359900978524,0.9999790191650391
Pinus/Saarinen2021_vh112_plot2_tree37.npy,train,8,8,1,0.48351741508999985,0.16605682494185556,0.3504257559237528,0.9999971389770508
Pinus/Saarinen2021_vh112_plot2_tree38.npy,train,8,8,1,0.513293670594412,0.16420689782594383,0.32249942882313504,0.9999934434890747
Pinus/Saarinen2021_vh112_plot2_tree39.npy,train,8,8,1,0.46525077579439,0.16465373380876777,0.3700954865601498,0.9999953508377075
Pinus/Saarinen2021_vh112_plot2_tree43.npy,train,8,8,1,0.41019416826950683,0.3145806697614798,0.2752251583038234,0.999997615814209
Pinus/Saarinen2021_vh112_plot2_tree45.npy,train,8,8,1,0.531631115566667,0.20867508726133707,0.259693794527956,0.999991774559021
Pinus/Saarinen2021_vh112_plot2_tree48.npy,train,8,8,1,0.6731603333230802,0.1177260754704263,0.209113587978486,0.9999967813491821
Pinus/Saarinen2021_vh112_plot2_tree5.npy,train,8,8,1,0.5545796073310711,0.27383825425610087,0.17158213444670425,0.999998927116394
Pinus/Saarinen2021_vh112_plot2_tree51.npy,train,8,8,1,0.5052512791345091,0.22316424540230465,0.2715844724895144,0.9999908208847046
Pinus/Saarinen2021_vh112_plot2_tree52.npy,train,8,8,1,0.38963326009595756,0.3347032716710473,0.2756634640662485,0.9999984502792358
Pinus/Saarinen2021_vh112_plot2_tree53.npy,train,8,8,1,0.5803097212026052,0.15852709211235658,0.2611631829727781,0.9999938011169434
Pinus/Saarinen2021_vh112_plot2_tree54.npy,train,8,8,1,0.4834492865819305,0.21087005570050202,0.30568065465544425,0.9999974966049194
Pinus/Saarinen2021_vh112_plot2_tree56.npy,train,8,8,1,0.49135713119926966,0.26235594397693474,0.24628692123979606,0.9999979734420776
Pinus/Saarinen2021_vh112_plot2_tree57.npy,train,8,8,1,0.4498739977868097,0.24211616807373135,0.3080098298725054,0.9999979734420776
Pinus/Saarinen2021_vh112_plot2_tree58.npy,train,8,8,1,0.3772678836833159,0.32695010025981847,0.29578201219626776,0.9999980926513672
Pinus/Saarinen2021_vh112_plot2_tree59.npy,train,8,8,1,0.47753319195658683,0.2131597636109094,0.3093070409949474,0.9999909400939941
Pinus/Saarinen2021_vh112_plot2_tree6.npy,train,8,8,1,0.396897345662814,0.2755617917941034,0.32754086017137385,0.9999872446060181
Pinus/Saarinen2021_vh112_plot2_tree61.npy,train,8,8,1,0.43248851280886164,0.21598241911573912,0.35152906579111826,0.9999628067016602
Pinus/Saarinen2021_vh112_plot2_tree67.npy,train,8,8,1,0.46612228498535513,0.18515135996659948,0.34872635174687894,0.9999874830245972
Pinus/Saarinen2021_vh112_plot2_tree69.npy,train,8,8,1,0.408091806061814,0.2867911829255289,0.30511700750645604,0.9999964237213135
Pinus/Saarinen2021_vh112_plot2_tree70.npy,train,8,8,1,0.47129387867567746,0.15990515677780393,0.3688009625421655,0.9999440908432007
Pinus/Saarinen2021_vh112_plot2_tree72.npy,train,8,8,1,0.5819397199940408,0.12469372527208503,0.29336655066112993,0.9999985694885254
Pinus/Saarinen2021_vh112_plot2_tree75.npy,train,8,8,1,0.41600856356516763,0.21460334036928622,0.36938809417518,0.9999222755432129
Pinus/Saarinen2021_vh112_plot2_tree78.npy,train,8,8,1,0.4839650259461682,0.25241101915643727,0.2636239514202,0.9999974966049194
Pinus/Saarinen2021_vh112_plot2_tree81.npy,train,8,8,1,0.42340943085155064,0.2579223341471211,0.31866823058658683,0.999997615814209
Pinus/Saarinen2021_vh112_plot2_tree85.npy,train,8,8,1,0.4317462024990682,0.28423061109608644,0.2840231812191863,0.9999991655349731
Pinus/Saarinen2021_vh112_plot2_tree86.npy,train,8,8,1,0.48275372582656817,0.25689744625622574,0.26034882305924273,0.9999967813491821
Pinus/Saarinen2021_vh112_plot2_tree88.npy,train,8,8,1,0.5617224760203153,0.1254464267194865,0.31283109515209473,0.999994158744812
Pinus/Saarinen2021_vh112_plot2_tree89.npy,train,8,8,1,0.4863686211316477,0.17208066109292305,0.3415507147215508,0.9999790191650391
Pinus/Saarinen2021_vh112_plot3_tree1.npy,train,8,8,1,0.43994365101108474,0.20823994366319504,0.35181640314402596,0.9997026324272156
Pinus/Saarinen2021_vh112_plot3_tree10.npy,train,8,8,1,0.48337114552072225,0.23940276547503486,0.27722608490334016,0.9999967813491821
Pinus/Saarinen2021_vh112_plot3_tree13.npy,train,8,8,1,0.4975390438532981,0.18823632386261208,0.31422462940263257,0.9999961853027344
Pinus/Saarinen2021_vh112_plot3_tree14.npy,train,8,8,1,0.45811750879005647,0.25688019983947863,0.28500228831980984,0.9999964237213135
Pinus/Saarinen2021_vh112_plot3_tree15.npy,train,8,8,1,0.36909860509940634,0.31956528013402435,0.3113361105970823,0.9999983310699463
Pinus/Saarinen2021_vh112_plot3_tree17.npy,train,8,8,1,0.4886027079317559,0.17435298875347355,0.3370443001353024,0.9999974966049194
Pinus/Saarinen2021_vh112_plot3_tree19.npy,train,8,8,1,0.4197083237839748,0.24563732175478514,0.3346543516729237,0.9999892711639404
Pinus/Saarinen2021_vh112_plot3_tree2.npy,train,8,8,1,0.5338029366214107,0.13293951387508388,0.33325754657575224,0.9999914169311523
Pinus/Saarinen2021_vh112_plot3_tree20.npy,train,8,8,1,0.48541950182065224,0.20793610827229633,0.30664438525112786,0.9999988079071045
Pinus/Saarinen2021_vh112_plot3_tree21.npy,train,8,8,1,0.46927812643960065,0.1638361706512335,0.3668856990875356,0.9999983310699463
Pinus/Saarinen2021_vh112_plot3_tree24.npy,train,8,8,1,0.5043750814376693,0.1872765687613305,0.3083483460439576,0.9999974966049194
Pinus/Saarinen2021_vh112_plot3_tree25.npy,train,8,8,1,0.46465445420769325,0.20750451181629043,0.3278410308933807,0.9999839067459106
Pinus/Saarinen2021_vh112_plot3_tree26.npy,train,8,8,1,0.5328800495950602,0.2234126309174242,0.24370731480445107,0.9999984502792358
Pinus/Saarinen2021_vh112_plot3_tree27.npy,train,8,8,1,0.48822482398053907,0.14707947039789568,0.36469570151148645,0.9999978542327881
Pinus/Saarinen2021_vh112_plot3_tree28.npy,train,8,8,1,0.39757368921082276,0.3077275850751488,0.2946987220526545,0.9999964237213135
Pinus/Saarinen2021_vh112_plot3_tree3.npy,train,8,8,1,0.4673949604901408,0.2474842889052643,0.2851207474061488,0.9999978542327881
Pinus/Saarinen2021_vh112_plot3_tree30.npy,train,8,8,1,0.46642165342622516,0.24269330537247635,0.29088503737614674,0.9999983310699463
Pinus/Saarinen2021_vh112_plot3_tree32.npy,train,8,8,1,0.5656034608628472,0.1512205199442691,0.28317601583918417,0.9999945163726807
Pinus/Saarinen2021_vh112_plot3_tree33.npy,train,8,8,1,0.3703382849186799,0.3653609163660853,0.2643007945670652,0.9999990463256836
Pinus/Saarinen2021_vh112_plot3_tree36.npy,train,8,8,1,0.4865775926090031,0.19398207060683162,0.31944033386982734,0.9999969005584717
Pinus/Saarinen2021_vh112_plot3_tree37.npy,train,8,8,1,0.5028495373052129,0.2003172613264623,0.29683319897954724,0.9998984336853027
Pinus/Saarinen2021_vh112_plot3_tree38.npy,train,8,8,1,0.45030189692473055,0.24933369740231584,0.3003644017543887,0.9999954700469971
Pinus/Saarinen2021_vh112_plot3_tree39.npy,train,8,8,1,0.4896353024336779,0.22520209344245642,0.28516260070490146,0.9999971389770508
Pinus/Saarinen2021_vh112_plot3_tree4.npy,train,8,8,1,0.49112811045443455,0.1257898616547454,0.3830820255301177,0.9999655485153198
Pinus/Saarinen2021_vh112_plot3_tree40.npy,train,8,8,1,0.43041116833778476,0.329600209400956,0.23998861929142587,0.9999982118606567
Pinus/Saarinen2021_vh112_plot3_tree43.npy,train,8,8,1,0.4919935757228159,0.22284766392254254,0.28515875796295503,0.9999406337738037
Pinus/Saarinen2021_vh112_plot3_tree44.npy,train,8,8,1,0.47922675830651573,0.1783644476794606,0.34240879009131325,0.9999980926513672
Pinus/Saarinen2021_vh112_plot3_tree45.npy,train,8,8,1,0.49779141121375914,0.24500788734131762,0.25720069850142396,0.9999972581863403
Pinus/Saarinen2021_vh112_plot3_tree46.npy,train,8,8,1,0.5678279873816868,0.12801769654041126,0.30415431267623116,0.9999923706054688
Pinus/Saarinen2021_vh112_plot3_tree49.npy,train,8,8,1,0.5253751334560337,0.13630483421201658,0.3383200300235874,0.9999774694442749
Pinus/Saarinen2021_vh112_plot3_tree50.npy,train,8,8,1,0.46842629874170105,0.21099575175845878,0.3205779457192132,0.999997615814209
Pinus/Saarinen2021_vh112_plot3_tree52.npy,train,8,8,1,0.5322899959249222,0.14072266859558627,0.32698733175213485,0.9999969005584717
Pinus/Saarinen2021_vh112_plot3_tree53.npy,train,8,8,1,0.5214975953859222,0.2046795847401178,0.27382281607687187,0.9999963045120239
Pinus/Saarinen2021_vh112_plot3_tree54.npy,train,8,8,1,0.556481762638747,0.13644759713315585,0.30707063679398,0.9999986886978149
Pinus/Saarinen2021_vh112_plot3_tree55.npy,train,8,8,1,0.3888148439831702,0.2528009165352214,0.3583842374284846,0.9999595880508423
Pinus/Saarinen2021_vh112_plot3_tree56.npy,train,8,8,1,0.5305450905694485,0.13569185981083878,0.3337630470360637,0.9999849796295166
Pinus/Saarinen2021_vh112_plot3_tree57.npy,train,8,8,1,0.43840589796228596,0.22652673337094936,0.33506736451790214,0.999997615814209
Pinus/Saarinen2021_vh112_plot3_tree58.npy,train,8,8,1,0.466886457959721,0.25673862178676365,0.27637491629292915,0.9999979734420776
Pinus/Saarinen2021_vh112_plot3_tree59.npy,train,8,8,1,0.4621553188516425,0.180682422896111,0.35716225597280266,0.9999122619628906
Pinus/Saarinen2021_vh112_plot3_tree6.npy,train,8,8,1,0.48659905290627625,0.20976195785377588,0.30363898662713074,0.9999849796295166
Pinus/Saarinen2021_vh112_plot3_tree61.npy,train,8,8,1,0.461195616739621,0.1791282412621382,0.35967614000910597,0.9999490976333618
Pinus/Saarinen2021_vh112_plot3_tree62.npy,train,8,8,1,0.5096696764130606,0.16854722280320913,0.3217830967624058,0.9999991655349731
Pinus/Saarinen2021_vh112_plot3_tree65.npy,train,8,8,1,0.5515009432662787,0.12090176360338424,0.327597291027561,0.9999139308929443
Pinus/Saarinen2021_vh112_plot3_tree66.npy,train,8,8,1,0.4850537185338068,0.23385165990681406,0.2810946173140966,0.9999973773956299
Pinus/Saarinen2021_vh112_plot3_tree69.npy,train,8,8,1,0.595087664162901,0.060767505775991736,0.3441448279150768,0.9999216794967651
Pinus/Saarinen2021_vh112_plot3_tree70.npy,train,8,8,1,0.46858431553915003,0.2255673153320478,0.3058483670709407,0.9998898506164551
Pinus/Saarinen2021_vh112_plot3_tree72.npy,train,8,8,1,0.5060172131350347,0.19866707039493675,0.29531571381821636,0.9999762773513794
Pinus/Saarinen2021_vh112_plot3_tree73.npy,train,8,8,1,0.43547772816736197,0.2428472074454491,0.3216750617820903,0.9999969005584717
Pinus/Saarinen2021_vh112_plot3_tree9.npy,train,8,8,1,0.5711226070178823,0.1275696758532199,0.3013077144881658,0.9999939203262329
Pinus/Saarinen2021_vh112_plot4_tree1.npy,train,8,8,1,0.47801150845011203,0.22899860161648491,0.292989887068794,0.9999731779098511
Pinus/Saarinen2021_vh112_plot4_tree10.npy,train,8,8,1,0.43960357382328896,0.3024284929692615,0.2579679289155743,0.9999980926513672
Pinus/Saarinen2021_vh112_plot4_tree100.npy,train,8,8,1,0.5780680203736989,0.1529553160417624,0.2689766604451987,0.9999860525131226
Pinus/Saarinen2021_vh112_plot4_tree102.npy,train,8,8,1,0.5853600767336924,0.1869823590027391,0.22765755982463018,0.9999977350234985
Pinus/Saarinen2021_vh112_plot4_tree105.npy,train,8,8,1,0.5530347280337629,0.19762581160111595,0.24933945750357525,0.9999803304672241
Pinus/Saarinen2021_vh112_plot4_tree107.npy,train,8,8,1,0.6246223347618847,0.11062900382733377,0.2647486576993095,0.9999982118606567
Pinus/Saarinen2021_vh112_plot4_tree108.npy,train,8,8,1,0.5182340804678713,0.21135721241550265,0.2704087019717199,0.9999995231628418
Pinus/Saarinen2021_vh112_plot4_tree109.npy,train,8,8,1,0.5274488294244002,0.150593634623195,0.3219575329624352,0.9999966621398926
Pinus/Saarinen2021_vh112_plot4_tree110.npy,train,8,8,1,0.5702890708367666,0.19248013096685646,0.23723079456220517,0.9999970197677612
Pinus/Saarinen2021_vh112_plot4_tree113.npy,train,8,8,1,0.4342753687928748,0.2953062575089738,0.2704183694076498,0.9999995231628418
Pinus/Saarinen2021_vh112_plot4_tree116.npy,train,8,8,1,0.6076024107591477,0.22840838658277243,0.16398919865139489,0.999997615814209
Pinus/Saarinen2021_vh112_plot4_tree118.npy,train,8,8,1,0.6315455451347791,0.11444348492578188,0.2540109654948209,0.9999985694885254
Pinus/Saarinen2021_vh112_plot4_tree119.npy,train,8,8,1,0.5403430507542054,0.15890374276017574,0.3007532035892522,0.9999637603759766
Pinus/Saarinen2021_vh112_plot4_tree12.npy,train,8,8,1,0.6043320703735918,0.1019777792857664,0.2936901472258288,0.9999932050704956
Pinus/Saarinen2021_vh112_plot4_tree120.npy,train,8,8,1,0.5346861305940463,0.20181109891826998,0.26350276734456624,0.999991774559021
Pinus/Saarinen2021_vh112_plot4_tree126.npy,train,8,8,1,0.3903521894945463,0.35981429028102624,0.24983351684886448,0.9999990463256836
Pinus/Saarinen2021_vh112_plot4_tree13.npy,train,8,8,1,0.5512364484530962,0.22364043198813988,0.2251231156263448,0.9999986886978149
Pinus/Saarinen2021_vh112_plot4_tree134.npy,train,8,8,1,0.4956661414713765,0.19609695039982497,0.30823690264633813,0.9999983310699463
Pinus/Saarinen2021_vh112_plot4_tree136.npy,train,8,8,1,0.4665530302832697,0.1711720464942226,0.3622749180587902,0.999998927116394
Pinus/Saarinen2021_vh112_plot4_tree139.npy,train,8,8,1,0.5366178471724031,0.09153349267794209,0.3718486578693666,0.9999966621398926
Pinus/Saarinen2021_vh112_plot4_tree14.npy,train,8,8,1,0.5835938829052861,0.1725424569778936,0.24386365567057972,0.9999980926513672
Pinus/Saarinen2021_vh112_plot4_tree140.npy,train,8,8,1,0.5735056518136139,0.19237362874285288,0.23412071547429264,0.999998927116394
Pinus/Saarinen2021_vh112_plot4_tree143.npy,train,8,8,1,0.5990820829461577,0.12334261675723435,0.2775752955457805,0.9999967813491821
Pinus/Saarinen2021_vh112_plot4_tree145.npy,train,8,8,1,0.605692896320129,0.1855955600039842,0.20871153910731172,0.9999988079071045
Pinus/Saarinen2021_vh112_plot4_tree148.npy,train,8,8,1,0.4615392750465409,0.2756884035978002,0.2627723169309171,0.9999936819076538
Pinus/Saarinen2021_vh112_plot4_tree150.npy,train,8,8,1,0.5645042365366333,0.22808251297310822,0.20741324741990277,0.9999940395355225
Pinus/Saarinen2021_vh112_plot4_tree152.npy,train,8,8,1,0.4657653971620531,0.22747674102195847,0.3067578572420814,0.9999979734420776
Pinus/Saarinen2021_vh112_plot4_tree153.npy,train,8,8,1,0.47896519242216096,0.19140137854825082,0.3296334234625492,0.9999990463256836
Pinus/Saarinen2021_vh112_plot4_tree155.npy,train,8,8,1,0.6568452671403526,0.18572249091259,0.15743223945332724,0.9999387264251709
Pinus/Saarinen2021_vh112_plot4_tree156.npy,train,8,8,1,0.5296334292276845,0.17319359874049536,0.2971729687773482,0.9999953508377075
Pinus/Saarinen2021_vh112_plot4_tree157.npy,train,8,8,1,0.596070875156173,0.08742536053259242,0.31650376074878334,0.9999985694885254
Pinus/Saarinen2021_vh112_plot4_tree158.npy,train,8,8,1,0.5413876834535257,0.17644599169978192,0.28216632169384526,0.9999964237213135
Pinus/Saarinen2021_vh112_plot4_tree159.npy,train,8,8,1,0.6717459954715337,0.08606385781686972,0.24219014342166859,0.9999980926513672
Pinus/Saarinen2021_vh112_plot4_tree16.npy,train,8,8,1,0.54246644513194,0.17711052468625618,0.28042302691666227,0.9999945163726807
Pinus/Saarinen2021_vh112_plot4_tree160.npy,train,8,8,1,0.5343353675004243,0.2161629249485247,0.2495017040120128,0.999995231628418
Pinus/Saarinen2021_vh112_plot4_tree162.npy,train,8,8,1,0.4819310126505572,0.2587428991311583,0.25932608421786657,0.9999990463256836
Pinus/Saarinen2021_vh112_plot4_tree163.npy,train,8,8,1,0.4503638508123843,0.2720705041085126,0.2775656405522004,0.999998927116394
Pinus/Saarinen2021_vh112_plot4_tree165.npy,train,8,8,1,0.5646162251319979,0.11435476861995092,0.32102900218311564,0.999997615814209
Pinus/Saarinen2021_vh112_plot4_tree166.npy,train,8,8,1,0.496250935928793,0.287341011132855,0.21640804886134618,0.9999990463256836
Pinus/Saarinen2021_vh112_plot4_tree168.npy,train,8,8,1,0.5411837134975219,0.11164624389213715,0.3471700393858291,0.9999946355819702
Pinus/Saarinen2021_vh112_plot4_tree169.npy,train,8,8,1,0.4931543038004722,0.23243294646144344,0.2744127467630718,0.9999949932098389
Pinus/Saarinen2021_vh112_plot4_tree174.npy,train,8,8,1,0.5535641287369444,0.24591334030678794,0.20052252809744614,0.9999743700027466
Pinus/Saarinen2021_vh112_plot4_tree175.npy,train,8,8,1,0.5072763946537387,0.2215120768527691,0.2712115253033619,0.9999966621398926
Pinus/Saarinen2021_vh112_plot4_tree176.npy,train,8,8,1,0.46914856314284975,0.30257581308535286,0.2282756184657041,0.9999984502792358
Pinus/Saarinen2021_vh112_plot4_tree182.npy,train,8,8,1,0.5229219168497296,0.2065616487443776,0.2705164294908295,0.9999978542327881
Pinus/Saarinen2021_vh112_plot4_tree183.npy,train,8,8,1,0.5261337920888781,0.16375994359864074,0.3101062606590811,0.9999974966049194
Pinus/Saarinen2021_vh112_plot4_tree184.npy,train,8,8,1,0.5961841165669602,0.147815929999388,0.25599994966889583,0.999992847442627
Pinus/Saarinen2021_vh112_plot4_tree186.npy,train,8,8,1,0.47791664783690274,0.24736292041394017,0.2747204279703825,0.9999942779541016
Pinus/Saarinen2021_vh112_plot4_tree187.npy,train,8,8,1,0.49995594039188046,0.18801382339488032,0.31203023123910845,0.9999990463256836
Pinus/Saarinen2021_vh112_plot4_tree188.npy,train,8,8,1,0.556101527465095,0.13221404386489186,0.31168442611162445,0.9999959468841553
Pinus/Saarinen2021_vh112_plot4_tree190.npy,train,8,8,1,0.49989172433204854,0.1686569573504319,0.3314513157189322,0.9999938011169434
Pinus/Saarinen2021_vh112_plot4_tree191.npy,train,8,8,1,0.522122270510639,0.22845771530510248,0.24942001061156346,0.9999964237213135
Pinus/Saarinen2021_vh112_plot4_tree192.npy,train,8,8,1,0.5047416148939831,0.19548925222506672,0.2997691289385452,0.9999934434890747
Pinus/Saarinen2021_vh112_plot4_tree193.npy,train,8,8,1,0.5139425464018557,0.15657846683507054,0.3294789819198631,0.9999991655349731
Pinus/Saarinen2021_vh112_plot4_tree194.npy,train,8,8,1,0.45618918921207097,0.2450327394640475,0.29877806817957464,0.999997615814209
Pinus/Saarinen2021_vh112_plot4_tree195.npy,train,8,8,1,0.6240034272525122,0.1138194799402492,0.2621770892377609,0.9999994039535522
Pinus/Saarinen2021_vh112_plot4_tree196.npy,train,8,8,1,0.5836343546077555,0.1557098626785385,0.26065577897233566,0.9999970197677612
Pinus/Saarinen2021_vh112_plot4_tree198.npy,train,8,8,1,0.48805081938313294,0.19859588839523945,0.3133532896927855,0.9999157190322876
Pinus/Saarinen2021_vh112_plot4_tree203.npy,train,8,8,1,0.505851738927901,0.23719108008658105,0.2569571769239455,0.9999954700469971
Pinus/Saarinen2021_vh112_plot4_tree208.npy,train,8,8,1,0.546467338504743,0.16484170604415194,0.28869095231040426,0.9999967813491821
Pinus/Saarinen2021_vh112_plot4_tree209.npy,train,8,8,1,0.6781282158566477,0.09683776910428155,0.22503401185737965,0.9999985694885254
Pinus/Saarinen2021_vh112_plot4_tree21.npy,train,8,8,1,0.5322253858141288,0.19213966320362627,0.275634948259697,0.9999868869781494
Pinus/Saarinen2021_vh112_plot4_tree210.npy,train,8,8,1,0.6025985728786211,0.11719743289886644,0.2802039917873156,0.9999948740005493
Pinus/Saarinen2021_vh112_plot4_tree211.npy,train,8,8,1,0.5501893132675841,0.14151838022373633,0.3082923038694995,0.999995231628418
Pinus/Saarinen2021_vh112_plot4_tree212.npy,train,8,8,1,0.5472264877917105,0.19773397796964157,0.2550395301951421,0.9999966621398926
Pinus/Saarinen2021_vh112_plot4_tree213.npy,train,8,8,1,0.5687951560354484,0.09621820493535106,0.33498663626508224,0.9999898672103882
Pinus/Saarinen2021_vh112_plot4_tree214.npy,train,8,8,1,0.5601785714592252,0.09703747252589646,0.342783953653978,0.9999903440475464
Pinus/Saarinen2021_vh112_plot4_tree215.npy,train,8,8,1,0.5166580244281693,0.17514907204425031,0.3081928992199497,0.9999991655349731
Pinus/Saarinen2021_vh112_plot4_tree219.npy,train,8,8,1,0.5993828061818121,0.16928035115264295,0.23133683927685258,0.9999896287918091
Pinus/Saarinen2021_vh112_plot4_tree220.npy,train,8,8,1,0.6135890089429997,0.12048485859544789,0.2659261290089305,0.9999942779541016
Pinus/Saarinen2021_vh112_plot4_tree221.npy,train,8,8,1,0.6311922689480458,0.12611501668870445,0.24269271171986811,0.9999587535858154
Pinus/Saarinen2021_vh112_plot4_tree223.npy,train,8,8,1,0.5685922988991728,0.14775664158009008,0.28365105553352815,0.9999977350234985
Pinus/Saarinen2021_vh112_plot4_tree234.npy,train,8,8,1,0.6919129643198981,0.1447417880835785,0.16334524501266592,0.9998375177383423
Pinus/Saarinen2021_vh112_plot4_tree235.npy,train,8,8,1,0.49412669404131765,0.2318253763440839,0.2740479251912465,0.9999988079071045
Pinus/Saarinen2021_vh112_plot4_tree237.npy,train,8,8,1,0.5589188802251494,0.1417788141223483,0.2993023023206137,0.9999921321868896
Pinus/Saarinen2021_vh112_plot4_tree238.npy,train,8,8,1,0.4907059994111776,0.19443709161007142,0.31485690543425315,0.9999961853027344
Pinus/Saarinen2021_vh112_plot4_tree24.npy,train,8,8,1,0.4870819567876884,0.2224714550589336,0.2904465847915168,0.9999985694885254
Pinus/Saarinen2021_vh112_plot4_tree25.npy,train,8,8,1,0.3994764832147823,0.2633415428523197,0.3371819681021327,0.9999994039535522
Pinus/Saarinen2021_vh112_plot4_tree26.npy,train,8,8,1,0.5422528424318341,0.23397117888910882,0.22377597602836785,0.999996542930603
Pinus/Saarinen2021_vh112_plot4_tree27.npy,train,8,8,1,0.544078626520517,0.27288449786287955,0.18303687193161272,0.9999985694885254
Pinus/Saarinen2021_vh112_plot4_tree28.npy,train,8,8,1,0.5019221844992738,0.21478777311335115,0.2832900387822086,0.999990701675415
Pinus/Saarinen2021_vh112_plot4_tree29.npy,train,8,8,1,0.5482110027961329,0.24046719950840875,0.21132179475709956,0.9999972581863403
Pinus/Saarinen2021_vh112_plot4_tree3.npy,train,8,8,1,0.5212309297309973,0.2477512645628877,0.23101780275352102,0.999997615814209
Pinus/Saarinen2021_vh112_plot4_tree34.npy,train,8,8,1,0.586652128427254,0.13412760032963542,0.27922026649964954,0.9999973773956299
Pinus/Saarinen2021_vh112_plot4_tree39.npy,train,8,8,1,0.48540059684333975,0.3073299536840905,0.2072694449889775,0.9999994039535522
Pinus/Saarinen2021_vh112_plot4_tree4.npy,train,8,8,1,0.5839590249973725,0.1960806236610755,0.21996034803868364,0.999980092048645
Pinus/Saarinen2021_vh112_plot4_tree41.npy,train,8,8,1,0.4444378597503133,0.2413465967789346,0.31421553938701563,0.9999988079071045
Pinus/Saarinen2021_vh112_plot4_tree45.npy,train,8,8,1,0.5109650116362014,0.22303631944343139,0.265998664734528,0.999995231628418
Pinus/Saarinen2021_vh112_plot4_tree47.npy,train,8,8,1,0.594445983504549,0.10986975874963956,0.2956842557272246,0.9999912977218628
Pinus/Saarinen2021_vh112_plot4_tree49.npy,train,8,8,1,0.46617000942804987,0.33121446671753063,0.20261552151677797,0.9999953508377075
Pinus/Saarinen2021_vh112_plot4_tree51.npy,train,8,8,1,0.4802512300370572,0.2197443841814265,0.30000438354716136,0.9999605417251587
Pinus/Saarinen2021_vh112_plot4_tree56.npy,train,8,8,1,0.5641775126691051,0.2751054092871542,0.16071707500376886,0.9999974966049194
Pinus/Saarinen2021_vh112_plot4_tree59.npy,train,8,8,1,0.4881503626640562,0.24917034663423393,0.2626792859194883,0.9999990463256836
Pinus/Saarinen2021_vh112_plot4_tree6.npy,train,8,8,1,0.6852748287706346,0.09185094187612375,0.22287422619694192,0.9999920129776001
Pinus/Saarinen2021_vh112_plot4_tree60.npy,train,8,8,1,0.5008089409648384,0.19536510228452153,0.3038259530236571,0.9999939203262329
Pinus/Saarinen2021_vh112_plot4_tree63.npy,train,8,8,1,0.37581177116739883,0.3796136960445968,0.24457452968679302,0.9999891519546509
Pinus/Saarinen2021_vh112_plot4_tree64.npy,train,8,8,1,0.5099515612266804,0.26899571052371485,0.2210527250018769,0.9999970197677612
Pinus/Saarinen2021_vh112_plot4_tree71.npy,train,8,8,1,0.520165836276586,0.24591040615351162,0.23392375382194494,0.999996542930603
Pinus/Saarinen2021_vh112_plot4_tree74.npy,train,8,8,1,0.5189297483182896,0.24644624605685211,0.2346240014949902,0.9999978542327881
Pinus/Saarinen2021_vh112_plot4_tree76.npy,train,8,8,1,0.5110138047278934,0.25185100966423607,0.23713518158337674,0.9999988079071045
Pinus/Saarinen2021_vh112_plot4_tree77.npy,train,8,8,1,0.541608341663771,0.24135740126652372,0.2170342534831623,0.9999933242797852
Pinus/Saarinen2021_vh112_plot4_tree81.npy,train,8,8,1,0.5875548715582218,0.11424292692315118,0.2982021969151238,0.9999986886978149
Pinus/Saarinen2021_vh112_plot4_tree88.npy,train,8,8,1,0.483811630383033,0.2735400119470141,0.24264835294808043,0.9999985694885254
Pinus/Saarinen2021_vh112_plot4_tree9.npy,train,8,8,1,0.537191008808944,0.23851714375875532,0.22429184425373205,0.9999982118606567
Pinus/Saarinen2021_vh112_plot4_tree93.npy,train,8,8,1,0.5906427228743473,0.20676621847218601,0.20259105410680853,0.9999973773956299
Pinus/Saarinen2021_vh112_plot4_tree94.npy,train,8,8,1,0.5726534149389961,0.13307026728514934,0.2942763121951694,0.999998927116394
Pinus/Saarinen2021_vh112_plot4_tree98.npy,train,8,8,1,0.4957885404676924,0.24729479359479636,0.25691666314653866,0.9999953508377075
Pinus/Saarinen2021_vh112_plot6_tree10.npy,train,8,8,1,0.5928571237959697,0.20716820080622084,0.19997467172579428,0.9999983310699463
Pinus/Saarinen2021_vh112_plot6_tree101.npy,train,8,8,1,0.47962554003547847,0.22319151293921552,0.297182943388465,0.9999967813491821
Pinus/Saarinen2021_vh112_plot6_tree104.npy,train,8,8,1,0.4686388474817698,0.32234626480043427,0.20901488425913367,0.9999992847442627
Pinus/Saarinen2021_vh112_plot6_tree105.npy,train,8,8,1,0.5183764343852182,0.10657741324565077,0.3750461505898707,0.999976396560669
Pinus/Saarinen2021_vh112_plot6_tree107.npy,train,8,8,1,0.46887948278370295,0.26989463497211996,0.2612258775328078,0.9999966621398926
Pinus/Saarinen2021_vh112_plot6_tree108.npy,train,8,8,1,0.5485982075223548,0.11702615357618731,0.33437563542927656,0.9999973773956299
Pinus/Saarinen2021_vh112_plot6_tree109.npy,train,8,8,1,0.4297823468950967,0.290375734892399,0.27984191270774145,0.9999985694885254
Pinus/Saarinen2021_vh112_plot6_tree11.npy,train,8,8,1,0.46591846697341543,0.2454935583934019,0.2885879711915147,0.9999854564666748
Pinus/Saarinen2021_vh112_plot6_tree111.npy,train,8,8,1,0.5901533935483896,0.10973159857412847,0.3001150035209581,0.9999995231628418
Pinus/Saarinen2021_vh112_plot6_tree114.npy,train,8,8,1,0.48668385330888586,0.2614789529422998,0.2518371900462023,0.9999985694885254
Pinus/Saarinen2021_vh112_plot6_tree116.npy,train,8,8,1,0.488886665442049,0.2376557889723915,0.27345754236833913,0.9999971389770508
Pinus/Saarinen2021_vh112_plot6_tree123.npy,train,8,8,1,0.578268977881151,0.10332771769008676,0.3184033012123489,0.999998927116394
Pinus/Saarinen2021_vh112_plot6_tree124.npy,train,8,8,1,0.5258192996884216,0.17735851800566999,0.29682217902746866,0.9999951124191284
Pinus/Saarinen2021_vh112_plot6_tree125.npy,train,8,8,1,0.4223093277518064,0.333325364004359,0.24436530314499266,0.9999992847442627
Pinus/Saarinen2021_vh112_plot6_tree127.npy,train,8,8,1,0.5616574626782163,0.17991598670172154,0.25842654795272463,0.9999967813491821
Pinus/Saarinen2021_vh112_plot6_tree13.npy,train,8,8,1,0.39321847220053346,0.28916493452080555,0.31761658893170214,0.9999979734420776
Pinus/Saarinen2021_vh112_plot6_tree130.npy,train,8,8,1,0.424033699289819,0.32344324778937394,0.25252304948958704,0.9999943971633911
Pinus/Saarinen2021_vh112_plot6_tree135.npy,train,8,8,1,0.461568900978829,0.2095275746998196,0.32890352010265617,0.9999988079071045
Pinus/Saarinen2021_vh112_plot6_tree136.npy,train,8,8,1,0.4493864630280045,0.2132487857826499,0.33736474688763624,0.9999983310699463
Pinus/Saarinen2021_vh112_plot6_tree14.npy,train,8,8,1,0.4573017001487006,0.22930815568997018,0.31339013930852355,0.9999980926513672
Pinus/Saarinen2021_vh112_plot6_tree141.npy,train,8,8,1,0.4171591710642475,0.2819186609929524,0.300922163123409,0.9999986886978149
Pinus/Saarinen2021_vh112_plot6_tree143.npy,train,8,8,1,0.43641621574830436,0.26868519663566365,0.2948985830193106,0.9999995231628418
Pinus/Saarinen2021_vh112_plot6_tree144.npy,train,8,8,1,0.6087939647171875,0.10474881144397301,0.28645722113949823,0.9999946355819702
Pinus/Saarinen2021_vh112_plot6_tree145.npy,train,8,8,1,0.5331737475723884,0.20026832009434675,0.2665579284042767,0.9999961853027344
Pinus/Saarinen2021_vh112_plot6_tree148.npy,train,8,8,1,0.5591744243279018,0.1730186299245174,0.26780694227940094,0.9999983310699463
Pinus/Saarinen2021_vh112_plot6_tree149.npy,train,8,8,1,0.4353553591766989,0.295287501662099,0.26935713548100554,0.9999984502792358
Pinus/Saarinen2021_vh112_plot6_tree15.npy,train,8,8,1,0.49624484295464616,0.2268040292435951,0.2769511238363362,0.9999973773956299
Pinus/Saarinen2021_vh112_plot6_tree150.npy,train,8,8,1,0.4162024343354267,0.32677669025675316,0.2570208724534508,0.9999982118606567
Pinus/Saarinen2021_vh112_plot6_tree151.npy,train,8,8,1,0.4252667100758459,0.18481445322879422,0.38991883329827304,0.9999970197677612
Pinus/Saarinen2021_vh112_plot6_tree153.npy,train,8,8,1,0.4727830169249922,0.23667113780899518,0.2905458400251011,0.9999991655349731
Pinus/Saarinen2021_vh112_plot6_tree154.npy,train,8,8,1,0.5738363352578517,0.22418051105763856,0.201983152246807,0.9997591376304626
Pinus/Saarinen2021_vh112_plot6_tree156.npy,train,8,8,1,0.4581959813609827,0.22841951998709825,0.3133844952538507,0.9999969005584717
Pinus/Saarinen2021_vh112_plot6_tree158.npy,train,8,8,1,0.5265003110164997,0.2016015988263606,0.2718980871007978,0.9999969005584717
Pinus/Saarinen2021_vh112_plot6_tree16.npy,train,8,8,1,0.44542918734757486,0.27819732755067134,0.27637348281612856,0.9999769926071167
Pinus/Saarinen2021_vh112_plot6_tree160.npy,train,8,8,1,0.40223094075836147,0.32164535104265896,0.2761237045836292,0.9999977350234985
Pinus/Saarinen2021_vh112_plot6_tree161.npy,train,8,8,1,0.4690994142663563,0.1951165160088729,0.33578406776982994,0.9999707937240601
Pinus/Saarinen2021_vh112_plot6_tree162.npy,train,8,8,1,0.5172852486847698,0.2152877276206531,0.2674270214469581,0.9999958276748657
Pinus/Saarinen2021_vh112_plot6_tree163.npy,train,8,8,1,0.43790720147924994,0.30481710783923494,0.2572756858449046,0.9999994039535522
Pinus/Saarinen2021_vh112_plot6_tree169.npy,train,8,8,1,0.46835326647261705,0.2632719535762058,0.26837477587464975,0.9999951124191284
Pinus/Saarinen2021_vh112_plot6_tree17.npy,train,8,8,1,0.4448883675974977,0.35438480826602714,0.20072681923959315,0.9999991655349731
Pinus/Saarinen2021_vh112_plot6_tree170.npy,train,8,8,1,0.5898178078999737,0.11764474761878216,0.2925374399949654,0.9999991655349731
Pinus/Saarinen2021_vh112_plot6_tree171.npy,train,8,8,1,0.40327269296814017,0.30647403785957117,0.2902532655915165,0.9999977350234985
Pinus/Saarinen2021_vh112_plot6_tree174.npy,train,8,8,1,0.48738590118236164,0.2291476160955766,0.2834664788095843,0.9999992847442627
Pinus/Saarinen2021_vh112_plot6_tree176.npy,train,8,8,1,0.5406271817811766,0.1776758932138052,0.28169692073233077,0.9999978542327881
Pinus/Saarinen2021_vh112_plot6_tree18.npy,train,8,8,1,0.5580900643098071,0.12899086567593776,0.3129190640146821,0.9999991655349731
Pinus/Saarinen2021_vh112_plot6_tree180.npy,train,8,8,1,0.5825118834219495,0.1866635026435176,0.2308246092725505,0.9999988079071045
Pinus/Saarinen2021_vh112_plot6_tree185.npy,train,8,8,1,0.4926032840566553,0.2254160292159741,0.28198068258755793,0.9999971389770508
Pinus/Saarinen2021_vh112_plot6_tree186.npy,train,8,8,1,0.548461778162258,0.28808704588496437,0.16345117195674264,0.9999984502792358
Pinus/Saarinen2021_vh112_plot6_tree19.npy,train,8,8,1,0.5383933874488479,0.2144467752117125,0.24715983463449376,0.9999980926513672
Pinus/Saarinen2021_vh112_plot6_tree20.npy,train,8,8,1,0.570543954713684,0.2212807984923033,0.20817524189735206,0.9999974966049194
Pinus/Saarinen2021_vh112_plot6_tree21.npy,train,8,8,1,0.5733999151557552,0.18894490213893606,0.23765517860610072,0.999998927116394
Pinus/Saarinen2021_vh112_plot6_tree22.npy,train,8,8,1,0.42036946985175705,0.255942326946689,0.32368819871892335,0.9999971389770508
Pinus/Saarinen2021_vh112_plot6_tree26.npy,train,8,8,1,0.6133353198981395,0.1710723857441334,0.2155922918591201,0.9999921321868896
Pinus/Saarinen2021_vh112_plot6_tree27.npy,train,8,8,1,0.5484870816173992,0.16550387281917153,0.2860090410283954,0.9999984502792358
Pinus/Saarinen2021_vh112_plot6_tree28.npy,train,8,8,1,0.4835611971666599,0.1746429957356297,0.34179580178251406,0.9999995231628418
Pinus/Saarinen2021_vh112_plot6_tree29.npy,train,8,8,1,0.4395511320618597,0.27050222537543334,0.2899466380371857,0.9999982118606567
Pinus/Saarinen2021_vh112_plot6_tree31.npy,train,8,8,1,0.5164393163525738,0.17356789414758395,0.3099927866964744,0.9999992847442627
Pinus/Saarinen2021_vh112_plot6_tree32.npy,train,8,8,1,0.47740928573259533,0.2490957926514393,0.27349491836931217,0.9999940395355225
Pinus/Saarinen2021_vh112_plot6_tree33.npy,train,8,8,1,0.496168806180947,0.25395995313198316,0.2498712357901314,0.9999991655349731
Pinus/Saarinen2021_vh112_plot6_tree34.npy,train,8,8,1,0.5384788694296783,0.2897908055981566,0.1717303211361422,0.9999992847442627
Pinus/Saarinen2021_vh112_plot6_tree36.npy,train,8,8,1,0.45971018827069704,0.30007870526799796,0.2402111022119835,0.9999972581863403
Pinus/Saarinen2021_vh112_plot6_tree37.npy,train,8,8,1,0.5087062338663856,0.2540698768161507,0.23722388510284687,0.9999992847442627
Pinus/Saarinen2021_vh112_plot6_tree39.npy,train,8,8,1,0.47644013465268664,0.252238429321794,0.2713214326285169,0.999997615814209
Pinus/Saarinen2021_vh112_plot6_tree4.npy,train,8,8,1,0.4241825576388649,0.19159332925257397,0.3842241077921157,0.9999969005584717
Pinus/Saarinen2021_vh112_plot6_tree40.npy,train,8,8,1,0.5049411074158723,0.23704427392310237,0.25801461485885924,0.9999971389770508
Pinus/Saarinen2021_vh112_plot6_tree41.npy,train,8,8,1,0.4717247519798482,0.2487283989195043,0.27954684603086516,0.999996542930603
Pinus/Saarinen2021_vh112_plot6_tree42.npy,train,8,8,1,0.30912721683966604,0.40552012269274684,0.2853526553560916,0.9999995231628418
Pinus/Saarinen2021_vh112_plot6_tree44.npy,train,8,8,1,0.4449096349991929,0.19696382560505993,0.3581265357625325,0.999998927116394
Pinus/Saarinen2021_vh112_plot6_tree45.npy,train,8,8,1,0.5063198829932287,0.21596493818490306,0.27771517532171736,0.9999961853027344
Pinus/Saarinen2021_vh112_plot6_tree46.npy,train,8,8,1,0.40635062807755234,0.3174612775733546,0.2761880896479694,0.9999980926513672
Pinus/Saarinen2021_vh112_plot6_tree47.npy,train,8,8,1,0.47380310771967127,0.23813967848319992,0.2880572098760543,0.9999978542327881
Pinus/Saarinen2021_vh112_plot6_tree48.npy,train,8,8,1,0.46998911351825085,0.28765615164016584,0.24235473086082157,0.9999980926513672
Pinus/Saarinen2021_vh112_plot6_tree5.npy,train,8,8,1,0.5205894711474937,0.1917951441824281,0.28761538036951095,0.9999969005584717
Pinus/Saarinen2021_vh112_plot6_tree53.npy,train,8,8,1,0.5945901757775783,0.12032113779608392,0.28508868292433376,0.9999939203262329
Pinus/Saarinen2021_vh112_plot6_tree54.npy,train,8,8,1,0.49004345515659936,0.20102432028520384,0.3089322206945357,0.9999971389770508
Pinus/Saarinen2021_vh112_plot6_tree56.npy,train,8,8,1,0.5286859863737331,0.2220874844452911,0.2492265237531596,0.999998927116394
Pinus/Saarinen2021_vh112_plot6_tree57.npy,train,8,8,1,0.4746569123563544,0.17249243543724882,0.35285064981604847,0.9999890327453613
Pinus/Saarinen2021_vh112_plot6_tree6.npy,train,8,8,1,0.5700172248943327,0.12243557570785187,0.3075471962111672,0.9999921321868896
Pinus/Saarinen2021_vh112_plot6_tree60.npy,train,8,8,1,0.4630939167712479,0.2542476000749765,0.2826584792153792,0.9999978542327881
Pinus/Saarinen2021_vh112_plot6_tree63.npy,train,8,8,1,0.500945995236836,0.13203680624505362,0.367017196552505,0.9999833106994629
Pinus/Saarinen2021_vh112_plot6_tree64.npy,train,8,8,1,0.5659884491670313,0.10790350567854111,0.3261080421693149,0.999996542930603
Pinus/Saarinen2021_vh112_plot6_tree65.npy,train,8,8,1,0.4066288645644687,0.3281951334073989,0.265175997484189,0.9999988079071045
Pinus/Saarinen2021_vh112_plot6_tree66.npy,train,8,8,1,0.5768354851820582,0.22266842042753351,0.2004960887278827,0.9999991655349731
Pinus/Saarinen2021_vh112_plot6_tree68.npy,train,8,8,1,0.4897872327247642,0.23436571556464195,0.27584704829482887,0.9999983310699463
Pinus/Saarinen2021_vh112_plot6_tree69.npy,train,8,8,1,0.40089232190783114,0.2550646537344809,0.3440430190097059,0.9999991655349731
Pinus/Saarinen2021_vh112_plot6_tree73.npy,train,8,8,1,0.5670410648793927,0.16262327397432358,0.2703356570669282,0.9999939203262329
Pinus/Saarinen2021_vh112_plot6_tree79.npy,train,8,8,1,0.4769011206558759,0.30977401104189417,0.21332486339645235,0.9999959468841553
Pinus/Saarinen2021_vh112_plot6_tree80.npy,train,8,8,1,0.5201146545290934,0.20382994888942485,0.2760553930283387,0.9999961853027344
Pinus/Saarinen2021_vh112_plot6_tree81.npy,train,8,8,1,0.40266155060563735,0.2714711704479065,0.3258672736760709,0.9999991655349731
Pinus/Saarinen2021_vh112_plot6_tree82.npy,train,8,8,1,0.4201761772634381,0.3499386369817289,0.2298851817473704,0.9999985694885254
Pinus/Saarinen2021_vh112_plot6_tree83.npy,train,8,8,1,0.4107785033068123,0.2762443839841414,0.31297710808968726,0.9999986886978149
Pinus/Saarinen2021_vh112_plot6_tree84.npy,train,8,8,1,0.47860411480681847,0.2069254369715939,0.31447044483349473,0.9999970197677612
Pinus/Saarinen2021_vh112_plot6_tree85.npy,train,8,8,1,0.3671798096104576,0.3183205389288984,0.3144996460907701,0.9999991655349731
Pinus/Saarinen2021_vh112_plot6_tree86.npy,train,8,8,1,0.4549459443322904,0.2987572573999416,0.2462967940802997,0.9999990463256836
Pinus/Saarinen2021_vh112_plot6_tree87.npy,train,8,8,1,0.5746884604386433,0.2300438963904691,0.19526763991002744,0.9999973773956299
Pinus/Saarinen2021_vh112_plot6_tree88.npy,train,8,8,1,0.4154313844626441,0.3021727201468112,0.282395889287384,0.9999991655349731
Pinus/Saarinen2021_vh112_plot6_tree89.npy,train,8,8,1,0.5247042929529402,0.15947738607211212,0.31581831868145593,0.9999876022338867
Pinus/Saarinen2021_vh112_plot6_tree9.npy,train,8,8,1,0.5828032310102254,0.15317290104228587,0.26402386399555966,0.9999992847442627
Pinus/Saarinen2021_vh112_plot6_tree92.npy,train,8,8,1,0.49416515191787663,0.19304065896378314,0.31279418573908446,0.999997615814209
Pinus/Saarinen2021_vh112_plot6_tree95.npy,train,8,8,1,0.5721742394767602,0.18383107755247044,0.2439946791275369,0.9999940395355225
Pinus/Saarinen2021_vh112_plot6_tree97.npy,train,8,8,1,0.5963101387045968,0.19896175898582427,0.2047280983328155,0.9999971389770508
Pinus/Saarinen2021_vh112_plot6_tree98.npy,train,8,8,1,0.5137071597309746,0.16527824468541497,0.32101458945580313,0.9999994039535522
Pinus/Saarinen2021_vh112_plot7_tree1.npy,train,8,8,1,0.4501307312827725,0.19818278813846152,0.3516864777383845,0.9999922513961792
Pinus/Saarinen2021_vh112_plot7_tree100.npy,train,8,8,1,0.4680452766971747,0.19254561100891193,0.3394091067421218,0.9999991655349731
Pinus/Saarinen2021_vh112_plot7_tree101.npy,train,8,8,1,0.47701417490585596,0.2304787779766777,0.29250704166573394,0.9999985694885254
Pinus/Saarinen2021_vh112_plot7_tree11.npy,train,8,8,1,0.5001377261239784,0.18646300900829973,0.31339925903480537,0.9999991655349731
Pinus/Saarinen2021_vh112_plot7_tree14.npy,train,8,8,1,0.4174937034997886,0.30497588852118196,0.2775304038841075,0.9999988079071045
Pinus/Saarinen2021_vh112_plot7_tree16.npy,train,8,8,1,0.5050737872569211,0.2342173106973244,0.26070889818386944,0.9999958276748657
Pinus/Saarinen2021_vh112_plot7_tree19.npy,train,8,8,1,0.5113051094639127,0.18051267314409108,0.3081822138909922,0.9999934434890747
Pinus/Saarinen2021_vh112_plot7_tree27.npy,train,8,8,1,0.48828005379336964,0.2145816705314111,0.29713827213321414,0.9999982118606567
Pinus/Saarinen2021_vh112_plot7_tree3.npy,train,8,8,1,0.428201610878834,0.32125789764152846,0.2505404866682606,0.9999991655349731
Pinus/Saarinen2021_vh112_plot7_tree34.npy,train,8,8,1,0.4357489806138451,0.27941640640928483,0.28483460827679136,0.9999990463256836
Pinus/Saarinen2021_vh112_plot7_tree39.npy,train,8,8,1,0.4761261920922538,0.18866547608024142,0.3352083295335892,0.9999756813049316
Pinus/Saarinen2021_vh112_plot7_tree41.npy,train,8,8,1,0.43158484309963246,0.3126991323693858,0.2557160210168519,0.9999946355819702
Pinus/Saarinen2021_vh112_plot7_tree43.npy,train,8,8,1,0.3849046815516529,0.32506298703077957,0.29003232622762887,0.9999990463256836
Pinus/Saarinen2021_vh112_plot7_tree45.npy,train,8,8,1,0.5436530766063685,0.1743030128907774,0.28204390644909233,0.9999986886978149
Pinus/Saarinen2021_vh112_plot7_tree47.npy,train,8,8,1,0.46573261480454986,0.2201542705071148,0.3141131101458946,0.9999980926513672
Pinus/Saarinen2021_vh112_plot7_tree6.npy,train,8,8,1,0.4717955690668871,0.20061443407466784,0.3275899932550302,0.9999918937683105
Pinus/Saarinen2021_vh112_plot7_tree65.npy,train,8,8,1,0.4197384351137496,0.30211594394691743,0.2781456165311172,0.999998927116394
Pinus/Saarinen2021_vh112_plot7_tree66.npy,train,8,8,1,0.4681253175705863,0.20922588031437037,0.32264879807112323,0.9999961853027344
Pinus/Saarinen2021_vh112_plot7_tree68.npy,train,8,8,1,0.5229059450081265,0.18510513991916433,0.29198891320003284,0.9999728202819824
Pinus/Saarinen2021_vh112_plot7_tree69.npy,train,8,8,1,0.4783723331850654,0.21625495842452538,0.30537270427872754,0.9999990463256836
Pinus/Saarinen2021_vh112_plot7_tree70.npy,train,8,8,1,0.4166146942477864,0.30645066651588443,0.2769346356213738,0.9999979734420776
Pinus/Saarinen2021_vh112_plot7_tree72.npy,train,8,8,1,0.5374588640529581,0.2673168309206809,0.19522430088612938,0.9999961853027344
Pinus/Saarinen2021_vh112_plot7_tree74.npy,train,8,8,1,0.49777072850073234,0.14453478406339357,0.3576944837493819,0.9999974966049194
Pinus/Saarinen2021_vh112_plot7_tree75.npy,train,8,8,1,0.5245666559323939,0.20777836489744123,0.26765497604868094,0.9999933242797852
Pinus/Saarinen2021_vh112_plot7_tree78.npy,train,8,8,1,0.4741980998713555,0.19794852559200443,0.3278533718274727,0.9999949932098389
Pinus/Saarinen2021_vh112_plot7_tree79.npy,train,8,8,1,0.46924590158158136,0.22156093177128394,0.30919316211064285,0.999998927116394
Pinus/Saarinen2021_vh112_plot7_tree80.npy,train,8,8,1,0.44900018238294237,0.2937439271619988,0.25725588567450014,0.999998927116394
Pinus/Saarinen2021_vh112_plot7_tree83.npy,train,8,8,1,0.4835436473709163,0.25807354477044947,0.25838280499915467,0.9999969005584717
Pinus/Saarinen2021_vh112_plot7_tree85.npy,train,8,8,1,0.5499727552442517,0.16299057839180695,0.2870366623302821,0.9999964237213135
Pinus/Saarinen2021_vh112_plot7_tree87.npy,train,8,8,1,0.5756928093330478,0.19089061133917748,0.23341657662603513,0.9999892711639404
Pinus/Saarinen2021_vh112_plot7_tree9.npy,train,8,8,1,0.6512300177135675,0.11426208403933653,0.23450789484631832,0.9999862909317017
Pinus/Saarinen2021_vh112_plot7_tree99.npy,train,8,8,1,0.4419641701809996,0.27615574875747845,0.28188007576405705,0.9999984502792358
Pinus/Saarinen2021_vh112_plot8_tree1.npy,train,8,8,1,0.5244198090369165,0.2224605569680119,0.2531196300253102,0.9999982118606567
Pinus/Saarinen2021_vh112_plot8_tree10.npy,train,8,8,1,0.47556595036492094,0.2470144514965905,0.2774195945836128,0.9999955892562866
Pinus/Saarinen2021_vh112_plot8_tree11.npy,train,8,8,1,0.4533619145778251,0.2797311930447027,0.26690688857728884,0.999997615814209
Pinus/Saarinen2021_vh112_plot8_tree13.npy,train,8,8,1,0.4673245469795468,0.2646859242638403,0.2679895262195705,0.9999922513961792
Pinus/Saarinen2021_vh112_plot8_tree14.npy,train,8,8,1,0.49075087360166436,0.20429638863104116,0.3049527353831441,0.9999802112579346
Pinus/Saarinen2021_vh112_plot8_tree17.npy,train,8,8,1,0.4021549366765638,0.31781500665457096,0.28003005448577756,0.9999867677688599
Pinus/Saarinen2021_vh112_plot8_tree19.npy,train,8,8,1,0.5610149486455588,0.13909639445052968,0.2998886543775986,0.9999129772186279
Pinus/Saarinen2021_vh112_plot8_tree21.npy,train,8,8,1,0.5474843668992324,0.1650207272511043,0.28749490064605154,0.9999991655349731
Pinus/Saarinen2021_vh112_plot8_tree22.npy,train,8,8,1,0.46687263261023615,0.29732864659933256,0.23579871710037664,0.9999972581863403
Pinus/Saarinen2021_vh112_plot8_tree23.npy,train,8,8,1,0.4306413811941562,0.2719362856705755,0.2974223299664097,0.9999920129776001
Pinus/Saarinen2021_vh112_plot8_tree24.npy,train,8,8,1,0.4574257367486722,0.26939519270072376,0.27317906809202785,0.9998478889465332
Pinus/Saarinen2021_vh112_plot8_tree27.npy,train,8,8,1,0.4775604745285132,0.3057103600516049,0.21672916137012677,0.9999969005584717
Pinus/Saarinen2021_vh112_plot8_tree28.npy,train,8,8,1,0.4817272939623957,0.2740011864811978,0.24427151571506345,0.9999978542327881
Pinus/Saarinen2021_vh112_plot8_tree3.npy,train,8,8,1,0.5995311995532584,0.21520513960325158,0.18526365751255683,0.9999933242797852
Pinus/Saarinen2021_vh112_plot8_tree31.npy,train,8,8,1,0.4474228330986908,0.2971429202761574,0.2554342432505236,0.9999982118606567
Pinus/Saarinen2021_vh112_plot8_tree32.npy,train,8,8,1,0.5570935820542373,0.20274813885196308,0.240158273785433,0.9999991655349731
Pinus/Saarinen2021_vh112_plot8_tree4.npy,train,8,8,1,0.42739276412831334,0.21971386006565752,0.35289337400434717,0.9999643564224243
Pinus/Saarinen2021_vh112_plot8_tree7.npy,train,8,8,1,0.49263596194504294,0.2600643127270131,0.247299722507248,0.9999967813491821
Pinus/Saarinen2021_vh112_plot8_tree8.npy,train,8,8,1,0.45747977572913523,0.27314258690164855,0.2693776336962948,0.9999971389770508
Pinus/Saarinen2021_vh112_plot8_tree9.npy,train,8,8,1,0.6586768114756639,0.11194786155057723,0.22937532360155158,0.9999957084655762
Pinus/Saarinen2021_vh112_plot9_tree10.npy,train,8,8,1,0.45242502045312766,0.2584405654421062,0.28913440960755465,0.9999982118606567
Pinus/Saarinen2021_vh112_plot9_tree13.npy,train,8,8,1,0.47935537923106747,0.2499034842614106,0.27074113074714756,0.999998927116394
Pinus/Saarinen2021_vh112_plot9_tree14.npy,train,8,8,1,0.4687341916940655,0.22792821387485662,0.30333758992497895,0.999997615814209
Pinus/Saarinen2021_vh112_plot9_tree15.npy,train,8,8,1,0.5289065619591304,0.2107977706325061,0.26029566229321255,0.9999988079071045
Pinus/Saarinen2021_vh112_plot9_tree16.npy,train,8,8,1,0.438636201798298,0.26497684635881225,0.2963869468240082,0.9999994039535522
Pinus/Saarinen2021_vh112_plot9_tree19.npy,train,8,8,1,0.48776986380452136,0.23065534394322448,0.2815747880376929,0.9999991655349731
Pinus/Saarinen2021_vh112_plot9_tree2.npy,train,8,8,1,0.5553114349378286,0.1772982641080115,0.26739029706840567,0.9999972581863403
Pinus/Saarinen2021_vh112_plot9_tree20.npy,train,8,8,1,0.4692423332744948,0.25058964259265004,0.2801680192122131,0.9999979734420776
Pinus/Saarinen2021_vh112_plot9_tree21.npy,train,8,8,1,0.4866123960569961,0.2592366358441778,0.25415096215935695,0.999998927116394
Pinus/Saarinen2021_vh112_plot9_tree24.npy,train,8,8,1,0.5810639141746354,0.18205565935445442,0.23688042243484075,0.9999974966049194
Pinus/Saarinen2021_vh112_plot9_tree25.npy,train,8,8,1,0.45208611750615935,0.22929528467658336,0.318618592532011,0.9999994039535522
Pinus/Saarinen2021_vh112_plot9_tree26.npy,train,8,8,1,0.566258076971993,0.17580190649682584,0.25794001174311676,0.9999986886978149
Pinus/Saarinen2021_vh112_plot9_tree27.npy,train,8,8,1,0.4814641861930326,0.27948139119619253,0.2390544185796813,0.9999988079071045
Pinus/Saarinen2021_vh112_plot9_tree28.npy,train,8,8,1,0.4292969795768669,0.30444913818987346,0.2662538771115519,0.9999994039535522
Pinus/Saarinen2021_vh112_plot9_tree29.npy,train,8,8,1,0.48823859026149025,0.2695896254646635,0.2421717797813555,0.9999985694885254
Pinus/Saarinen2021_vh112_plot9_tree3.npy,train,8,8,1,0.5455937774162678,0.1578163367280443,0.2965898798428701,0.9999985694885254
Pinus/Saarinen2021_vh112_plot9_tree32.npy,train,8,8,1,0.46694759321867735,0.2424684636126661,0.290583937347506,0.9999994039535522
Pinus/Saarinen2021_vh112_plot9_tree33.npy,train,8,8,1,0.5578098296944378,0.17049305223775266,0.2716971129001501,0.9999958276748657
Pinus/Saarinen2021_vh112_plot9_tree34.npy,train,8,8,1,0.5147654868758499,0.19088169312598163,0.2943528163800408,0.9999978542327881
Pinus/Saarinen2021_vh112_plot9_tree35.npy,train,8,8,1,0.507256878665635,0.19339201795699165,0.29935109875108956,0.999998927116394
Pinus/Saarinen2021_vh112_plot9_tree36.npy,train,8,8,1,0.5750298910927507,0.15552751734373813,0.2694425884052266,0.999995231628418
Pinus/Saarinen2021_vh112_plot9_tree37.npy,train,8,8,1,0.5598175814483468,0.15786910996608255,0.2823133043091652,0.9999990463256836
Pinus/Saarinen2021_vh112_plot9_tree39.npy,train,8,8,1,0.5520194069287045,0.17110269776959433,0.276877891669699,0.9999960660934448
Pinus/Saarinen2021_vh112_plot9_tree40.npy,train,8,8,1,0.5439956404924681,0.21494506218944856,0.241059293650708,0.9999988079071045
Pinus/Saarinen2021_vh112_plot9_tree41.npy,train,8,8,1,0.5129575035689727,0.20879122164938757,0.27825127058810256,0.9999957084655762
Pinus/Saarinen2021_vh112_plot9_tree42.npy,train,8,8,1,0.5699933407524044,0.18083222633761523,0.24917442939129897,0.999996542930603
Pinus/Saarinen2021_vh112_plot9_tree46.npy,train,8,8,1,0.4113990461987997,0.27801028846559045,0.31059066069704566,0.9999984502792358
Pinus/Saarinen2021_vh112_plot9_tree49.npy,train,8,8,1,0.5652855053789582,0.1840718768596618,0.25064261416752626,0.9999980926513672
Pinus/Saarinen2021_vh112_plot9_tree5.npy,train,8,8,1,0.5381954502309663,0.24439598311155072,0.21740856164272698,0.9999992847442627
Pinus/Saarinen2021_vh112_plot9_tree50.npy,train,8,8,1,0.47033494364354594,0.24177183449816483,0.2878932177327533,0.9999961853027344
Pinus/Saarinen2021_vh112_plot9_tree55.npy,train,8,8,1,0.5867948531363812,0.19344896868088526,0.21975617375528114,0.9999938011169434
Pinus/Saarinen2021_vh112_plot9_tree57.npy,train,8,8,1,0.598338252647305,0.11558392269117856,0.28607782226206047,0.9999817609786987
Pinus/Saarinen2021_vh112_plot9_tree58.npy,train,8,8,1,0.4950403940701003,0.22273780313890848,0.2822217987044284,0.9999971389770508
Pinus/Saarinen2021_vh112_plot9_tree6.npy,train,8,8,1,0.407308152529692,0.29113738569604,0.3015544552772875,0.9999995231628418
Pinus/Saarinen2021_vh112_plot9_tree60.npy,train,8,8,1,0.5438584314484812,0.16638017696582375,0.28976138913841815,0.9999877214431763
Pinus/Saarinen2021_vh112_plot9_tree61.npy,train,8,8,1,0.5637274434725276,0.2216420667244917,0.2146304848209876,0.9999985694885254
Pinus/Saarinen2021_vh112_plot9_tree63.npy,train,8,8,1,0.5992735596046518,0.11664744990061937,0.2840789880191799,0.9999295473098755
Pinus/Saarinen2021_vh112_plot9_tree65.npy,train,8,8,1,0.41680026607902937,0.2835301087963572,0.2996696201963406,0.9999985694885254
Pinus/Saarinen2021_vh112_plot9_tree67.npy,train,8,8,1,0.5897823384238007,0.1199366219746321,0.2902810355838431,0.9999961853027344
Pinus/Saarinen2021_vh112_plot9_tree7.npy,train,8,8,1,0.5045753378067155,0.33904055549412115,0.1563841027381707,0.9999942779541016
Pinus/Saarinen2021_vh112_plot9_tree72.npy,train,8,8,1,0.4634924628635959,0.2657258160899578,0.27078171567389936,0.9999984502792358
Pinus/Saarinen2021_vh112_plot9_tree77.npy,train,8,8,1,0.4888956955439393,0.24578622540772505,0.2653180754223545,0.9999951124191284
Pinus/Saarinen2021_vh112_plot9_tree8.npy,train,8,8,1,0.4646482316515442,0.23191757451033637,0.303434190502358,0.9999960660934448
Pinus/Saarinen2021_vh112_plot9_tree80.npy,train,8,8,1,0.45341108894608,0.2776803887600429,0.2689085183504381,0.9999990463256836
Pinus/Saarinen2021_vh112_plot9_tree82.npy,train,8,8,1,0.42381533254726333,0.277376193923633,0.2988084677985869,0.9999988079071045
Pinus/Saarinen2021_vh112_plot9_tree83.npy,train,8,8,1,0.6231164262150262,0.10369806008091538,0.27318551038726413,0.9999974966049194
Pinus/Saarinen2021_vh112_plot9_tree84.npy,train,8,8,1,0.6314399252029758,0.07162792889041586,0.29693214179003946,0.9999991655349731
Pinus/Saarinen2021_vh112_plot9_tree85.npy,train,8,8,1,0.44905384963756095,0.24956570897606112,0.30138043538990106,0.9999995231628418
Pinus/Saarinen2021_vh112_plot9_tree86.npy,train,8,8,1,0.5582299627292232,0.20501390267824468,0.23675613021976125,0.9999983310699463
Pinus/Saarinen2021_vh112_plot9_tree87.npy,train,8,8,1,0.56506661767249,0.17107299281734054,0.26386038594562045,0.9999969005584717
Pinus/Saarinen2021_vh112_plot9_tree88.npy,train,8,8,1,0.4957291134035676,0.18449970552988898,0.31977117655062987,0.9999991655349731
Pinus/Saarinen2021_vh112_plot9_tree9.npy,train,8,8,1,0.4255440473646176,0.2685390459254827,0.30591690112071607,0.9999986886978149
Pinus/Saarinen2021_vh112_plot9_tree92.npy,train,8,8,1,0.5603126225901007,0.1714711953371865,0.2682161760694335,0.9999991655349731
Pinus/Saarinen2021_vh112_plot9_tree93.npy,train,8,8,1,0.43864966880263895,0.2262571266533137,0.33509319886182576,0.9999992847442627
Pinus/Saarinen2021_vh112_plot9_tree94.npy,train,8,8,1,0.5677120034536264,0.19611193140733232,0.23617606107559233,0.999996542930603
Pinus/Saarinen2021_vh112_plot9_tree95.npy,train,8,8,1,0.5368186365248504,0.21267645235120028,0.2505049082536514,0.9999905824661255
Pinus/Saarinen2021_vh112_plot9_tree96.npy,train,8,8,1,0.5681930918187436,0.22210959593763177,0.20969730827251826,0.9999983310699463
Pinus/Saarinen2021_vh112_plot9_tree97.npy,train,8,8,1,0.5461772214468205,0.1863531203101631,0.2674696540000018,0.9999970197677612
Pinus/Saarinen2021_vh112_plot9_tree98.npy,train,8,8,1,0.6366154873763066,0.051328184670340476,0.31205632435199,0.9999983310699463
Pinus/Saarinen2021_vh113_plot1_tree10.npy,train,8,8,1,0.6715601999034599,0.08109585374278591,0.24734394351057928,0.9999574422836304
Pinus/Saarinen2021_vh113_plot1_tree102.npy,train,8,8,1,0.5463283423517353,0.16307786510406902,0.29059378814316306,0.9999984502792358
Pinus/Saarinen2021_vh113_plot1_tree103.npy,train,8,8,1,0.5547812389833132,0.16998187577688875,0.27523688167047106,0.9999992847442627
Pinus/Saarinen2021_vh113_plot1_tree104.npy,train,8,8,1,0.5964243756247588,0.10088695561030647,0.30268866467396616,0.9999984502792358
Pinus/Saarinen2021_vh113_plot1_tree106.npy,train,8,8,1,0.6456315997894463,0.11293122616601531,0.24143716959531963,0.9999995231628418
Pinus/Saarinen2021_vh113_plot1_tree11.npy,train,8,8,1,0.5852632973384289,0.08651794818942807,0.3282187517004994,0.9999964237213135
Pinus/Saarinen2021_vh113_plot1_tree111.npy,train,8,8,1,0.5711544649391163,0.16186676183264523,0.26697876892302835,0.9999992847442627
Pinus/Saarinen2021_vh113_plot1_tree114.npy,train,8,8,1,0.6047801285759269,0.1091804763508834,0.28603939260273986,0.9999943971633911
Pinus/Saarinen2021_vh113_plot1_tree117.npy,train,8,8,1,0.5306852278500754,0.23334935160472045,0.23596541590554196,0.9999986886978149
Pinus/Saarinen2021_vh113_plot1_tree124.npy,train,8,8,1,0.5051834927412668,0.17616295323169154,0.31865354942796575,0.9999994039535522
Pinus/Saarinen2021_vh113_plot1_tree125.npy,train,8,8,1,0.5124034496029576,0.221022205365818,0.2665743416245605,0.9999881982803345
Pinus/Saarinen2021_vh113_plot1_tree129.npy,train,8,8,1,0.6241146517739555,0.12759900907924632,0.24828633611127562,0.9999979734420776
Pinus/Saarinen2021_vh113_plot1_tree13.npy,train,8,8,1,0.5656618654270997,0.15568526844396371,0.2786528634655589,0.9999840259552002
Pinus/Saarinen2021_vh113_plot1_tree139.npy,train,8,8,1,0.6005663146465787,0.09159273606382971,0.30784094630975367,0.9999982118606567
Pinus/Saarinen2021_vh113_plot1_tree140.npy,train,8,8,1,0.6076318013978115,0.07225564695451055,0.32011254867866357,0.9999990463256836
Pinus/Saarinen2021_vh113_plot1_tree142.npy,train,8,8,1,0.5165992789693679,0.2467961211778143,0.23660459592049138,0.9999994039535522
Pinus/Saarinen2021_vh113_plot1_tree146.npy,train,8,8,1,0.55845658985052,0.08623303355505255,0.3553103743809095,0.9999958276748657
Pinus/Saarinen2021_vh113_plot1_tree148.npy,train,8,8,1,0.6522580359244993,0.0885965959478677,0.25914536488807655,0.9999946355819702
Pinus/Saarinen2021_vh113_plot1_tree150.npy,train,8,8,1,0.5894033992004427,0.10853395617952162,0.30206263970294867,0.9999988079071045
Pinus/Saarinen2021_vh113_plot1_tree151.npy,train,8,8,1,0.5515458439407183,0.16274382031312495,0.2857103304395119,0.9999991655349731
Pinus/Saarinen2021_vh113_plot1_tree153.npy,train,8,8,1,0.5265804821238924,0.20963951746538864,0.263779995941222,0.9999990463256836
Pinus/Saarinen2021_vh113_plot1_tree156.npy,train,8,8,1,0.3847852095448616,0.3059472326319273,0.3092675522784776,0.9999995231628418
Pinus/Saarinen2021_vh113_plot1_tree157.npy,train,8,8,1,0.5447167130200609,0.1721055955501296,0.28317768625066236,0.9999979734420776
Pinus/Saarinen2021_vh113_plot1_tree16.npy,train,8,8,1,0.5169933020078562,0.26813425063818763,0.2148724437572019,0.9999972581863403
Pinus/Saarinen2021_vh113_plot1_tree161.npy,train,8,8,1,0.6262448719380536,0.10197649598131663,0.2717786286637372,0.999997615814209
Pinus/Saarinen2021_vh113_plot1_tree163.npy,train,8,8,1,0.5394174056152842,0.26426532212993226,0.19631726838292415,0.9999977350234985
Pinus/Saarinen2021_vh113_plot1_tree165.npy,train,8,8,1,0.614394651180354,0.054275800861023814,0.33132954573826023,0.9999948740005493
Pinus/Saarinen2021_vh113_plot1_tree166.npy,train,8,8,1,0.4804958632628578,0.26945742256342037,0.2500467079910316,0.9999994039535522
Pinus/Saarinen2021_vh113_plot1_tree167.npy,train,8,8,1,0.486323636728126,0.2542857247977673,0.2593906333755751,0.9999991655349731
Pinus/Saarinen2021_vh113_plot1_tree177.npy,train,8,8,1,0.6808202054592516,0.06944966660479446,0.24973012369365247,0.9999995231628418
Pinus/Saarinen2021_vh113_plot1_tree2.npy,train,8,8,1,0.47983181604822284,0.2812496871058268,0.2389184926828862,0.9999980926513672
Pinus/Saarinen2021_vh113_plot1_tree22.npy,train,8,8,1,0.48796707317570365,0.27398986350939647,0.23804306041440015,0.9999945163726807
Pinus/Saarinen2021_vh113_plot1_tree25.npy,train,8,8,1,0.5131773764901348,0.2005190833943361,0.2863035367421229,0.9999951124191284
Pinus/Saarinen2021_vh113_plot1_tree27.npy,train,8,8,1,0.5840599921036348,0.19938098917071023,0.2165590149232554,0.9999914169311523
Pinus/Saarinen2021_vh113_plot1_tree3.npy,train,8,8,1,0.5928492285519922,0.12784241811923377,0.27930834914398933,0.9999994039535522
Pinus/Saarinen2021_vh113_plot1_tree31.npy,train,8,8,1,0.503203033662833,0.19680499309701258,0.29999196927274824,0.9999984502792358
Pinus/Saarinen2021_vh113_plot1_tree34.npy,train,8,8,1,0.5300622117836069,0.19814054384938815,0.2717972396495572,0.9999978542327881
Pinus/Saarinen2021_vh113_plot1_tree37.npy,train,8,8,1,0.6050067117187895,0.1300715901383047,0.26492169392349063,0.9999977350234985
Pinus/Saarinen2021_vh113_plot1_tree4.npy,train,8,8,1,0.4889426217451322,0.19807755742977678,0.31297981718027207,0.9999958276748657
Pinus/Saarinen2021_vh113_plot1_tree40.npy,train,8,8,1,0.4532211090612987,0.3021071240504641,0.24467176301460528,0.9999990463256836
Pinus/Saarinen2021_vh113_plot1_tree41.npy,train,8,8,1,0.4453216677575628,0.2825238654443386,0.27215446129683585,0.9999992847442627
Pinus/Saarinen2021_vh113_plot1_tree42.npy,train,8,8,1,0.5133252177678821,0.16695995981146367,0.31971481683174957,0.9999990463256836
Pinus/Saarinen2021_vh113_plot1_tree44.npy,train,8,8,1,0.48906877698579665,0.1525181233501816,0.3584130972373019,0.999992847442627
Pinus/Saarinen2021_vh113_plot1_tree45.npy,train,8,8,1,0.5006149312002365,0.2565671798333892,0.2428178839136643,0.9999983310699463
Pinus/Saarinen2021_vh113_plot1_tree46.npy,train,8,8,1,0.5186299413779646,0.1864436885128889,0.2949263660381847,0.9999974966049194
Pinus/Saarinen2021_vh113_plot1_tree50.npy,train,8,8,1,0.5152047442986147,0.19062416255006914,0.29417109008951187,0.9999946355819702
Pinus/Saarinen2021_vh113_plot1_tree52.npy,train,8,8,1,0.5591518018732474,0.13480265790675652,0.3060455352006826,0.9999996423721313
Pinus/Saarinen2021_vh113_plot1_tree53.npy,train,8,8,1,0.6809333785830781,0.09325383296920851,0.22581278379879355,0.9999990463256836
Pinus/Saarinen2021_vh113_plot1_tree55.npy,train,8,8,1,0.5618362890511148,0.2591312368989313,0.17903247010665538,0.9999971389770508
Pinus/Saarinen2021_vh113_plot1_tree58.npy,train,8,8,1,0.5062460902294158,0.21146239387862448,0.28229151203393565,0.9999982118606567
Pinus/Saarinen2021_vh113_plot1_tree6.npy,train,8,8,1,0.6709244317823403,0.09179278208145182,0.23728278256788793,0.9999983310699463
Pinus/Saarinen2021_vh113_plot1_tree63.npy,train,8,8,1,0.5320552852321598,0.15555794357596325,0.3123867667400925,0.9999984502792358
Pinus/Saarinen2021_vh113_plot1_tree65.npy,train,8,8,1,0.5041579055419623,0.2333277271933624,0.2625143637660993,0.9999960660934448
Pinus/Saarinen2021_vh113_plot1_tree66.npy,train,8,8,1,0.46146622140946225,0.27474861517357463,0.26378515810463177,0.9999991655349731
Pinus/Saarinen2021_vh113_plot1_tree67.npy,train,8,8,1,0.5553835728111014,0.1366156869180075,0.30800073504729036,0.999998927116394
Pinus/Saarinen2021_vh113_plot1_tree68.npy,train,8,8,1,0.5931183921497535,0.09133669589370821,0.3155449087180725,0.999998927116394
Pinus/Saarinen2021_vh113_plot1_tree7.npy,train,8,8,1,0.43276459662871775,0.20102104375732832,0.3662143560828686,0.9999973773956299
Pinus/Saarinen2021_vh113_plot1_tree8.npy,train,8,8,1,0.4680323670337823,0.19461032833554634,0.3373573003625289,0.9999984502792358
Pinus/Saarinen2021_vh113_plot1_tree83.npy,train,8,8,1,0.512916322175266,0.17550387537607198,0.3115797968654063,0.9999985694885254
Pinus/Saarinen2021_vh113_plot1_tree85.npy,train,8,8,1,0.4313739530195789,0.23051079774525735,0.33811524467835447,0.9999984502792358
Pinus/Saarinen2021_vh113_plot1_tree86.npy,train,8,8,1,0.45734938079042614,0.26000316784956756,0.2826474476752427,0.9999977350234985
Pinus/Saarinen2021_vh113_plot1_tree88.npy,train,8,8,1,0.4837143409677512,0.19893195023068558,0.31735370433499566,0.9999988079071045
Pinus/Saarinen2021_vh113_plot1_tree89.npy,train,8,8,1,0.46885696483562583,0.25199785614628395,0.2791451749043836,0.9999978542327881
Pinus/Saarinen2021_vh113_plot1_tree9.npy,train,8,8,1,0.5958130080745048,0.13046780007729247,0.27371918730939904,0.9999988079071045
Pinus/Saarinen2021_vh113_plot1_tree90.npy,train,8,8,1,0.49667670979840406,0.20461651041127815,0.2987067747081785,0.9999992847442627
Pinus/Saarinen2021_vh113_plot1_tree91.npy,train,8,8,1,0.5664303509726961,0.13862281678890997,0.2949468270596207,0.9999994039535522
Pinus/Saarinen2021_vh113_plot1_tree93.npy,train,8,8,1,0.539504547406365,0.20964227673730912,0.250853172082144,0.9999984502792358
Pinus/Saarinen2021_vh113_plot1_tree95.npy,train,8,8,1,0.47037273644089533,0.27089248398324517,0.25873477431853764,0.9999990463256836
Pinus/Saarinen2021_vh113_plot1_tree98.npy,train,8,8,1,0.5027173664962301,0.29861919385373015,0.19866343547132523,0.9999982118606567
Pinus/Saarinen2021_vh113_plot1_tree99.npy,train,8,8,1,0.44154398901892516,0.2336729118863491,0.3247830935534977,0.9999990463256836
Pinus/Saarinen2021_vh113_plot2_tree1.npy,train,8,8,1,0.42949346538177546,0.286263619930332,0.28424291048133876,0.9999982118606567
Pinus/Saarinen2021_vh113_plot2_tree10.npy,train,8,8,1,0.5742737333660161,0.1333846524042869,0.29234161081714294,0.9999980926513672
Pinus/Saarinen2021_vh113_plot2_tree100.npy,train,8,8,1,0.5164161622148118,0.20495348781599176,0.27863034637622375,0.9999935626983643
Pinus/Saarinen2021_vh113_plot2_tree101.npy,train,8,8,1,0.5999070120099006,0.07586739486803148,0.32422559018467373,0.999995231628418
Pinus/Saarinen2021_vh113_plot2_tree102.npy,train,8,8,1,0.4153968391481564,0.30976276687636717,0.2748403905213708,0.9999978542327881
Pinus/Saarinen2021_vh113_plot2_tree103.npy,train,8,8,1,0.4639456040649314,0.23435443777003195,0.3016999524126516,0.9999990463256836
Pinus/Saarinen2021_vh113_plot2_tree106.npy,train,8,8,1,0.6201210183430498,0.12545434585975712,0.2544246330483368,0.999998927116394
Pinus/Saarinen2021_vh113_plot2_tree111.npy,train,8,8,1,0.4648317602374698,0.20887655496704485,0.32629167973515866,0.9999983310699463
Pinus/Saarinen2021_vh113_plot2_tree112.npy,train,8,8,1,0.4052227935349817,0.3238742003249469,0.27090300210694795,0.999996542930603
Pinus/Saarinen2021_vh113_plot2_tree12.npy,train,8,8,1,0.4024514250516779,0.27592076148806893,0.3216278067700541,0.9999995231628418
Pinus/Saarinen2021_vh113_plot2_tree123.npy,train,8,8,1,0.497877798750724,0.24545776181280887,0.25666443513906845,0.9999979734420776
Pinus/Saarinen2021_vh113_plot2_tree124.npy,train,8,8,1,0.5364306400791584,0.19724496687125093,0.26632438834289074,0.9999978542327881
Pinus/Saarinen2021_vh113_plot2_tree125.npy,train,8,8,1,0.4647019590556622,0.2543766196897805,0.28092141810644206,0.9999908208847046
Pinus/Saarinen2021_vh113_plot2_tree128.npy,train,8,8,1,0.5998183532758121,0.1283179251839202,0.27186371758660066,0.999998927116394
Pinus/Saarinen2021_vh113_plot2_tree13.npy,train,8,8,1,0.5674329232725905,0.15650857174410657,0.2760584991637038,0.9999994039535522
Pinus/Saarinen2021_vh113_plot2_tree132.npy,train,8,8,1,0.5781797606027972,0.21914560320351764,0.20267463228603316,0.9999982118606567
Pinus/Saarinen2021_vh113_plot2_tree134.npy,train,8,8,1,0.561633979750337,0.2083342979836069,0.23003171905375053,0.9999734163284302
Pinus/Saarinen2021_vh113_plot2_tree136.npy,train,8,8,1,0.5184129991420436,0.18955331409053236,0.29203368256620493,0.9999959468841553
Pinus/Saarinen2021_vh113_plot2_tree139.npy,train,8,8,1,0.5553654552584957,0.14850422076879036,0.2961303200090791,0.9999991655349731
Pinus/Saarinen2021_vh113_plot2_tree140.npy,train,8,8,1,0.4679925630387557,0.24092768797054462,0.29107974339437337,0.999998927116394
Pinus/Saarinen2021_vh113_plot2_tree142.npy,train,8,8,1,0.46352643225857865,0.2732461269684873,0.26322743595027037,0.999998927116394
Pinus/Saarinen2021_vh113_plot2_tree143.npy,train,8,8,1,0.494620009570218,0.13778098782393203,0.3675989997423933,0.9999951124191284
Pinus/Saarinen2021_vh113_plot2_tree149.npy,train,8,8,1,0.5480480254529883,0.09510501533467326,0.35684695651282183,0.9999942779541016
Pinus/Saarinen2021_vh113_plot2_tree15.npy,train,8,8,1,0.5007180622917157,0.1289000122873721,0.3703819204781968,0.9999986886978149
Pinus/Saarinen2021_vh113_plot2_tree153.npy,train,8,8,1,0.5251373712972016,0.1527052661477869,0.32215735808764623,0.9999985694885254
Pinus/Saarinen2021_vh113_plot2_tree158.npy,train,8,8,1,0.6238059999208412,0.08449110408451724,0.29170289314549874,0.9999974966049194
Pinus/Saarinen2021_vh113_plot2_tree16.npy,train,8,8,1,0.4552301851920256,0.3580045668292417,0.18676524356556853,0.9999985694885254
Pinus/Saarinen2021_vh113_plot2_tree161.npy,train,8,8,1,0.5605753139671446,0.1864595325407344,0.25296515007838133,0.9999977350234985
Pinus/Saarinen2021_vh113_plot2_tree169.npy,train,8,8,1,0.5340310553635363,0.06658311955237577,0.3993858220694963,0.9999963045120239
Pinus/Saarinen2021_vh113_plot2_tree172.npy,train,8,8,1,0.6457087200554539,0.10714378956017939,0.24714748761824626,0.9999914169311523
Pinus/Saarinen2021_vh113_plot2_tree175.npy,train,8,8,1,0.5947863145978528,0.15970048217587593,0.24551320008692312,0.9999945163726807
Pinus/Saarinen2021_vh113_plot2_tree2.npy,train,8,8,1,0.45416145953914727,0.2848287025472781,0.26100983400059036,0.9999982118606567
Pinus/Saarinen2021_vh113_plot2_tree20.npy,train,8,8,1,0.5253696565449455,0.20707764626351763,0.2675526928684015,0.9999977350234985
Pinus/Saarinen2021_vh113_plot2_tree21.npy,train,8,8,1,0.5471778402736481,0.11552438512854926,0.33729777087538004,0.999998927116394
Pinus/Saarinen2021_vh113_plot2_tree23.npy,train,8,8,1,0.5209587970349844,0.18320752589839487,0.295833674949475,0.9999884366989136
Pinus/Saarinen2021_vh113_plot2_tree24.npy,train,8,8,1,0.5373543218481162,0.18820913601540817,0.2744365382898101,0.9999988079071045
Pinus/Saarinen2021_vh113_plot2_tree25.npy,train,8,8,1,0.4927119713729565,0.27116311851089636,0.2361249046058944,0.9999996423721313
Pinus/Saarinen2021_vh113_plot2_tree27.npy,train,8,8,1,0.4963215024407693,0.2653610988662397,0.23831739482349895,0.9999990463256836
Pinus/Saarinen2021_vh113_plot2_tree28.npy,train,8,8,1,0.5145156908214609,0.2455026166883307,0.2399816880242262,0.9999991655349731
Pinus/Saarinen2021_vh113_plot2_tree29.npy,train,8,8,1,0.575921082671449,0.18851519941868544,0.23556371369828602,0.999997615814209
Pinus/Saarinen2021_vh113_plot2_tree3.npy,train,8,8,1,0.40143626344898703,0.28616055796046597,0.3124031736688088,0.999998927116394
Pinus/Saarinen2021_vh113_plot2_tree30.npy,train,8,8,1,0.5389177494850711,0.18969084142540624,0.27139140562924163,0.9999958276748657
Pinus/Saarinen2021_vh113_plot2_tree31.npy,train,8,8,1,0.47577162398456274,0.23693510943014187,0.2872932623644528,0.9999986886978149
Pinus/Saarinen2021_vh113_plot2_tree32.npy,train,8,8,1,0.5712482707524476,0.09410328393896333,0.33464844054871856,0.9999992847442627
Pinus/Saarinen2021_vh113_plot2_tree34.npy,train,8,8,1,0.5372406578973086,0.19764537640153562,0.26511396082813604,0.9999983310699463
Pinus/Saarinen2021_vh113_plot2_tree36.npy,train,8,8,1,0.547589636281368,0.13632617823881865,0.31608418083273826,0.9999992847442627
Pinus/Saarinen2021_vh113_plot2_tree37.npy,train,8,8,1,0.5405580502090896,0.2223659261060849,0.23707601810874818,0.9999985694885254
Pinus/Saarinen2021_vh113_plot2_tree38.npy,train,8,8,1,0.5473106130165556,0.21569874773490852,0.23699063605384127,0.9999985694885254
Pinus/Saarinen2021_vh113_plot2_tree39.npy,train,8,8,1,0.5076506586771976,0.19928077927563662,0.2930685581877109,0.9999964237213135
Pinus/Saarinen2021_vh113_plot2_tree4.npy,train,8,8,1,0.5024921860224949,0.23625913241185734,0.26124867889797104,0.9999940395355225
Pinus/Saarinen2021_vh113_plot2_tree40.npy,train,8,8,1,0.5842278317850292,0.14302655772823583,0.27274560549219407,0.9999988079071045
Pinus/Saarinen2021_vh113_plot2_tree42.npy,train,8,8,1,0.4727443008741368,0.22200361279015246,0.30525208156238237,0.9999988079071045
Pinus/Saarinen2021_vh113_plot2_tree43.npy,train,8,8,1,0.403377675012489,0.3131479517741354,0.28347436786316693,0.9999991655349731
Pinus/Saarinen2021_vh113_plot2_tree46.npy,train,8,8,1,0.5603168909469382,0.1289510118461656,0.3107320935545546,0.9999978542327881
Pinus/Saarinen2021_vh113_plot2_tree47.npy,train,8,8,1,0.543013255549835,0.16747448417745786,0.2895122576680513,0.999988317489624
Pinus/Saarinen2021_vh113_plot2_tree48.npy,train,8,8,1,0.44485770611951964,0.25694676793089416,0.29819552084643963,0.999998927116394
Pinus/Saarinen2021_vh113_plot2_tree5.npy,train,8,8,1,0.5820795594674263,0.078661246750443,0.3392591886618631,0.9999994039535522
Pinus/Saarinen2021_vh113_plot2_tree50.npy,train,8,8,1,0.4463031149812893,0.2951569555179891,0.25853992444230267,0.9999997615814209
Pinus/Saarinen2021_vh113_plot2_tree51.npy,train,8,8,1,0.5688081666155955,0.2488297566400079,0.18236207268423718,0.9999960660934448
Pinus/Saarinen2021_vh113_plot2_tree56.npy,train,8,8,1,0.41721582350735903,0.27441531937696717,0.3083688525267783,0.9999990463256836
Pinus/Saarinen2021_vh113_plot2_tree58.npy,train,8,8,1,0.4461116623849403,0.2538471318068444,0.30004120110638205,0.9999980926513672
Pinus/Saarinen2021_vh113_plot2_tree61.npy,train,8,8,1,0.4691772293666465,0.2817842683073579,0.24903849731255248,0.9999994039535522
Pinus/Saarinen2021_vh113_plot2_tree64.npy,train,8,8,1,0.4951771654016607,0.20299875540001425,0.3018240747008458,0.9999971389770508
Pinus/Saarinen2021_vh113_plot2_tree65.npy,train,8,8,1,0.43064431633193906,0.2664619870856575,0.30289369249856635,0.9999954700469971
Pinus/Saarinen2021_vh113_plot2_tree68.npy,train,8,8,1,0.4509530586449762,0.2723614374836484,0.2766854997389167,0.9999960660934448
Pinus/Saarinen2021_vh113_plot2_tree7.npy,train,8,8,1,0.3792212569902144,0.3689201258759175,0.25185861196682074,0.9999994039535522
Pinus/Saarinen2021_vh113_plot2_tree70.npy,train,8,8,1,0.553042023189843,0.2411067295168505,0.20585124340403035,0.9999959468841553
Pinus/Saarinen2021_vh113_plot2_tree71.npy,train,8,8,1,0.573790581982027,0.14587217950405193,0.2803372347768812,0.9999963045120239
Pinus/Saarinen2021_vh113_plot2_tree72.npy,train,8,8,1,0.4995447529761047,0.309582835323166,0.190872408103194,0.9999951124191284
Pinus/Saarinen2021_vh113_plot2_tree73.npy,train,8,8,1,0.5857487731079566,0.13161418972327266,0.2826370341722972,0.9999971389770508
Pinus/Saarinen2021_vh113_plot2_tree74.npy,train,8,8,1,0.47319299784417024,0.23397566619792948,0.29283133100062636,0.9999978542327881
Pinus/Saarinen2021_vh113_plot2_tree75.npy,train,8,8,1,0.4985904134259104,0.2764908837302062,0.22491869829365538,0.9999974966049194
Pinus/Saarinen2021_vh113_plot2_tree76.npy,train,8,8,1,0.5939493987889749,0.16788857862372236,0.23816201919817148,0.9999957084655762
Pinus/Saarinen2021_vh113_plot2_tree79.npy,train,8,8,1,0.43474171962082,0.2981271147920371,0.267131161000973,0.9999983310699463
Pinus/Saarinen2021_vh113_plot2_tree8.npy,train,8,8,1,0.48976475180932677,0.18386874649807652,0.3263664959472216,0.999998927116394
Pinus/Saarinen2021_vh113_plot2_tree80.npy,train,8,8,1,0.4678427825166333,0.21978749972444997,0.3123697137647288,0.9999953508377075
Pinus/Saarinen2021_vh113_plot2_tree85.npy,train,8,8,1,0.41774237073822323,0.29517402499686496,0.28708360011301,0.9999991655349731
Pinus/Saarinen2021_vh113_plot2_tree87.npy,train,8,8,1,0.4996745861437611,0.196354303752145,0.30397110500247665,0.999998927116394
Pinus/Saarinen2021_vh113_plot2_tree9.npy,train,8,8,1,0.5684614163796972,0.19060605852655932,0.2409325226878021,0.9999885559082031
Pinus/Saarinen2021_vh113_plot2_tree96.npy,train,8,8,1,0.5641207889368716,0.10885032151886112,0.32702888371775646,0.9999992847442627
Pinus/Saarinen2021_vh113_plot2_tree97.npy,train,8,8,1,0.46179107118686097,0.32579920204855783,0.21240972301183936,0.9999979734420776
Pinus/Saarinen2021_vh113_plot2_tree99.npy,train,8,8,1,0.40978410313231484,0.27554869289138456,0.314667200943714,0.9999773502349854
Pinus/Saarinen2021_vh113_plot3_tree100.npy,train,8,8,1,0.5169249473653628,0.22193951639921897,0.26113553305226483,0.9999960660934448
Pinus/Saarinen2021_vh113_plot3_tree101.npy,train,8,8,1,0.549827369959705,0.15656287041588976,0.2936097569785429,0.9999818801879883
Pinus/Saarinen2021_vh113_plot3_tree102.npy,train,8,8,1,0.422042712324927,0.29964229843438395,0.2783149842796982,0.9999983310699463
Pinus/Saarinen2021_vh113_plot3_tree103.npy,train,8,8,1,0.5169205315829724,0.19711977960900484,0.2859596861723004,0.999996542930603
Pinus/Saarinen2021_vh113_plot3_tree105.npy,train,8,8,1,0.5644092360087104,0.19294536917471694,0.2426453899381147,0.9999986886978149
Pinus/Saarinen2021_vh113_plot3_tree106.npy,train,8,8,1,0.42796880816449795,0.32931416619077175,0.24271702225593794,0.9999959468841553
Pinus/Saarinen2021_vh113_plot3_tree108.npy,train,8,8,1,0.6193611440652678,0.08166989835011224,0.29896895420868547,0.9999985694885254
Pinus/Saarinen2021_vh113_plot3_tree11.npy,train,8,8,1,0.4269271299452456,0.2939052667776156,0.279167598186319,0.9999992847442627
Pinus/Saarinen2021_vh113_plot3_tree111.npy,train,8,8,1,0.5142572307059589,0.260428598080021,0.2253141676365762,0.9999988079071045
Pinus/Saarinen2021_vh113_plot3_tree112.npy,train,8,8,1,0.5753724565658989,0.07407004471475408,0.35055749589775936,0.9999967813491821
Pinus/Saarinen2021_vh113_plot3_tree113.npy,train,8,8,1,0.5371142186714792,0.14642416665706315,0.3164616103851818,0.9999973773956299
Pinus/Saarinen2021_vh113_plot3_tree118.npy,train,8,8,1,0.5181981074348542,0.1572538906550658,0.324547997744933,0.9999980926513672
Pinus/Saarinen2021_vh113_plot3_tree12.npy,train,8,8,1,0.4553467028054272,0.2143617304914266,0.33029156251949776,0.9999978542327881
Pinus/Saarinen2021_vh113_plot3_tree120.npy,train,8,8,1,0.5205621524696867,0.11235615823784534,0.36708168607448455,0.9999985694885254
Pinus/Saarinen2021_vh113_plot3_tree121.npy,train,8,8,1,0.5783132311387856,0.07252138310663202,0.34916538114333323,0.9999994039535522
Pinus/Saarinen2021_vh113_plot3_tree123.npy,train,8,8,1,0.4432429919180372,0.2074804164448176,0.34927658538545364,0.9999992847442627
Pinus/Saarinen2021_vh113_plot3_tree124.npy,train,8,8,1,0.4304037515679009,0.29893711856061844,0.2706591270061743,0.999976634979248
Pinus/Saarinen2021_vh113_plot3_tree125.npy,train,8,8,1,0.575351588401132,0.1217728392685904,0.3028755686523334,0.9999939203262329
Pinus/Saarinen2021_vh113_plot3_tree126.npy,train,8,8,1,0.547283662245839,0.10845215692613414,0.344264176791619,0.9999985694885254
Pinus/Saarinen2021_vh113_plot3_tree127.npy,train,8,8,1,0.5100396335554438,0.1927345040767305,0.2972258588684405,0.9999974966049194
Pinus/Saarinen2021_vh113_plot3_tree13.npy,train,8,8,1,0.5243213645240321,0.20051767932531414,0.2751609521161904,0.9999973773956299
Pinus/Saarinen2021_vh113_plot3_tree130.npy,train,8,8,1,0.605371584245788,0.12362396092191581,0.2710044512982929,0.9999865293502808
Pinus/Saarinen2021_vh113_plot3_tree131.npy,train,8,8,1,0.4996970918070084,0.2539638611254787,0.24633904243263013,0.999998927116394
Pinus/Saarinen2021_vh113_plot3_tree134.npy,train,8,8,1,0.5067006423363613,0.25593910122829716,0.23736025244070166,0.9999983310699463
Pinus/Saarinen2021_vh113_plot3_tree136.npy,train,8,8,1,0.39790161373641997,0.32576530435105044,0.276333078605201,0.9999982118606567
Pinus/Saarinen2021_vh113_plot3_tree138.npy,train,8,8,1,0.5559693669213928,0.19723772969507372,0.2467928992476171,0.999998927116394
Pinus/Saarinen2021_vh113_plot3_tree143.npy,train,8,8,1,0.5619543835600802,0.11167784281249855,0.32636776943858725,0.9999986886978149
Pinus/Saarinen2021_vh113_plot3_tree146.npy,train,8,8,1,0.597192440135762,0.15072660627090947,0.2520809499804258,0.9999990463256836
Pinus/Saarinen2021_vh113_plot3_tree147.npy,train,8,8,1,0.5460841105200154,0.14994119162414762,0.303974691576251,0.9999994039535522
Pinus/Saarinen2021_vh113_plot3_tree148.npy,train,8,8,1,0.5356200312966756,0.21935878183180285,0.24502118154943026,0.9999983310699463
Pinus/Saarinen2021_vh113_plot3_tree15.npy,train,8,8,1,0.462087699889715,0.265208418885187,0.27270387758665593,0.9999971389770508
Pinus/Saarinen2021_vh113_plot3_tree150.npy,train,8,8,1,0.5119699510980995,0.19577252185731733,0.29225752196561905,0.9999996423721313
Pinus/Saarinen2021_vh113_plot3_tree152.npy,train,8,8,1,0.49484833325790795,0.22911111616647875,0.2760405457719059,0.9999991655349731
Pinus/Saarinen2021_vh113_plot3_tree154.npy,train,8,8,1,0.60067635655028,0.08024181213019924,0.31908182917200234,0.9999810457229614
Pinus/Saarinen2021_vh113_plot3_tree155.npy,train,8,8,1,0.6044046179528806,0.12349130436392716,0.2721040721613635,0.9999992847442627
Pinus/Saarinen2021_vh113_plot3_tree157.npy,train,8,8,1,0.6109383877047591,0.11716653631539976,0.2718950716144101,0.9999985694885254
Pinus/Saarinen2021_vh113_plot3_tree160.npy,train,8,8,1,0.4674990049971795,0.2527815825967169,0.2797194065384189,0.999998927116394
Pinus/Saarinen2021_vh113_plot3_tree163.npy,train,8,8,1,0.4842359369953047,0.13774860232374256,0.3780154571719382,0.9999990463256836
Pinus/Saarinen2021_vh113_plot3_tree165.npy,train,8,8,1,0.4807238465036035,0.27941544952849134,0.23986069960518797,0.999998927116394
Pinus/Saarinen2021_vh113_plot3_tree168.npy,train,8,8,1,0.45492779836293684,0.2426957151550488,0.30237648238340514,0.9999983310699463
Pinus/Saarinen2021_vh113_plot3_tree17.npy,train,8,8,1,0.5852325376855557,0.1642823329101392,0.25048512453950156,0.9999971389770508
Pinus/Saarinen2021_vh113_plot3_tree185.npy,train,8,8,1,0.49107932163269297,0.2245794838330735,0.2843411913478126,0.9999969005584717
Pinus/Saarinen2021_vh113_plot3_tree188.npy,train,8,8,1,0.47301988763461417,0.20507298937854845,0.3219071175687857,0.999998927116394
Pinus/Saarinen2021_vh113_plot3_tree19.npy,train,8,8,1,0.5199423698449102,0.1685510323205212,0.31150659526965,0.9999727010726929
Pinus/Saarinen2021_vh113_plot3_tree190.npy,train,8,8,1,0.5853673428377376,0.10855816735290842,0.3060744861456728,0.9999982118606567
Pinus/Saarinen2021_vh113_plot3_tree194.npy,train,8,8,1,0.504163306462337,0.16308309907636956,0.33275359090669643,0.9999921321868896
Pinus/Saarinen2021_vh113_plot3_tree195.npy,train,8,8,1,0.5595765750901001,0.16638844955041016,0.274034971746487,0.999996542930603
Pinus/Saarinen2021_vh113_plot3_tree196.npy,train,8,8,1,0.5157881273121895,0.19889915567866667,0.28531271139120573,0.9999991655349731
Pinus/Saarinen2021_vh113_plot3_tree197.npy,train,8,8,1,0.5567183526840912,0.16904592442849994,0.2742357189678767,0.9999948740005493
Pinus/Saarinen2021_vh113_plot3_tree198.npy,train,8,8,1,0.5152000724911132,0.20527736941666708,0.2795225548326495,0.9999854564666748
Pinus/Saarinen2021_vh113_plot3_tree199.npy,train,8,8,1,0.5290988930004326,0.09768224210120122,0.3732188628094006,0.9999961853027344
Pinus/Saarinen2021_vh113_plot3_tree2.npy,train,8,8,1,0.4527534726459864,0.2482949359807364,0.298951587332852,0.9999982118606567
Pinus/Saarinen2021_vh113_plot3_tree20.npy,train,8,8,1,0.5865575303771596,0.13610681605391137,0.2773356476349127,0.9999994039535522
Pinus/Saarinen2021_vh113_plot3_tree201.npy,train,8,8,1,0.529935082723874,0.12007212460513131,0.3499927899119641,0.9999936819076538
Pinus/Saarinen2021_vh113_plot3_tree202.npy,train,8,8,1,0.40553104793517786,0.3395029733324423,0.2549659741486127,0.9999990463256836
Pinus/Saarinen2021_vh113_plot3_tree205.npy,train,8,8,1,0.5284482588871822,0.1728143060714893,0.2987374290001586,0.9999991655349731
Pinus/Saarinen2021_vh113_plot3_tree208.npy,train,8,8,1,0.5958963237532082,0.1931864308102379,0.210917241639506,0.9999971389770508
Pinus/Saarinen2021_vh113_plot3_tree211.npy,train,8,8,1,0.5423702734311922,0.20402510230527843,0.2536046203835862,0.9999988079071045
Pinus/Saarinen2021_vh113_plot3_tree213.npy,train,8,8,1,0.5536870489032983,0.13973073365910227,0.30658221421433646,0.9999982118606567
Pinus/Saarinen2021_vh113_plot3_tree214.npy,train,8,8,1,0.4950054546944058,0.2102401631627676,0.29475437835076407,0.9999971389770508
Pinus/Saarinen2021_vh113_plot3_tree216.npy,train,8,8,1,0.5759607644241419,0.17450895046438397,0.2495302814159556,0.999995231628418
Pinus/Saarinen2021_vh113_plot3_tree22.npy,train,8,8,1,0.5412564234525247,0.1888039476335827,0.269939625399057,0.999998927116394
Pinus/Saarinen2021_vh113_plot3_tree24.npy,train,8,8,1,0.5116913562168433,0.22136203126428983,0.2669466076622708,0.9999990463256836
Pinus/Saarinen2021_vh113_plot3_tree28.npy,train,8,8,1,0.44702006848211784,0.2599454572676469,0.2930344698436823,0.9999983310699463
Pinus/Saarinen2021_vh113_plot3_tree30.npy,train,8,8,1,0.5151050034538002,0.13092044782173726,0.3539745448580945,0.9999951124191284
Pinus/Saarinen2021_vh113_plot3_tree36.npy,train,8,8,1,0.5122565375302963,0.19009954789914998,0.2976439101452994,0.9999982118606567
Pinus/Saarinen2021_vh113_plot3_tree37.npy,train,8,8,1,0.509482558228895,0.2280650914932552,0.2624523465512546,0.9999980926513672
Pinus/Saarinen2021_vh113_plot3_tree39.npy,train,8,8,1,0.5424003129914676,0.1050209469026767,0.3525787371850913,0.999997615814209
Pinus/Saarinen2021_vh113_plot3_tree4.npy,train,8,8,1,0.5607966588665313,0.1930652451167457,0.24613809222881108,0.9999887943267822
Pinus/Saarinen2021_vh113_plot3_tree42.npy,train,8,8,1,0.5263426602316476,0.2371260505620904,0.23653128445854263,0.999997615814209
Pinus/Saarinen2021_vh113_plot3_tree43.npy,train,8,8,1,0.5782782362372091,0.10952332567502601,0.31219843376588763,0.9999991655349731
Pinus/Saarinen2021_vh113_plot3_tree46.npy,train,8,8,1,0.5234838479408825,0.1752175568290399,0.30129858875670906,0.9999994039535522
Pinus/Saarinen2021_vh113_plot3_tree47.npy,train,8,8,1,0.46279161342314085,0.2129891999954493,0.32421918218494544,0.9999979734420776
Pinus/Saarinen2021_vh113_plot3_tree49.npy,train,8,8,1,0.4992054988770361,0.25958616626426917,0.2412083312336457,0.9999991655349731
Pinus/Saarinen2021_vh113_plot3_tree50.npy,train,8,8,1,0.48429535838006893,0.22060991401003238,0.2950947215251957,0.999998927116394
Pinus/Saarinen2021_vh113_plot3_tree53.npy,train,8,8,1,0.5862546638262338,0.17468665751227272,0.23905867470706085,0.9999966621398926
Pinus/Saarinen2021_vh113_plot3_tree54.npy,train,8,8,1,0.4307332425606325,0.2997492302898731,0.26951752463847983,0.9999730587005615
Pinus/Saarinen2021_vh113_plot3_tree55.npy,train,8,8,1,0.5132938809414087,0.23635424168115696,0.2503518722758769,0.9999985694885254
Pinus/Saarinen2021_vh113_plot3_tree57.npy,train,8,8,1,0.5170122546470218,0.15307417823167785,0.3299135629791872,0.9999979734420776
Pinus/Saarinen2021_vh113_plot3_tree58.npy,train,8,8,1,0.4970390326231517,0.2921381886422756,0.21082277275987915,0.9999994039535522
Pinus/Saarinen2021_vh113_plot3_tree59.npy,train,8,8,1,0.5701774740328147,0.09762205707643781,0.33220046549272136,0.9999983310699463
Pinus/Saarinen2021_vh113_plot3_tree6.npy,train,8,8,1,0.4214704634466417,0.3128000352734838,0.26572949676762564,0.9999991655349731
Pinus/Saarinen2021_vh113_plot3_tree60.npy,train,8,8,1,0.4955146633914887,0.1556498145402328,0.3488355166759798,0.999998927116394
Pinus/Saarinen2021_vh113_plot3_tree62.npy,train,8,8,1,0.559355479373425,0.1557614545634711,0.2848830619065126,0.999998927116394
Pinus/Saarinen2021_vh113_plot3_tree63.npy,train,8,8,1,0.4402944750139273,0.3109528761409299,0.24875264408280529,0.9999992847442627
Pinus/Saarinen2021_vh113_plot3_tree65.npy,train,8,8,1,0.45351067460855304,0.2857877149550917,0.2607016058463395,0.9999985694885254
Pinus/Saarinen2021_vh113_plot3_tree67.npy,train,8,8,1,0.4609344691841437,0.26345073022986776,0.2756147976988981,0.9999983310699463
Pinus/Saarinen2021_vh113_plot3_tree70.npy,train,8,8,1,0.4702857533179317,0.2618249531814776,0.26788928854157373,0.9999980926513672
Pinus/Saarinen2021_vh113_plot3_tree72.npy,train,8,8,1,0.49820097506994165,0.2018765120654827,0.29992250896446104,0.9999960660934448
Pinus/Saarinen2021_vh113_plot3_tree76.npy,train,8,8,1,0.4677091759553667,0.22116773451351973,0.31112308516657855,0.9999985694885254
Pinus/Saarinen2021_vh113_plot3_tree77.npy,train,8,8,1,0.5861930060920602,0.1783129524671496,0.23549403641171085,0.9999992847442627
Pinus/Saarinen2021_vh113_plot3_tree8.npy,train,8,8,1,0.5305278755626954,0.14185174830658973,0.32762037095833896,0.9999991655349731
Pinus/Saarinen2021_vh113_plot3_tree81.npy,train,8,8,1,0.4348935395338502,0.15278602393621973,0.4123204347357376,0.999990701675415
Pinus/Saarinen2021_vh113_plot3_tree82.npy,train,8,8,1,0.529016750111955,0.19429329585850066,0.27668995008848835,0.9999964237213135
Pinus/Saarinen2021_vh113_plot3_tree84.npy,train,8,8,1,0.5529276934713511,0.23452352552078046,0.21254877597721283,0.9999971389770508
Pinus/Saarinen2021_vh113_plot3_tree86.npy,train,8,8,1,0.4351877891645295,0.25435830323388064,0.3104539018704185,0.9999994039535522
Pinus/Saarinen2021_vh113_plot3_tree87.npy,train,8,8,1,0.4989196226399996,0.22981002056188257,0.2712703500707052,0.9999994039535522
Pinus/Saarinen2021_vh113_plot3_tree89.npy,train,8,8,1,0.48068126562522434,0.28932727342765685,0.2299914562443269,0.9999980926513672
Pinus/Saarinen2021_vh113_plot3_tree9.npy,train,8,8,1,0.5836560152794067,0.13938736168331778,0.2769566168033155,0.9999995231628418
Pinus/Saarinen2021_vh113_plot3_tree92.npy,train,8,8,1,0.4447201099946782,0.2901480802468668,0.26513180502367234,0.9999992847442627
Pinus/Saarinen2021_vh113_plot3_tree94.npy,train,8,8,1,0.5558412690908504,0.2436058014023149,0.20055292617286416,0.9999945163726807
Pinus/Saarinen2021_vh113_plot3_tree95.npy,train,8,8,1,0.47818390578747555,0.22502924253910964,0.29678684674558564,0.9999988079071045
Pinus/Saarinen2021_vh113_plot3_tree96.npy,train,8,8,1,0.6073253875372566,0.14119484948249403,0.25147975937742423,0.9999983310699463
Pinus/Saarinen2021_vh113_plot3_tree98.npy,train,8,8,1,0.464986670888593,0.1916330446682638,0.34338027892381856,0.9999985694885254
Pinus/Saarinen2021_vh113_plot3_tree99.npy,train,8,8,1,0.40694453186610063,0.2744070446868931,0.31864842039743596,0.9999790191650391
Pinus/Saarinen2021_vh113_plot4_tree1.npy,train,8,8,1,0.6131587299611098,0.11305991790112067,0.2737813480729777,0.9999988079071045
Pinus/Saarinen2021_vh113_plot4_tree10.npy,train,8,8,1,0.5260341178618233,0.20728172152076724,0.2666841566270546,0.9999983310699463
Pinus/Saarinen2021_vh113_plot4_tree100.npy,train,8,8,1,0.4865654706473993,0.1970159036109439,0.3164186223679804,0.9999866485595703
Pinus/Saarinen2021_vh113_plot4_tree106.npy,train,8,8,1,0.4030301873552423,0.30536845374532795,0.2916013544218609,0.9999985694885254
Pinus/Saarinen2021_vh113_plot4_tree108.npy,train,8,8,1,0.5354267352250253,0.22970684023226623,0.23486641998201227,0.9999977350234985
Pinus/Saarinen2021_vh113_plot4_tree110.npy,train,8,8,1,0.4849837081346934,0.12662200243567523,0.3883942864565984,0.9999953508377075
Pinus/Saarinen2021_vh113_plot4_tree111.npy,train,8,8,1,0.417110782337092,0.2721777019557742,0.3107115119554877,0.9999977350234985
Pinus/Saarinen2021_vh113_plot4_tree112.npy,train,8,8,1,0.429123003554497,0.3313698103801897,0.2395071825177508,0.9999983310699463
Pinus/Saarinen2021_vh113_plot4_tree113.npy,train,8,8,1,0.5056091065671064,0.2407817804853002,0.2536091077015058,0.9999983310699463
Pinus/Saarinen2021_vh113_plot4_tree115.npy,train,8,8,1,0.536923863372833,0.2100118176615213,0.2530643151698528,0.9999971389770508
Pinus/Saarinen2021_vh113_plot4_tree120.npy,train,8,8,1,0.4708828469242343,0.22920992815482583,0.29990722227051986,0.9999799728393555
Pinus/Saarinen2021_vh113_plot4_tree15.npy,train,8,8,1,0.5124584917533491,0.21177854127249385,0.27576296431112357,0.9999957084655762
Pinus/Saarinen2021_vh113_plot4_tree16.npy,train,8,8,1,0.5678511770288163,0.1032609983205593,0.3288878220250101,0.9999924898147583
Pinus/Saarinen2021_vh113_plot4_tree19.npy,train,8,8,1,0.5700338153452708,0.1438025831216254,0.2861635984399341,0.9999673366546631
Pinus/Saarinen2021_vh113_plot4_tree2.npy,train,8,8,1,0.4678804124542572,0.19961684191701642,0.33250274327434165,0.9999182224273682
Pinus/Saarinen2021_vh113_plot4_tree20.npy,train,8,8,1,0.409158078094934,0.30829352088829065,0.28254839576239604,0.9999984502792358
Pinus/Saarinen2021_vh113_plot4_tree22.npy,train,8,8,1,0.5156817964896824,0.20453651979351967,0.279781680537502,0.9999829530715942
Pinus/Saarinen2021_vh113_plot4_tree24.npy,train,8,8,1,0.37958205740371237,0.28138772624090347,0.33903021213071494,0.9999974966049194
Pinus/Saarinen2021_vh113_plot4_tree26.npy,train,8,8,1,0.5616419837441865,0.17041505590260822,0.2679429572500534,0.9999864101409912
Pinus/Saarinen2021_vh113_plot4_tree27.npy,train,8,8,1,0.4843745144902965,0.2820380710439204,0.23358741008942596,0.9999978542327881
Pinus/Saarinen2021_vh113_plot4_tree28.npy,train,8,8,1,0.5244977744844606,0.15599759299511892,0.3195046297611661,0.999994158744812
Pinus/Saarinen2021_vh113_plot4_tree29.npy,train,8,8,1,0.48053455899675385,0.158893315912212,0.3605721207334763,0.9999920129776001
Pinus/Saarinen2021_vh113_plot4_tree3.npy,train,8,8,1,0.5438645536726391,0.14072723666246617,0.3154082065685853,0.9999982118606567
Pinus/Saarinen2021_vh113_plot4_tree30.npy,train,8,8,1,0.4379263118139853,0.2583185625681089,0.3037551214410122,0.9999970197677612
Pinus/Saarinen2021_vh113_plot4_tree32.npy,train,8,8,1,0.5528039228174342,0.19268636045674,0.25450971237071374,0.9999978542327881
Pinus/Saarinen2021_vh113_plot4_tree33.npy,train,8,8,1,0.6232489947555306,0.17556554468974542,0.20118545741538002,0.9999128580093384
Pinus/Saarinen2021_vh113_plot4_tree35.npy,train,8,8,1,0.48845918827119056,0.20089006998559866,0.3106507382757314,0.999994158744812
Pinus/Saarinen2021_vh113_plot4_tree37.npy,train,8,8,1,0.4347075621604163,0.18456231808678153,0.38073011682430385,0.9999353885650635
Pinus/Saarinen2021_vh113_plot4_tree38.npy,train,8,8,1,0.5534278464853332,0.1815784102586219,0.2649937391885417,0.9999986886978149
Pinus/Saarinen2021_vh113_plot4_tree39.npy,train,8,8,1,0.4621166166419264,0.248085038714501,0.2897983386412291,0.9999985694885254
Pinus/Saarinen2021_vh113_plot4_tree4.npy,train,8,8,1,0.4723840710395492,0.21116951707314488,0.3164464072323183,0.999998927116394
Pinus/Saarinen2021_vh113_plot4_tree40.npy,train,8,8,1,0.4086221480811003,0.2809428497569333,0.3104349972739035,0.9999980926513672
Pinus/Saarinen2021_vh113_plot4_tree42.npy,train,8,8,1,0.47736923607861775,0.1725993259482135,0.3500314356387973,0.9999808073043823
Pinus/Saarinen2021_vh113_plot4_tree43.npy,train,8,8,1,0.5877137738095596,0.17953552025002345,0.23275070195904835,0.9999990463256836
Pinus/Saarinen2021_vh113_plot4_tree44.npy,train,8,8,1,0.5561252341421502,0.21514517882368348,0.2287295834919915,0.9999957084655762
Pinus/Saarinen2021_vh113_plot4_tree45.npy,train,8,8,1,0.5215330604694053,0.22457986332876217,0.2538870714429878,0.9999994039535522
Pinus/Saarinen2021_vh113_plot4_tree47.npy,train,8,8,1,0.5284850422582766,0.16534369139637842,0.3061712616257821,0.9999977350234985
Pinus/Saarinen2021_vh113_plot4_tree49.npy,train,8,8,1,0.42754421217375943,0.2997998764624052,0.27265590695935205,0.9999961853027344
Pinus/Saarinen2021_vh113_plot4_tree5.npy,train,8,8,1,0.4173399498828585,0.31724129585527533,0.2654187494704467,0.9999992847442627
Pinus/Saarinen2021_vh113_plot4_tree50.npy,train,8,8,1,0.5438264287177297,0.1877306741171773,0.2684428946019049,0.9999767541885376
Pinus/Saarinen2021_vh113_plot4_tree51.npy,train,8,8,1,0.46693744104614554,0.26116291206553055,0.2718996430411073,0.9999960660934448
Pinus/Saarinen2021_vh113_plot4_tree52.npy,train,8,8,1,0.5719872384719484,0.2321089428254372,0.19590381426557907,0.9999979734420776
Pinus/Saarinen2021_vh113_plot4_tree53.npy,train,8,8,1,0.5561374306364578,0.11904476601965264,0.32481780045909564,0.9999972581863403
Pinus/Saarinen2021_vh113_plot4_tree55.npy,train,8,8,1,0.5825494343472546,0.15296777050230326,0.26448278965957456,0.9999985694885254
Pinus/Saarinen2021_vh113_plot4_tree56.npy,train,8,8,1,0.5502069701250651,0.15656311985244456,0.29322990685172895,0.9999903440475464
Pinus/Saarinen2021_vh113_plot4_tree57.npy,train,8,8,1,0.4473662217619187,0.2908092319704667,0.26182454222906976,0.9999978542327881
Pinus/Saarinen2021_vh113_plot4_tree58.npy,train,8,8,1,0.5201753815115582,0.1294523472834106,0.3503722682312842,0.9999958276748657
Pinus/Saarinen2021_vh113_plot4_tree6.npy,train,8,8,1,0.4767367742980052,0.23737059586792036,0.28589262527954856,0.9999977350234985
Pinus/Saarinen2021_vh113_plot4_tree60.npy,train,8,8,1,0.43364732024427916,0.25581104155949413,0.31054163451581074,0.9999961853027344
Pinus/Saarinen2021_vh113_plot4_tree61.npy,train,8,8,1,0.4277050932584397,0.2657018203181149,0.30659308184704065,0.9999980926513672
Pinus/Saarinen2021_vh113_plot4_tree63.npy,train,8,8,1,0.4893974086465138,0.20334241668910202,0.3072601705355168,0.9999971389770508
Pinus/Saarinen2021_vh113_plot4_tree67.npy,train,8,8,1,0.35788488079638003,0.3600858537732494,0.2820292606852923,0.9999995231628418
Pinus/Saarinen2021_vh113_plot4_tree69.npy,train,8,8,1,0.5559618079667035,0.12055104256859737,0.3234871465040059,0.9999887943267822
Pinus/Saarinen2021_vh113_plot4_tree7.npy,train,8,8,1,0.4689893301053364,0.251088923006529,0.2799217431527882,0.999997615814209
Pinus/Saarinen2021_vh113_plot4_tree70.npy,train,8,8,1,0.49485962470642997,0.14996912487129843,0.3551712485220041,0.9999582767486572
Pinus/Saarinen2021_vh113_plot4_tree71.npy,train,8,8,1,0.4054841276037694,0.2928718541151235,0.3016440159430175,0.9999772310256958
Pinus/Saarinen2021_vh113_plot4_tree72.npy,train,8,8,1,0.549474170084935,0.12453715337193082,0.3259886721502063,0.9999986886978149
Pinus/Saarinen2021_vh113_plot4_tree73.npy,train,8,8,1,0.5190520052701614,0.15733722540346473,0.32361076551021745,0.9999990463256836
Pinus/Saarinen2021_vh113_plot4_tree74.npy,train,8,8,1,0.5773209931371278,0.17192927413048845,0.25074972904947346,0.9999978542327881
Pinus/Saarinen2021_vh113_plot4_tree75.npy,train,8,8,1,0.6554891490930175,0.04568532072124587,0.29882552789208766,0.9999874830245972
Pinus/Saarinen2021_vh113_plot4_tree77.npy,train,8,8,1,0.5178705258176529,0.21488045565044905,0.26724901351121555,0.9999984502792358
Pinus/Saarinen2021_vh113_plot4_tree78.npy,train,8,8,1,0.4831738795829771,0.3091260152703078,0.20770010023837782,0.9999991655349731
Pinus/Saarinen2021_vh113_plot4_tree79.npy,train,8,8,1,0.40133320903139846,0.3087431986800673,0.28992358844700034,0.9999982118606567
Pinus/Saarinen2021_vh113_plot4_tree82.npy,train,8,8,1,0.4940344851722409,0.22544819317773276,0.28051731702640265,0.9999964237213135
Pinus/Saarinen2021_vh113_plot4_tree85.npy,train,8,8,1,0.49342398867115794,0.1899864259677,0.316589581288396,0.9999979734420776
Pinus/Saarinen2021_vh113_plot4_tree89.npy,train,8,8,1,0.3559718919691486,0.3524961974232319,0.29153190722172934,0.9999986886978149
Pinus/Saarinen2021_vh113_plot4_tree9.npy,train,8,8,1,0.48812158296214203,0.28389805592014883,0.22798035756800572,0.9999982118606567
Pinus/Saarinen2021_vh113_plot4_tree91.npy,train,8,8,1,0.5093142406363526,0.239545718944419,0.25114003741847285,0.9999809265136719
Pinus/Saarinen2021_vh113_plot4_tree97.npy,train,8,8,1,0.45671066981325975,0.32133552385212866,0.22195380160741984,0.9999995231628418
Pinus/Saarinen2021_vh113_plot4_tree99.npy,train,8,8,1,0.546412696808254,0.16834397529595913,0.28524332523246443,0.9999926090240479
Pinus/Saarinen2021_vh113_plot5_tree1.npy,train,8,8,1,0.4574783560465714,0.2765073267433548,0.26601431391599994,0.9999957084655762
Pinus/Saarinen2021_vh113_plot5_tree11.npy,train,8,8,1,0.5369286903130995,0.23675258438106958,0.22631872211341245,0.9999918937683105
Pinus/Saarinen2021_vh113_plot5_tree12.npy,train,8,8,1,0.5196716600196929,0.192877549345199,0.2874507873179362,0.999995231628418
Pinus/Saarinen2021_vh113_plot5_tree14.npy,train,8,8,1,0.5185222703751594,0.22205047737229608,0.25942724899526637,0.9999884366989136
Pinus/Saarinen2021_vh113_plot5_tree16.npy,train,8,8,1,0.45118801966261834,0.26187729182785097,0.28693468414017853,0.9999986886978149
Pinus/Saarinen2021_vh113_plot5_tree17.npy,train,8,8,1,0.5117402004128444,0.19709618567558393,0.29116361078454356,0.9999895095825195
Pinus/Saarinen2021_vh113_plot5_tree20.npy,train,8,8,1,0.3879240577821321,0.3464234964042773,0.26565244247552755,0.9999980926513672
Pinus/Saarinen2021_vh113_plot5_tree21.npy,train,8,8,1,0.41373436367246846,0.19683225475986302,0.3894333796695505,0.9999523162841797
Pinus/Saarinen2021_vh113_plot5_tree23.npy,train,8,8,1,0.3766130051960912,0.2501357468545145,0.37325124296340517,0.9999991655349731
Pinus/Saarinen2021_vh113_plot5_tree25.npy,train,8,8,1,0.5830720494247671,0.1275844083554944,0.2893435385650032,0.999996542930603
Pinus/Saarinen2021_vh113_plot5_tree27.npy,train,8,8,1,0.46079306430269745,0.2710924126527894,0.26811452019269344,0.9999972581863403
Pinus/Saarinen2021_vh113_plot5_tree28.npy,train,8,8,1,0.4248252562256836,0.30538918838130397,0.2697855504371062,0.999998927116394
Pinus/Saarinen2021_vh113_plot5_tree3.npy,train,8,8,1,0.42062969512067266,0.27072108155300234,0.3086492191444539,0.9999970197677612
Pinus/Saarinen2021_vh113_plot5_tree30.npy,train,8,8,1,0.6239246793000138,0.15825533964494123,0.21781997709744436,0.9999978542327881
Pinus/Saarinen2021_vh113_plot5_tree31.npy,train,8,8,1,0.42946489203962607,0.2521763051794203,0.31835879898517455,0.9999972581863403
Pinus/Saarinen2021_vh113_plot5_tree34.npy,train,8,8,1,0.47707853501841085,0.20401939423403265,0.31890206581823793,0.9999978542327881
Pinus/Saarinen2021_vh113_plot5_tree35.npy,train,8,8,1,0.5640285349623867,0.1255039653982802,0.3104674946480644,0.9999994039535522
Pinus/Saarinen2021_vh113_plot5_tree38.npy,train,8,8,1,0.5985116333410916,0.19685669768849567,0.2046316656054273,0.9999867677688599
Pinus/Saarinen2021_vh113_plot5_tree4.npy,train,8,8,1,0.5137766029050534,0.1493397793262008,0.3368836144593917,0.9999959468841553
Pinus/Saarinen2021_vh113_plot5_tree42.npy,train,8,8,1,0.4318572799083023,0.23880211747590865,0.329340598064684,0.9999986886978149
Pinus/Saarinen2021_vh113_plot5_tree45.npy,train,8,8,1,0.549271860216018,0.12044187050272412,0.33028626644742104,0.9999971389770508
Pinus/Saarinen2021_vh113_plot5_tree46.npy,train,8,8,1,0.42264200458366674,0.22121454297542206,0.3561434486144959,0.999992847442627
Pinus/Saarinen2021_vh113_plot5_tree47.npy,train,8,8,1,0.44595815118765564,0.25489705654577277,0.299144788451859,0.9999961853027344
Pinus/Saarinen2021_vh113_plot5_tree5.npy,train,8,8,1,0.5393228276395664,0.13104114186560176,0.32963602712306617,0.9999934434890747
Pinus/Saarinen2021_vh113_plot5_tree50.npy,train,8,8,1,0.4348532036755085,0.2261189783430964,0.33902781540728066,0.999963641166687
Pinus/Saarinen2021_vh113_plot5_tree51.npy,train,8,8,1,0.45624747194413345,0.26113085099235095,0.282621674436388,0.9999861717224121
Pinus/Saarinen2021_vh113_plot5_tree52.npy,train,8,8,1,0.45751822206567067,0.19740003700681433,0.3450817370506597,0.9999954700469971
Pinus/Saarinen2021_vh113_plot5_tree53.npy,train,8,8,1,0.4787059529989546,0.15309997510564688,0.3681940651628994,0.9999994039535522
Pinus/Saarinen2021_vh113_plot5_tree54.npy,train,8,8,1,0.4734639174641529,0.1360566855262809,0.39047939340371357,0.9999967813491821
Pinus/Saarinen2021_vh113_plot5_tree56.npy,train,8,8,1,0.44697821073905747,0.3124447189835141,0.24057706526680392,0.9999984502792358
Pinus/Saarinen2021_vh113_plot5_tree57.npy,train,8,8,1,0.44673196114412594,0.27393791262212897,0.2793301234018063,0.9999878406524658
Pinus/Saarinen2021_vh113_plot5_tree6.npy,train,8,8,1,0.4583109539674104,0.29982082301960783,0.24186822029500962,0.9999877214431763
Pinus/Saarinen2021_vh113_plot5_tree7.npy,train,8,8,1,0.3918827901403507,0.32512308077945806,0.2829941256542884,0.9999923706054688
Pinus/Saarinen2021_vh113_plot5_tree8.npy,train,8,8,1,0.48394951622778404,0.232524696622995,0.2835257845712753,0.9999505281448364
Pinus/Saarinen2021_vh113_plot6_tree1.npy,train,8,8,1,0.5814675980157579,0.13490299312293982,0.28362940593128494,0.999994158744812
Pinus/Saarinen2021_vh113_plot6_tree10.npy,train,8,8,1,0.5161623030741913,0.1794134817223686,0.30442421024888455,0.999998927116394
Pinus/Saarinen2021_vh113_plot6_tree11.npy,train,8,8,1,0.3616642270766854,0.3692965360574002,0.26903923406295105,0.9999939203262329
Pinus/Saarinen2021_vh113_plot6_tree12.npy,train,8,8,1,0.44560475078215106,0.19401826621875706,0.3603769782436692,0.9999984502792358
Pinus/Saarinen2021_vh113_plot6_tree13.npy,train,8,8,1,0.4358877741777058,0.23278372664280111,0.3313284952797761,0.9999977350234985
Pinus/Saarinen2021_vh113_plot6_tree14.npy,train,8,8,1,0.5315131343460734,0.1781982683036152,0.29028859174759664,0.9999990463256836
Pinus/Saarinen2021_vh113_plot6_tree16.npy,train,8,8,1,0.5740228293867635,0.16041386539816938,0.2655633003746352,0.9999969005584717
Pinus/Saarinen2021_vh113_plot6_tree17.npy,train,8,8,1,0.5161034794105762,0.1900275529425527,0.2938689649505372,0.9999964237213135
Pinus/Saarinen2021_vh113_plot6_tree2.npy,train,8,8,1,0.42873038980423966,0.23523036791274657,0.3360392400180114,0.9997829794883728
Pinus/Saarinen2021_vh113_plot6_tree21.npy,train,8,8,1,0.38128483409404346,0.29798481214824774,0.32073034969347036,0.9999983310699463
Pinus/Saarinen2021_vh113_plot6_tree22.npy,train,8,8,1,0.5334892534852036,0.20750934201230498,0.2590014006748836,0.9999980926513672
Pinus/Saarinen2021_vh113_plot6_tree25.npy,train,8,8,1,0.46923485000153714,0.10477634268811012,0.42598880492706925,0.9999692440032959
Pinus/Saarinen2021_vh113_plot6_tree26.npy,train,8,8,1,0.4714566581307983,0.2222835087823971,0.3062598271777573,0.9999991655349731
Pinus/Saarinen2021_vh113_plot6_tree27.npy,train,8,8,1,0.4789778454480174,0.2813397149644205,0.23968243602494332,0.9999974966049194
Pinus/Saarinen2021_vh113_plot6_tree3.npy,train,8,8,1,0.504443352657809,0.18055735653596383,0.31499928632139385,0.9999988079071045
Pinus/Saarinen2021_vh113_plot6_tree31.npy,train,8,8,1,0.5066998646586406,0.18804596059682885,0.3052541717475687,0.9999982118606567
Pinus/Saarinen2021_vh113_plot6_tree33.npy,train,8,8,1,0.3443667217197581,0.39516330560468566,0.26046996782126747,0.9999988079071045
Pinus/Saarinen2021_vh113_plot6_tree35.npy,train,8,8,1,0.5495418073759413,0.15381213771260563,0.2966460516191956,0.9999984502792358
Pinus/Saarinen2021_vh113_plot6_tree39.npy,train,8,8,1,0.5197688480290592,0.20421544739450503,0.2760156994715727,0.9999980926513672
Pinus/Saarinen2021_vh113_plot6_tree4.npy,train,8,8,1,0.5148787834157039,0.17067844721836858,0.314442765542137,0.9999945163726807
Pinus/Saarinen2021_vh113_plot6_tree41.npy,train,8,8,1,0.5221433175406972,0.18069487498389272,0.2971618022830134,0.9999985694885254
Pinus/Saarinen2021_vh113_plot6_tree42.npy,train,8,8,1,0.4570277995475637,0.22021635449039875,0.3227558421098572,0.9999974966049194
Pinus/Saarinen2021_vh113_plot6_tree44.npy,train,8,8,1,0.47224098757199423,0.26783199250274914,0.25992701457785744,0.9999990463256836
Pinus/Saarinen2021_vh113_plot6_tree5.npy,train,8,8,1,0.39777216351767064,0.31397645573199723,0.2882513774860107,0.9999922513961792
Pinus/Saarinen2021_vh113_plot6_tree50.npy,train,8,8,1,0.4589280508669024,0.20712843212737456,0.3339435113595259,0.9999995231628418
Pinus/Saarinen2021_vh113_plot6_tree51.npy,train,8,8,1,0.5564991325041966,0.1867134239453909,0.2567874380320085,0.9999996423721313
Pinus/Saarinen2021_vh113_plot6_tree53.npy,train,8,8,1,0.40680745305501714,0.3059531594349935,0.2872393831168051,0.9999984502792358
Pinus/Saarinen2021_vh113_plot6_tree57.npy,train,8,8,1,0.542977380473658,0.18442948299969006,0.2725931335157351,0.9999823570251465
Pinus/Saarinen2021_vh113_plot6_tree58.npy,train,8,8,1,0.5570599305947752,0.12371473707616204,0.31922532880588844,0.9999971389770508
Pinus/Saarinen2021_vh113_plot6_tree6.npy,train,8,8,1,0.449190952326205,0.20320301146775605,0.3476060341937919,0.9999490976333618
Pinus/Saarinen2021_vh113_plot6_tree64.npy,train,8,8,1,0.44047161456312317,0.24957072732855812,0.3099576555735449,0.9999936819076538
Pinus/Saarinen2021_vh113_plot6_tree66.npy,train,8,8,1,0.5345797945660502,0.2086667085747064,0.2567534933266531,0.9999909400939941
Pinus/Saarinen2021_vh113_plot6_tree68.npy,train,8,8,1,0.5181818240445025,0.24713049773778864,0.23468767412512917,0.999998927116394
Pinus/Saarinen2021_vh113_plot6_tree69.npy,train,8,8,1,0.47805415760791115,0.2080713866849293,0.31387445088425764,0.9999980926513672
Pinus/Saarinen2021_vh113_plot6_tree70.npy,train,8,8,1,0.48114267438487784,0.23846377000142777,0.2803935524501344,0.9999935626983643
Pinus/Saarinen2021_vh113_plot6_tree74.npy,train,8,8,1,0.5016914198229093,0.1602047037613241,0.3381038724662812,0.9999982118606567
Pinus/Saarinen2021_vh113_plot6_tree75.npy,train,8,8,1,0.4784696129099515,0.25970066829762534,0.26182971440331176,0.9999991655349731
Pinus/Saarinen2021_vh113_plot6_tree78.npy,train,8,8,1,0.5889400273924608,0.19160606653906026,0.21945390194608774,0.9999933242797852
Pinus/Saarinen2021_vh113_plot6_tree79.npy,train,8,8,1,0.49983495575482195,0.26684256970036285,0.23332247088072602,0.9999946355819702
Pinus/Saarinen2021_vh113_plot6_tree9.npy,train,8,8,1,0.4403316527880875,0.26061899060126853,0.2990493525134581,0.9999982118606567
Pinus/Saarinen2021_vh113_plot7_tree10.npy,train,8,8,1,0.46353838439971334,0.21003389877258064,0.3264277124495815,0.9999971389770508
Pinus/Saarinen2021_vh113_plot7_tree100.npy,train,8,8,1,0.513266860025142,0.2520112508300668,0.23472188592128274,0.9999958276748657
Pinus/Saarinen2021_vh113_plot7_tree101.npy,train,8,8,1,0.478820345926607,0.2869730577425223,0.23420659239482045,0.9999985694885254
Pinus/Saarinen2021_vh113_plot7_tree102.npy,train,8,8,1,0.47141698663056336,0.2934577213566372,0.2351252882308894,0.9999943971633911
Pinus/Saarinen2021_vh113_plot7_tree103.npy,train,8,8,1,0.45835527082648136,0.34802135936534756,0.19362336522524556,0.9999990463256836
Pinus/Saarinen2021_vh113_plot7_tree105.npy,train,8,8,1,0.4834088422565151,0.1894799010122187,0.32711125125510276,0.9999985694885254
Pinus/Saarinen2021_vh113_plot7_tree107.npy,train,8,8,1,0.4266537912693028,0.31856267507738617,0.25478352785800235,0.9999995231628418
Pinus/Saarinen2021_vh113_plot7_tree108.npy,train,8,8,1,0.4308837291946367,0.27478189096004046,0.29433437421406056,0.9999995231628418
Pinus/Saarinen2021_vh113_plot7_tree110.npy,train,8,8,1,0.4516760806121136,0.2655727373076022,0.282751177978636,0.9999982118606567
Pinus/Saarinen2021_vh113_plot7_tree111.npy,train,8,8,1,0.5396155945592598,0.24460152681991468,0.2157828726774547,0.9999995231628418
Pinus/Saarinen2021_vh113_plot7_tree112.npy,train,8,8,1,0.5491537200381044,0.2218406903775097,0.22900558621151762,0.9999967813491821
Pinus/Saarinen2021_vh113_plot7_tree113.npy,train,8,8,1,0.5764909464378376,0.17755805646611791,0.2459509942260355,0.9999876022338867
Pinus/Saarinen2021_vh113_plot7_tree114.npy,train,8,8,1,0.47629095572491825,0.2634986646323684,0.2602103757222526,0.9999980926513672
Pinus/Saarinen2021_vh113_plot7_tree115.npy,train,8,8,1,0.5278511444821166,0.15536199626372935,0.31678685459577915,0.9999983310699463
Pinus/Saarinen2021_vh113_plot7_tree116.npy,train,8,8,1,0.45195535653065894,0.21629023833626104,0.3317543993552112,0.9999991655349731
Pinus/Saarinen2021_vh113_plot7_tree117.npy,train,8,8,1,0.5524912726849234,0.2155325062104956,0.23197621687245373,0.9999986886978149
Pinus/Saarinen2021_vh113_plot7_tree118.npy,train,8,8,1,0.45691667462083546,0.23098173778252376,0.3121015838358468,0.999993085861206
Pinus/Saarinen2021_vh113_plot7_tree12.npy,train,8,8,1,0.4913654217868707,0.2263600176294719,0.28227455533295914,0.9999990463256836
Pinus/Saarinen2021_vh113_plot7_tree120.npy,train,8,8,1,0.41371904102602913,0.3468024195727221,0.23947853526061597,0.9999984502792358
Pinus/Saarinen2021_vh113_plot7_tree13.npy,train,8,8,1,0.48977735904618713,0.19940136099476788,0.3108212771260634,0.999937891960144
Pinus/Saarinen2021_vh113_plot7_tree14.npy,train,8,8,1,0.5346920971065742,0.20025322772705229,0.2650546714539103,0.999996542930603
Pinus/Saarinen2021_vh113_plot7_tree15.npy,train,8,8,1,0.535612189594315,0.2016991390768776,0.2626886664183053,0.9999986886978149
Pinus/Saarinen2021_vh113_plot7_tree16.npy,train,8,8,1,0.6111987139176904,0.08179239339606613,0.30700888985766617,0.9999943971633911
Pinus/Saarinen2021_vh113_plot7_tree17.npy,train,8,8,1,0.37096885412437125,0.31589765757593513,0.3131334833454543,0.9999990463256836
Pinus/Saarinen2021_vh113_plot7_tree18.npy,train,8,8,1,0.4982269081731439,0.20466601522992078,0.297107072315024,0.9999984502792358
Pinus/Saarinen2021_vh113_plot7_tree19.npy,train,8,8,1,0.4822345468323196,0.1432990478557024,0.37446639898423034,0.9999991655349731
Pinus/Saarinen2021_vh113_plot7_tree2.npy,train,8,8,1,0.3761422910687572,0.3380661370467805,0.2857915683616274,0.9999966621398926
Pinus/Saarinen2021_vh113_plot7_tree20.npy,train,8,8,1,0.5376003559527825,0.18267661556236578,0.2797230247046452,0.9999954700469971
Pinus/Saarinen2021_vh113_plot7_tree21.npy,train,8,8,1,0.406439261233376,0.3082948764355166,0.2852658566864478,0.9999995231628418
Pinus/Saarinen2021_vh113_plot7_tree22.npy,train,8,8,1,0.5798502847828182,0.24791793287062544,0.17223177778473772,0.9999946355819702
Pinus/Saarinen2021_vh113_plot7_tree23.npy,train,8,8,1,0.4847914859400973,0.23688982923169488,0.27831868051902003,0.9999978542327881
Pinus/Saarinen2021_vh113_plot7_tree24.npy,train,8,8,1,0.6141891844794941,0.07532177924353077,0.3104890325527323,0.9999992847442627
Pinus/Saarinen2021_vh113_plot7_tree25.npy,train,8,8,1,0.5066335211330193,0.1805706976716028,0.31279577641974543,0.9999991655349731
Pinus/Saarinen2021_vh113_plot7_tree26.npy,train,8,8,1,0.40620772036153924,0.2503950677111412,0.34339720859868167,0.9999984502792358
Pinus/Saarinen2021_vh113_plot7_tree27.npy,train,8,8,1,0.4172023610716223,0.23861924892878997,0.34417838488122915,0.999998927116394
Pinus/Saarinen2021_vh113_plot7_tree28.npy,train,8,8,1,0.41669721241559,0.3011003104403847,0.28220247151254113,0.9999982118606567
Pinus/Saarinen2021_vh113_plot7_tree3.npy,train,8,8,1,0.39064324533628586,0.32937029167272774,0.2799864584087556,0.9999995231628418
Pinus/Saarinen2021_vh113_plot7_tree31.npy,train,8,8,1,0.544329582290538,0.21562296860772373,0.2400474440626182,0.9999992847442627
Pinus/Saarinen2021_vh113_plot7_tree32.npy,train,8,8,1,0.3863270785352272,0.2966015597636879,0.3170713557107659,0.9999992847442627
Pinus/Saarinen2021_vh113_plot7_tree33.npy,train,8,8,1,0.4870268707767854,0.19184095956588954,0.32113216386540194,0.9999990463256836
Pinus/Saarinen2021_vh113_plot7_tree35.npy,train,8,8,1,0.5025991893730004,0.19775539608502576,0.29964541011684626,0.9999955892562866
Pinus/Saarinen2021_vh113_plot7_tree37.npy,train,8,8,1,0.5902600554503741,0.16048880173373428,0.2492511365734664,0.9999991655349731
Pinus/Saarinen2021_vh113_plot7_tree38.npy,train,8,8,1,0.5363901715732079,0.2067292985765393,0.2568805250616161,0.9999978542327881
Pinus/Saarinen2021_vh113_plot7_tree39.npy,train,8,8,1,0.4628163286218073,0.2902677515841171,0.24691591419293574,0.9999995231628418
Pinus/Saarinen2021_vh113_plot7_tree4.npy,train,8,8,1,0.5453753579432108,0.16457878410526067,0.2900458545630884,0.9999974966049194
Pinus/Saarinen2021_vh113_plot7_tree40.npy,train,8,8,1,0.3864618172359067,0.30961275274249506,0.3039254261434684,0.9999984502792358
Pinus/Saarinen2021_vh113_plot7_tree43.npy,train,8,8,1,0.5342159724974472,0.1751439607819718,0.29064006315144264,0.9999982118606567
Pinus/Saarinen2021_vh113_plot7_tree44.npy,train,8,8,1,0.6013920748303813,0.160358460713014,0.23824945954461405,0.9999986886978149
Pinus/Saarinen2021_vh113_plot7_tree45.npy,train,8,8,1,0.4737873739201915,0.2277512212058277,0.29846140002202504,0.9999991655349731
Pinus/Saarinen2021_vh113_plot7_tree46.npy,train,8,8,1,0.4529184736748175,0.29575282534355657,0.25132869760488985,0.9999978542327881
Pinus/Saarinen2021_vh113_plot7_tree48.npy,train,8,8,1,0.5288075331044804,0.22118959800753926,0.25000286418648454,0.9999992847442627
Pinus/Saarinen2021_vh113_plot7_tree5.npy,train,8,8,1,0.5195203798870142,0.1725794312502701,0.30790018402015673,0.9999991655349731
Pinus/Saarinen2021_vh113_plot7_tree51.npy,train,8,8,1,0.5653762179249466,0.06208471441178563,0.3725390629563967,0.9999991655349731
Pinus/Saarinen2021_vh113_plot7_tree52.npy,train,8,8,1,0.5649009498958486,0.13586787860360441,0.29923116775781317,0.9999978542327881
Pinus/Saarinen2021_vh113_plot7_tree54.npy,train,8,8,1,0.44962614218533803,0.342863258031931,0.20751059491311782,0.9999988079071045
Pinus/Saarinen2021_vh113_plot7_tree55.npy,train,8,8,1,0.46081843990148774,0.218161814673809,0.3210197405167908,0.9999991655349731
Pinus/Saarinen2021_vh113_plot7_tree56.npy,train,8,8,1,0.5063949586570899,0.29871329889560483,0.19489173879014263,0.9999966621398926
Pinus/Saarinen2021_vh113_plot7_tree58.npy,train,8,8,1,0.5075348726762344,0.23173930599246914,0.26072581688431135,0.9999991655349731
Pinus/Saarinen2021_vh113_plot7_tree59.npy,train,8,8,1,0.45512969289743355,0.3069919954016159,0.23787830762578396,0.9999991655349731
Pinus/Saarinen2021_vh113_plot7_tree60.npy,train,8,8,1,0.5920892658587072,0.1035015689486469,0.30440916062149276,0.9999988079071045
Pinus/Saarinen2021_vh113_plot7_tree62.npy,train,8,8,1,0.4469965503669824,0.2836757041647921,0.26932774080045335,0.9999974966049194
Pinus/Saarinen2021_vh113_plot7_tree63.npy,train,8,8,1,0.5246603998345053,0.24081015374645418,0.23452944165670508,0.9999926090240479
Pinus/Saarinen2021_vh113_plot7_tree64.npy,train,8,8,1,0.5783195023436671,0.15119096728919648,0.2704895258901975,0.9999969005584717
Pinus/Saarinen2021_vh113_plot7_tree66.npy,train,8,8,1,0.5581483116544358,0.18657457566508384,0.25527710830530626,0.9999959468841553
Pinus/Saarinen2021_vh113_plot7_tree68.npy,train,8,8,1,0.5858593262687007,0.1551831420173587,0.2589575269478486,0.9999958276748657
Pinus/Saarinen2021_vh113_plot7_tree69.npy,train,8,8,1,0.3721501898548726,0.2989717623212351,0.32887804358299705,0.9999985694885254
Pinus/Saarinen2021_vh113_plot7_tree7.npy,train,8,8,1,0.41528897927733416,0.2756142838392231,0.30909673139856775,0.9999986886978149
Pinus/Saarinen2021_vh113_plot7_tree79.npy,train,8,8,1,0.4196644457781984,0.23901399152274566,0.34132155741860276,0.9999990463256836
Pinus/Saarinen2021_vh113_plot7_tree8.npy,train,8,8,1,0.445700772677207,0.26703101838175336,0.28726820312649254,0.9999991655349731
Pinus/Saarinen2021_vh113_plot7_tree80.npy,train,8,8,1,0.5382818826340554,0.14334876817588874,0.31836934397288935,0.9999983310699463
Pinus/Saarinen2021_vh113_plot7_tree84.npy,train,8,8,1,0.5189386409248438,0.2222100802534335,0.25885127529758273,0.9999959468841553
Pinus/Saarinen2021_vh113_plot7_tree86.npy,train,8,8,1,0.4975156599171889,0.2139646975021026,0.28851963863346963,0.9999963045120239
Pinus/Saarinen2021_vh113_plot7_tree88.npy,train,8,8,1,0.590190479865857,0.09983701427240517,0.3099725014544617,0.9999988079071045
Pinus/Saarinen2021_vh113_plot7_tree9.npy,train,8,8,1,0.5199786629816381,0.2331494653502404,0.2468718666256926,0.9999990463256836
Pinus/Saarinen2021_vh113_plot7_tree92.npy,train,8,8,1,0.5787293449548554,0.19450124319248008,0.22676940628170816,0.9999995231628418
Pinus/Saarinen2021_vh113_plot7_tree93.npy,train,8,8,1,0.5048840602267767,0.2381962255983153,0.25691971094877797,0.9999971389770508
Pinus/Saarinen2021_vh113_plot7_tree94.npy,train,8,8,1,0.428345127608325,0.25856632879694835,0.31308853920768803,0.9999979734420776
Pinus/Saarinen2021_vh113_plot7_tree95.npy,train,8,8,1,0.5663232023377044,0.1318994982855725,0.30177729623893707,0.9999866485595703
Pinus/Saarinen2021_vh113_plot7_tree96.npy,train,8,8,1,0.45908799212627927,0.20053018897386612,0.3403818135848972,0.999998927116394
Pinus/Saarinen2021_vh113_plot7_tree97.npy,train,8,8,1,0.5637231024481749,0.16733202986661674,0.2689448606206015,0.9999992847442627
Pinus/Saarinen2021_vh113_plot7_tree99.npy,train,8,8,1,0.5173758465400718,0.16966483041515948,0.3129593212036115,0.9997884631156921
Pinus/Saarinen2021_vh113_plot8_tree10.npy,train,8,8,1,0.5068150202881544,0.2768036044903341,0.21638137212074793,0.9999910593032837
Pinus/Saarinen2021_vh113_plot8_tree103.npy,train,8,8,1,0.5363318443167587,0.13508126305490664,0.32858688887499216,0.9999984502792358
Pinus/Saarinen2021_vh113_plot8_tree104.npy,train,8,8,1,0.496601183610171,0.2351823010069032,0.26821651207336067,0.9999943971633911
Pinus/Saarinen2021_vh113_plot8_tree106.npy,train,8,8,1,0.4521896245754461,0.26418618091634716,0.28362419088986124,0.9999982118606567
Pinus/Saarinen2021_vh113_plot8_tree107.npy,train,8,8,1,0.6452956148324125,0.12211673334372943,0.23258764789121325,0.9999984502792358
Pinus/Saarinen2021_vh113_plot8_tree108.npy,train,8,8,1,0.4503527495994663,0.2985011031375133,0.25114614203871677,0.9999985694885254
Pinus/Saarinen2021_vh113_plot8_tree109.npy,train,8,8,1,0.522064481792276,0.19703614150255608,0.28089937315248903,0.9999971389770508
Pinus/Saarinen2021_vh113_plot8_tree11.npy,train,8,8,1,0.42503339740923385,0.2711143166815396,0.3038522818138128,0.9999943971633911
Pinus/Saarinen2021_vh113_plot8_tree110.npy,train,8,8,1,0.3947370596656656,0.2564119879958509,0.34885094535038347,0.9999995231628418
Pinus/Saarinen2021_vh113_plot8_tree113.npy,train,8,8,1,0.45602934822377406,0.29167992676912896,0.25229072098926836,0.9999984502792358
Pinus/Saarinen2021_vh113_plot8_tree115.npy,train,8,8,1,0.44758261005357997,0.22425883243876532,0.32815855331198296,0.9999974966049194
Pinus/Saarinen2021_vh113_plot8_tree117.npy,train,8,8,1,0.5088703991636655,0.18324048062755197,0.30788911502975963,0.9999990463256836
Pinus/Saarinen2021_vh113_plot8_tree118.npy,train,8,8,1,0.45433918412749547,0.2265769364662996,0.31908387578789676,0.9999927282333374
Pinus/Saarinen2021_vh113_plot8_tree119.npy,train,8,8,1,0.49094978958471547,0.2442331442491501,0.26481706255641807,0.9999984502792358
Pinus/Saarinen2021_vh113_plot8_tree12.npy,train,8,8,1,0.5271336679450938,0.17941711303776786,0.293449216276297,0.9999967813491821
Pinus/Saarinen2021_vh113_plot8_tree120.npy,train,8,8,1,0.5211490833555638,0.17225358916375233,0.30659732227612274,0.999998927116394
Pinus/Saarinen2021_vh113_plot8_tree124.npy,train,8,8,1,0.5165104396337498,0.21648686251104424,0.26700269427759465,0.9999959468841553
Pinus/Saarinen2021_vh113_plot8_tree125.npy,train,8,8,1,0.5232055377923155,0.13113775013775045,0.34565670909806623,0.9999942779541016
Pinus/Saarinen2021_vh113_plot8_tree126.npy,train,8,8,1,0.40556643551033233,0.3231174239323207,0.271316135234647,0.9999994039535522
Pinus/Saarinen2021_vh113_plot8_tree127.npy,train,8,8,1,0.5160894224513992,0.13430366884188047,0.3496069032617666,0.9999985694885254
Pinus/Saarinen2021_vh113_plot8_tree128.npy,train,8,8,1,0.48324942865735276,0.2123597744120142,0.30439079304281624,0.9999958276748657
Pinus/Saarinen2021_vh113_plot8_tree14.npy,train,8,8,1,0.5168775488217267,0.19339061583208164,0.2897318281882452,0.9999994039535522
Pinus/Saarinen2021_vh113_plot8_tree15.npy,train,8,8,1,0.4813658214571392,0.23323727648570192,0.28539689877501684,0.9999972581863403
Pinus/Saarinen2021_vh113_plot8_tree16.npy,train,8,8,1,0.504594236806624,0.25987566295812936,0.23553009569159297,0.9999982118606567
Pinus/Saarinen2021_vh113_plot8_tree17.npy,train,8,8,1,0.5552447416258744,0.13368157896482397,0.3110736762191753,0.9999693632125854
Pinus/Saarinen2021_vh113_plot8_tree18.npy,train,8,8,1,0.46980903495221943,0.24357077972237162,0.28662018082567814,0.9999983310699463
Pinus/Saarinen2021_vh113_plot8_tree19.npy,train,8,8,1,0.6360865194851921,0.15224272903158528,0.21167074629654725,0.999998927116394
Pinus/Saarinen2021_vh113_plot8_tree2.npy,train,8,8,1,0.6071436175724715,0.11799142152459553,0.2748649564468496,0.9999994039535522
Pinus/Saarinen2021_vh113_plot8_tree20.npy,train,8,8,1,0.5542451452614989,0.22338283427359404,0.2223720174912631,0.9999979734420776
Pinus/Saarinen2021_vh113_plot8_tree22.npy,train,8,8,1,0.5173600443030567,0.22439774785241715,0.25824220338818943,0.9999995231628418
Pinus/Saarinen2021_vh113_plot8_tree23.npy,train,8,8,1,0.5623662703836102,0.17270812168757632,0.2649256030391423,0.9999988079071045
Pinus/Saarinen2021_vh113_plot8_tree26.npy,train,8,8,1,0.5042164539639031,0.20353275978341073,0.2922507827315996,0.9999955892562866
Pinus/Saarinen2021_vh113_plot8_tree28.npy,train,8,8,1,0.5696426309349137,0.05137850376298835,0.37897886114955764,0.999998927116394
Pinus/Saarinen2021_vh113_plot8_tree3.npy,train,8,8,1,0.4592960007560129,0.2799714325525814,0.2607325618037979,0.9999994039535522
Pinus/Saarinen2021_vh113_plot8_tree30.npy,train,8,8,1,0.5525836549803678,0.1657196742950468,0.28169666597813214,0.9999985694885254
Pinus/Saarinen2021_vh113_plot8_tree33.npy,train,8,8,1,0.4464398825143227,0.28867384358660664,0.26488626993328546,0.9999986886978149
Pinus/Saarinen2021_vh113_plot8_tree34.npy,train,8,8,1,0.4946023786983973,0.19686202413499507,0.308535593629279,0.9999979734420776
Pinus/Saarinen2021_vh113_plot8_tree35.npy,train,8,8,1,0.44643881220252746,0.26958445596741154,0.28397672803668156,0.9999973773956299
Pinus/Saarinen2021_vh113_plot8_tree39.npy,train,8,8,1,0.47967287605137504,0.2673629623028343,0.2529641576369048,0.9999978542327881
Pinus/Saarinen2021_vh113_plot8_tree4.npy,train,8,8,1,0.5152928901092857,0.20704205545130133,0.27766504980925394,0.9999990463256836
Pinus/Saarinen2021_vh113_plot8_tree41.npy,train,8,8,1,0.5660954787342835,0.06625171749099056,0.36765280141697326,0.9999967813491821
Pinus/Saarinen2021_vh113_plot8_tree43.npy,train,8,8,1,0.6610588748716083,0.0882175559773846,0.2507235655790498,0.9999880790710449
Pinus/Saarinen2021_vh113_plot8_tree46.npy,train,8,8,1,0.5130089951091106,0.2510317992292063,0.2359592026512521,0.9999948740005493
Pinus/Saarinen2021_vh113_plot8_tree50.npy,train,8,8,1,0.5313394265037733,0.17272691725241107,0.29593365056976584,0.999998927116394
Pinus/Saarinen2021_vh113_plot8_tree51.npy,train,8,8,1,0.5837866743180723,0.12273979647893504,0.29347352569515767,0.9999957084655762
Pinus/Saarinen2021_vh113_plot8_tree54.npy,train,8,8,1,0.622618035654656,0.13898374393848487,0.2383982153015775,0.9999995231628418
Pinus/Saarinen2021_vh113_plot8_tree57.npy,train,8,8,1,0.44685524504590024,0.2766484326695277,0.2764963190768765,0.9999924898147583
Pinus/Saarinen2021_vh113_plot8_tree58.npy,train,8,8,1,0.5682493869106341,0.1545711417118813,0.27717946751595834,0.9999929666519165
Pinus/Saarinen2021_vh113_plot8_tree60.npy,train,8,8,1,0.5437556619375223,0.140361827886889,0.31588250624528375,0.9999985694885254
Pinus/Saarinen2021_vh113_plot8_tree61.npy,train,8,8,1,0.6015717256400951,0.1536319939057971,0.24479627755957958,0.9999862909317017
Pinus/Saarinen2021_vh113_plot8_tree62.npy,train,8,8,1,0.592158492380275,0.11008326112729334,0.29775824250386074,0.9999973773956299
Pinus/Saarinen2021_vh113_plot8_tree64.npy,train,8,8,1,0.5832027474596795,0.10470679272759094,0.3120904557735617,0.9999979734420776
Pinus/Saarinen2021_vh113_plot8_tree65.npy,train,8,8,1,0.5295841630938023,0.1733256033702623,0.29709022799821955,0.999998927116394
Pinus/Saarinen2021_vh113_plot8_tree67.npy,train,8,8,1,0.5120983333072066,0.20375702885324604,0.2841446343069892,0.9999957084655762
Pinus/Saarinen2021_vh113_plot8_tree68.npy,train,8,8,1,0.587270099267656,0.1291487917437229,0.2835811052873276,0.9999984502792358
Pinus/Saarinen2021_vh113_plot8_tree70.npy,train,8,8,1,0.5010282357862973,0.21856437722304844,0.28040738298773815,0.999997615814209
Pinus/Saarinen2021_vh113_plot8_tree74.npy,train,8,8,1,0.5192131571154871,0.18943228799342143,0.29135455126498866,0.9999949932098389
Pinus/Saarinen2021_vh113_plot8_tree76.npy,train,8,8,1,0.46474919171683177,0.2373813810291164,0.2978694240910471,0.999998927116394
Pinus/Saarinen2021_vh113_plot8_tree78.npy,train,8,8,1,0.394708649725031,0.3228132403723909,0.28247810596130163,0.9999966621398926
Pinus/Saarinen2021_vh113_plot8_tree79.npy,train,8,8,1,0.4310329228196432,0.29580338717274446,0.273163684832561,0.9999988079071045
Pinus/Saarinen2021_vh113_plot8_tree81.npy,train,8,8,1,0.5617136787309965,0.1173614214857579,0.320924893697201,0.9999991655349731
Pinus/Saarinen2021_vh113_plot8_tree82.npy,train,8,8,1,0.5211388771053801,0.229072436719408,0.24978867988036432,0.999998927116394
Pinus/Saarinen2021_vh113_plot8_tree84.npy,train,8,8,1,0.5731974676244294,0.16745047192957505,0.25935205476512213,0.9999992847442627
Pinus/Saarinen2021_vh113_plot8_tree85.npy,train,8,8,1,0.45315576627252385,0.22490098779738593,0.32194324304133004,0.9999957084655762
Pinus/Saarinen2021_vh113_plot8_tree87.npy,train,8,8,1,0.45309085822016015,0.2660465357004947,0.2808626012767668,0.9999986886978149
Pinus/Saarinen2021_vh113_plot8_tree88.npy,train,8,8,1,0.47700417454713284,0.26777158550679625,0.2552242343988262,0.9999991655349731
Pinus/Saarinen2021_vh113_plot8_tree89.npy,train,8,8,1,0.4943177113699593,0.2450768107601737,0.2606054724117833,0.9999992847442627
Pinus/Saarinen2021_vh113_plot8_tree9.npy,train,8,8,1,0.5514773340918149,0.2148682513536187,0.23365441162483921,0.9999972581863403
Pinus/Saarinen2021_vh113_plot8_tree91.npy,train,8,8,1,0.5341704493534981,0.23186992496785358,0.23395962188455743,0.9999947547912598
Pinus/Saarinen2021_vh113_plot8_tree93.npy,train,8,8,1,0.4655608334841621,0.23131208017558189,0.303127080948809,0.9999983310699463
Pinus/Saarinen2021_vh113_plot8_tree95.npy,train,8,8,1,0.48245932010075254,0.2401470052186111,0.2773936706033431,0.9999980926513672
Pinus/Saarinen2021_vh113_plot8_tree97.npy,train,8,8,1,0.45505615459894133,0.2642613165424373,0.2806825259511094,0.9999827146530151
Pinus/Saarinen2021_vh113_plot8_tree98.npy,train,8,8,1,0.5177011520331215,0.21392653354270538,0.2683723108343904,0.99998939037323
Pinus/Saarinen2021_vh113_plot8_tree99.npy,train,8,8,1,0.556952895052577,0.1484616634666328,0.2945854387034506,0.9999785423278809
Pinus/Saarinen2021_vh113_plot9_tree1.npy,train,8,8,1,0.46479538727869196,0.2558701614559014,0.27933444693490683,0.999995231628418
Pinus/Saarinen2021_vh113_plot9_tree10.npy,train,8,8,1,0.4427346021623421,0.25217690607924836,0.3050884885100217,0.999987006187439
Pinus/Saarinen2021_vh113_plot9_tree11.npy,train,8,8,1,0.5585914163348326,0.109463761762968,0.33194481806233017,0.9999972581863403
Pinus/Saarinen2021_vh113_plot9_tree15.npy,train,8,8,1,0.4504464091314473,0.2146424306614536,0.33491115780095504,0.999985933303833
Pinus/Saarinen2021_vh113_plot9_tree16.npy,train,8,8,1,0.5585189544792554,0.17284466824709263,0.26863637336548474,0.9999957084655762
Pinus/Saarinen2021_vh113_plot9_tree17.npy,train,8,8,1,0.6156471696071667,0.15340163096253265,0.23095119561489985,0.9999972581863403
Pinus/Saarinen2021_vh113_plot9_tree18.npy,train,8,8,1,0.45426517205004235,0.2833031271409901,0.26243169636056446,0.9999973773956299
Pinus/Saarinen2021_vh113_plot9_tree20.npy,train,8,8,1,0.5277000158778501,0.14537198781938224,0.3269279924735468,0.9999969005584717
Pinus/Saarinen2021_vh113_plot9_tree21.npy,train,8,8,1,0.5154117675046903,0.24014189314253676,0.24444633530888524,0.999994158744812
Pinus/Saarinen2021_vh113_plot9_tree23.npy,train,8,8,1,0.5227356499747373,0.19369079690441404,0.28357355001829027,0.9999898672103882
Pinus/Saarinen2021_vh113_plot9_tree24.npy,train,8,8,1,0.46315631911120475,0.23255801688641323,0.3042856594573784,0.9999983310699463
Pinus/Saarinen2021_vh113_plot9_tree25.npy,train,8,8,1,0.47364085531326355,0.23013648182683907,0.2962226581262189,0.9999969005584717
Pinus/Saarinen2021_vh113_plot9_tree26.npy,train,8,8,1,0.47044923057489024,0.28139760556319954,0.24815315915584849,0.9999986886978149
Pinus/Saarinen2021_vh113_plot9_tree27.npy,train,8,8,1,0.5081734706070269,0.16760892352651413,0.324217601807796,0.9999972581863403
Pinus/Saarinen2021_vh113_plot9_tree29.npy,train,8,8,1,0.5526050955013182,0.16045396836392617,0.28694093262414744,0.9999536275863647
Pinus/Saarinen2021_vh113_plot9_tree3.npy,train,8,8,1,0.44871562889004035,0.29909844612345526,0.252185921589589,0.9999961853027344
Pinus/Saarinen2021_vh113_plot9_tree30.npy,train,8,8,1,0.4839335643720468,0.1567327605694714,0.359333670813185,0.9999982118606567
Pinus/Saarinen2021_vh113_plot9_tree31.npy,train,8,8,1,0.47313459453974877,0.27212309352703673,0.25474230846607687,0.9999982118606567
Pinus/Saarinen2021_vh113_plot9_tree35.npy,train,8,8,1,0.4371477790980634,0.3106310070213895,0.2522212110944061,0.9999977350234985
Pinus/Saarinen2021_vh113_plot9_tree36.npy,train,8,8,1,0.47091431266022693,0.2787690885496344,0.2503165941455184,0.9999995231628418
Pinus/Saarinen2021_vh113_plot9_tree37.npy,train,8,8,1,0.4782622899876747,0.20973802938114308,0.31199967830687775,0.9999761581420898
Pinus/Saarinen2021_vh113_plot9_tree39.npy,train,8,8,1,0.5394542647308467,0.17001446005568469,0.29053127177512844,0.9999973773956299
Pinus/Saarinen2021_vh113_plot9_tree4.npy,train,8,8,1,0.5499822774836859,0.19259398469638284,0.2574237349207823,0.999980092048645
Pinus/Saarinen2021_vh113_plot9_tree40.npy,train,8,8,1,0.43580325105761814,0.2745256399698897,0.2896711044538399,0.9999973773956299
Pinus/Saarinen2021_vh113_plot9_tree41.npy,train,8,8,1,0.47126861900621575,0.2060344542866153,0.32269692000771805,0.9999992847442627
Pinus/Saarinen2021_vh113_plot9_tree42.npy,train,8,8,1,0.47406117012080573,0.2337897028536177,0.2921491242903658,0.9999505281448364
Pinus/Saarinen2021_vh113_plot9_tree43.npy,train,8,8,1,0.5034290798089,0.18928974819812772,0.30728116836768293,0.999994158744812
Pinus/Saarinen2021_vh113_plot9_tree47.npy,train,8,8,1,0.573290922313819,0.1963968881590975,0.23031218556867178,0.9999967813491821
Pinus/Saarinen2021_vh113_plot9_tree48.npy,train,8,8,1,0.43947170159050025,0.22880878174686076,0.3317195131491228,0.9999963045120239
Pinus/Saarinen2021_vh113_plot9_tree49.npy,train,8,8,1,0.559104574614832,0.16679868325385305,0.27409673951871155,0.9999569654464722
Pinus/Saarinen2021_vh113_plot9_tree5.npy,train,8,8,1,0.4773921988495777,0.2536439946958828,0.26896380348694066,0.9999867677688599
Pinus/Saarinen2021_vh113_plot9_tree50.npy,train,8,8,1,0.5043176025234206,0.21460951383206942,0.2810728795145881,0.9999947547912598
Pinus/Saarinen2021_vh113_plot9_tree53.npy,train,8,8,1,0.4105304021043834,0.2474562941441148,0.3420132978443418,0.9999990463256836
Pinus/Saarinen2021_vh113_plot9_tree54.npy,train,8,8,1,0.481555712703436,0.20485930400518657,0.31358498013047553,0.9999895095825195
Pinus/Saarinen2021_vh113_plot9_tree55.npy,train,8,8,1,0.3981094107376206,0.28205713813205313,0.3198334466086946,0.9999986886978149
Pinus/Saarinen2021_vh113_plot9_tree68.npy,train,8,8,1,0.5356541211068749,0.17399969561654652,0.29034617783881655,0.9999991655349731
Pinus/Saarinen2021_vh113_plot9_tree7.npy,train,8,8,1,0.5102288005203802,0.22322104375139196,0.2665501522426259,0.9999978542327881
Pinus/Saarinen2021_vh113_plot9_tree72.npy,train,8,8,1,0.541415245485591,0.11990557651656679,0.3386791743079583,0.9999955892562866
Pinus/Saarinen2021_vh113_plot9_tree76.npy,train,8,8,1,0.4853160499649711,0.2257974633975576,0.288886482230762,0.9999991655349731
Pinus/Saarinen2021_vh113_plot9_tree77.npy,train,8,8,1,0.39718414092342097,0.29301597899372006,0.309799875943711,0.9999971389770508
Pinus/Saarinen2021_vh113_plot9_tree78.npy,train,8,8,1,0.4118795059018247,0.23567171837549394,0.3524487696824051,0.9999988079071045
Pinus/Saarinen2021_vh113_plot9_tree79.npy,train,8,8,1,0.42443458857750105,0.31885284317783863,0.25671256358414746,0.9999986886978149
Pinus/Saarinen2021_vh113_plot9_tree8.npy,train,8,8,1,0.4439169437856542,0.24174893314218393,0.3143341195522934,0.9999971389770508
Pinus/Saarinen2021_vh113_plot9_tree81.npy,train,8,8,1,0.45782971380911625,0.279244385035304,0.26292589723547144,0.9999973773956299
Pinus/Saarinen2021_vh113_plot9_tree82.npy,train,8,8,1,0.43778076745999667,0.28101578510266695,0.281203443761458,0.9999967813491821
Pinus/Saarinen2021_vh113_plot9_tree9.npy,train,8,8,1,0.508227580967799,0.1758958037736929,0.315876611280705,0.9999974966049194
Pinus/Saarinen2021_vh114_plot1_tree14.npy,train,8,8,1,0.4815021697800869,0.14411853553533138,0.37437928980215507,0.9999932050704956
Pinus/Saarinen2021_vh114_plot1_tree16.npy,train,8,8,1,0.5111184319177576,0.1428584800566013,0.3460230826627959,0.9999978542327881
Pinus/Saarinen2021_vh114_plot1_tree18.npy,train,8,8,1,0.41678238346684665,0.19573453299030427,0.38748307953586525,0.9999903440475464
Pinus/Saarinen2021_vh114_plot1_tree19.npy,train,8,8,1,0.4688451871807886,0.11628948196778706,0.4148653269060969,0.9999862909317017
Pinus/Saarinen2021_vh114_plot1_tree20.npy,train,8,8,1,0.5307392009140605,0.10742104970991026,0.36183974529468266,0.999993085861206
Pinus/Saarinen2021_vh114_plot1_tree21.npy,train,8,8,1,0.4460973955431077,0.16532853986662505,0.38857405982872667,0.9999977350234985
Pinus/Saarinen2021_vh114_plot1_tree22.npy,train,8,8,1,0.42308325073832814,0.2320306007000503,0.34488614355418923,0.9999979734420776
Pinus/Saarinen2021_vh114_plot1_tree24.npy,train,8,8,1,0.40995015787201616,0.20650774538340066,0.38354209328785954,0.9999856948852539
Pinus/Saarinen2021_vh114_plot1_tree26.npy,train,8,8,1,0.4246603831860904,0.21649946632617617,0.3588401449762634,0.9999979734420776
Pinus/Saarinen2021_vh114_plot1_tree28.npy,train,8,8,1,0.39118932337312123,0.214900782481016,0.3939098881106776,0.999998927116394
Pinus/Saarinen2021_vh114_plot1_tree30.npy,train,8,8,1,0.5123936396451508,0.2117013406380631,0.275905016456308,0.9999504089355469
Pinus/Saarinen2021_vh114_plot1_tree34.npy,train,8,8,1,0.42559328346777087,0.23259118128002895,0.34181552955316097,0.9999988079071045
Pinus/Saarinen2021_vh114_plot1_tree36.npy,train,8,8,1,0.43823264610456614,0.1416028624719799,0.4201644869386813,0.9999964237213135
Pinus/Saarinen2021_vh114_plot1_tree37.npy,train,8,8,1,0.4136596378538556,0.2623774389927442,0.3239629200101881,0.9999746084213257
Pinus/Saarinen2021_vh114_plot1_tree40.npy,train,8,8,1,0.4787146623969384,0.18191545998540595,0.33936987154368714,0.9999984502792358
Pinus/Saarinen2021_vh114_plot1_tree43.npy,train,8,8,1,0.3985006450128284,0.2577848221323272,0.34371452957551096,0.9999819993972778
Pinus/Saarinen2021_vh114_plot1_tree46.npy,train,8,8,1,0.4491040719076772,0.20715466360816936,0.34374126020255,0.9999899864196777
Pinus/Saarinen2021_vh114_plot1_tree49.npy,train,8,8,1,0.40115836451460685,0.18512258988559685,0.4137190431604043,0.9997857213020325
Pinus/Saarinen2021_vh114_plot1_tree5.npy,train,8,8,1,0.41468183528707375,0.2030242053819468,0.3822939549959304,0.9999967813491821
Pinus/Saarinen2021_vh114_plot1_tree50.npy,train,8,8,1,0.49204839232689535,0.19027816213443163,0.31767344066068876,0.9999958276748657
Pinus/Saarinen2021_vh114_plot1_tree51.npy,train,8,8,1,0.48287876621909254,0.1867970917493453,0.3303241377285421,0.9999831914901733
Pinus/Saarinen2021_vh114_plot1_tree52.npy,train,8,8,1,0.4764820176304433,0.17727608492801566,0.34624189021577334,0.9999990463256836
Pinus/Saarinen2021_vh114_plot1_tree53.npy,train,8,8,1,0.4632833337003944,0.16255198501308823,0.3741646761037936,0.9999971389770508
Pinus/Saarinen2021_vh114_plot1_tree6.npy,train,8,8,1,0.4285373744259905,0.23993734503957856,0.33152527626642514,0.9999926090240479
Pinus/Saarinen2021_vh114_plot1_tree8.npy,train,8,8,1,0.49342110519807597,0.14923623496725422,0.3573426556444666,0.9999912977218628
Pinus/Saarinen2021_vh114_plot1_tree9.npy,train,8,8,1,0.3802925579671297,0.23433955406505363,0.3853678830063996,0.9999982118606567
Pinus/Saarinen2021_vh114_plot2_tree1.npy,train,8,8,1,0.45213833535056386,0.1918146259522896,0.3560470352007513,0.999981164932251
Pinus/Saarinen2021_vh114_plot2_tree10.npy,train,8,8,1,0.40302635529684827,0.2858673647706301,0.3111062739184433,0.9999986886978149
Pinus/Saarinen2021_vh114_plot2_tree100.npy,train,8,8,1,0.48558185625245837,0.15365282735595673,0.3607653102741491,0.9999969005584717
Pinus/Saarinen2021_vh114_plot2_tree103.npy,train,8,8,1,0.518944261415158,0.16498431337565586,0.3160714212725219,0.9999939203262329
Pinus/Saarinen2021_vh114_plot2_tree104.npy,train,8,8,1,0.48072240866673793,0.16980773543588426,0.3494698511990745,0.9999947547912598
Pinus/Saarinen2021_vh114_plot2_tree105.npy,train,8,8,1,0.49370389940640574,0.14416953128750334,0.36212656356908013,0.9999969005584717
Pinus/Saarinen2021_vh114_plot2_tree106.npy,train,8,8,1,0.48775267349881396,0.18506293871189028,0.32718438244330755,0.9999980926513672
Pinus/Saarinen2021_vh114_plot2_tree107.npy,train,8,8,1,0.45500775053452425,0.2297264009893851,0.31526584310154465,0.9999983310699463
Pinus/Saarinen2021_vh114_plot2_tree108.npy,train,8,8,1,0.4858726718367652,0.14732208073655936,0.3668052436359195,0.9999911785125732
Pinus/Saarinen2021_vh114_plot2_tree11.npy,train,8,8,1,0.3347490126560565,0.28459070117358887,0.38066027979986755,0.9999992847442627
Pinus/Saarinen2021_vh114_plot2_tree110.npy,train,8,8,1,0.4380348672168138,0.2169339562844627,0.3450311713856224,0.9999983310699463
Pinus/Saarinen2021_vh114_plot2_tree13.npy,train,8,8,1,0.4921833403934497,0.14311558423922188,0.3647010720204453,0.9999904632568359
Pinus/Saarinen2021_vh114_plot2_tree14.npy,train,8,8,1,0.39619603213179566,0.3530841088564629,0.25071985545876596,0.9999879598617554
Pinus/Saarinen2021_vh114_plot2_tree15.npy,train,8,8,1,0.45210563960961286,0.14952202838859455,0.39837232847059073,0.9999964237213135
Pinus/Saarinen2021_vh114_plot2_tree16.npy,train,8,8,1,0.45185555950237205,0.13484504800394417,0.4132993857847787,0.9999994039535522
Pinus/Saarinen2021_vh114_plot2_tree19.npy,train,8,8,1,0.3964949419721454,0.25213439729736953,0.35137065505200626,0.9999973773956299
Pinus/Saarinen2021_vh114_plot2_tree20.npy,train,8,8,1,0.4216238362500568,0.25779964470838573,0.32057651273185966,0.9999990463256836
Pinus/Saarinen2021_vh114_plot2_tree21.npy,train,8,8,1,0.3982232702961056,0.2534524473605438,0.3483242762073565,0.9999988079071045
Pinus/Saarinen2021_vh114_plot2_tree22.npy,train,8,8,1,0.39072211536291035,0.2794602463789641,0.32981763386663115,0.9999936819076538
Pinus/Saarinen2021_vh114_plot2_tree23.npy,train,8,8,1,0.408657713309872,0.2717998899591892,0.31954239309930327,0.9999973773956299
Pinus/Saarinen2021_vh114_plot2_tree25.npy,train,8,8,1,0.4849242882846806,0.15662512981791177,0.35845057682920445,0.9999961853027344
Pinus/Saarinen2021_vh114_plot2_tree26.npy,train,8,8,1,0.4953904769900976,0.1909903445017214,0.3136191749084867,0.9999855756759644
Pinus/Saarinen2021_vh114_plot2_tree27.npy,train,8,8,1,0.5083541618070314,0.10925970348408068,0.38238612957479123,0.9999973773956299
Pinus/Saarinen2021_vh114_plot2_tree28.npy,train,8,8,1,0.4516718247940556,0.23639424362994682,0.3119339272149775,0.9999960660934448
Pinus/Saarinen2021_vh114_plot2_tree29.npy,train,8,8,1,0.4468021340245127,0.19278821419604975,0.36040964632800027,0.9999961853027344
Pinus/Saarinen2021_vh114_plot2_tree30.npy,train,8,8,1,0.44935395971281256,0.25985371094460735,0.2907923240698109,0.9999988079071045
Pinus/Saarinen2021_vh114_plot2_tree31.npy,train,8,8,1,0.4155736766496232,0.21723846449574866,0.3671878545266546,0.9999972581863403
Pinus/Saarinen2021_vh114_plot2_tree33.npy,train,8,8,1,0.48830103528370594,0.1637580000034701,0.34794095905870753,0.9999972581863403
Pinus/Saarinen2021_vh114_plot2_tree35.npy,train,8,8,1,0.42905362531511276,0.24843000657840247,0.32251636372039727,0.9999922513961792
Pinus/Saarinen2021_vh114_plot2_tree37.npy,train,8,8,1,0.42241469871944315,0.25325135681887867,0.3243339383669149,0.9999991655349731
Pinus/Saarinen2021_vh114_plot2_tree38.npy,train,8,8,1,0.4569863208159844,0.14425741889602525,0.3987562554357358,0.9999908208847046
Pinus/Saarinen2021_vh114_plot2_tree39.npy,train,8,8,1,0.5180198007118173,0.20433441565631705,0.2776457794158254,0.9999954700469971
Pinus/Saarinen2021_vh114_plot2_tree42.npy,train,8,8,1,0.4708085681567327,0.19434537563609372,0.33484605219599944,0.9999935626983643
Pinus/Saarinen2021_vh114_plot2_tree43.npy,train,8,8,1,0.39967013622315317,0.28371783156958236,0.31661202695882873,0.9999985694885254
Pinus/Saarinen2021_vh114_plot2_tree45.npy,train,8,8,1,0.42234277449579755,0.20741569915921565,0.3702415203586591,0.999998927116394
Pinus/Saarinen2021_vh114_plot2_tree47.npy,train,8,8,1,0.42436531366374136,0.1845777474126168,0.39105693360753335,0.9999974966049194
Pinus/Saarinen2021_vh114_plot2_tree48.npy,train,8,8,1,0.537434759071678,0.14446714609093847,0.31809809146740603,0.9999876022338867
Pinus/Saarinen2021_vh114_plot2_tree49.npy,train,8,8,1,0.47311738716661955,0.19490679708135358,0.33197581157739275,0.999982476234436
Pinus/Saarinen2021_vh114_plot2_tree50.npy,train,8,8,1,0.4992817609203628,0.19905241572203164,0.30166581907502066,0.9999891519546509
Pinus/Saarinen2021_vh114_plot2_tree51.npy,train,8,8,1,0.4039583988300062,0.2074221093871434,0.3886194860532539,0.9999984502792358
Pinus/Saarinen2021_vh114_plot2_tree53.npy,train,8,8,1,0.4446621938555797,0.15747045181592237,0.3978673511959455,0.999970555305481
Pinus/Saarinen2021_vh114_plot2_tree55.npy,train,8,8,1,0.46432224867686545,0.20685900525678091,0.3288187420631481,0.9999793767929077
Pinus/Saarinen2021_vh114_plot2_tree60.npy,train,8,8,1,0.5110718151664493,0.21350269501033145,0.2754254853418919,0.9999940395355225
Pinus/Saarinen2021_vh114_plot2_tree61.npy,train,8,8,1,0.41830370172568304,0.18506540929625895,0.3966308835570453,0.9999979734420776
Pinus/Saarinen2021_vh114_plot2_tree62.npy,train,8,8,1,0.4639869767137492,0.2148143114670321,0.3211987063484021,0.9999971389770508
Pinus/Saarinen2021_vh114_plot2_tree65.npy,train,8,8,1,0.4507571016854739,0.09800992799847001,0.45123296507743216,0.9999988079071045
Pinus/Saarinen2021_vh114_plot2_tree68.npy,train,8,8,1,0.4301205930548917,0.22335327789573367,0.34652612296087665,0.9999986886978149
Pinus/Saarinen2021_vh114_plot2_tree69.npy,train,8,8,1,0.4904861991818425,0.16612760894747963,0.3433861873310167,0.9999983310699463
Pinus/Saarinen2021_vh114_plot2_tree70.npy,train,8,8,1,0.4666392431355338,0.19429065134643414,0.3390701012898224,0.9999936819076538
Pinus/Saarinen2021_vh114_plot2_tree71.npy,train,8,8,1,0.5076256576959515,0.09478228479078923,0.39759205401658587,0.9999867677688599
Pinus/Saarinen2021_vh114_plot2_tree72.npy,train,8,8,1,0.5352975810336409,0.13640957894894126,0.32829283515983027,0.9999974966049194
Pinus/Saarinen2021_vh114_plot2_tree73.npy,train,8,8,1,0.39205296993305316,0.23036961661920283,0.3775774082100318,0.9999982118606567
Pinus/Saarinen2021_vh114_plot2_tree75.npy,train,8,8,1,0.4510055184115358,0.2145634172527853,0.3344310589508568,0.9999983310699463
Pinus/Saarinen2021_vh114_plot2_tree77.npy,train,8,8,1,0.4173957691883678,0.29106716697928875,0.2915370582313012,0.9999991655349731
Pinus/Saarinen2021_vh114_plot2_tree78.npy,train,8,8,1,0.4694046466068132,0.26919618938095163,0.2613991597115142,0.999988317489624
Pinus/Saarinen2021_vh114_plot2_tree80.npy,train,8,8,1,0.43911696187746185,0.20181859291932658,0.35906444103066126,0.9999957084655762
Pinus/Saarinen2021_vh114_plot2_tree83.npy,train,8,8,1,0.466951784449222,0.16659218962070788,0.36645602065233956,0.9999984502792358
Pinus/Saarinen2021_vh114_plot2_tree85.npy,train,8,8,1,0.4964692199714103,0.18869948426654695,0.3148312900543191,0.999996542930603
Pinus/Saarinen2021_vh114_plot2_tree86.npy,train,8,8,1,0.38837155677151564,0.22275434548544773,0.3888740916774707,0.9999992847442627
Pinus/Saarinen2021_vh114_plot2_tree87.npy,train,8,8,1,0.5040053666534496,0.10624110229360495,0.38975352616585623,0.9999947547912598
Pinus/Saarinen2021_vh114_plot2_tree88.npy,train,8,8,1,0.48687786586320997,0.197210397509069,0.3159117326848875,0.9999902248382568
Pinus/Saarinen2021_vh114_plot2_tree89.npy,train,8,8,1,0.45872592083309566,0.17116262723479567,0.3701114462526448,0.9999983310699463
Pinus/Saarinen2021_vh114_plot2_tree9.npy,train,8,8,1,0.4731557239971023,0.07659540385678015,0.45024886947040416,0.9998737573623657
Pinus/Saarinen2021_vh114_plot2_tree91.npy,train,8,8,1,0.43385382350936014,0.13961438494089692,0.4265317880240972,0.9998927116394043
Pinus/Saarinen2021_vh114_plot2_tree95.npy,train,8,8,1,0.46355072375937345,0.17672030693970125,0.35972896473881766,0.9999974966049194
Pinus/Saarinen2021_vh114_plot2_tree97.npy,train,8,8,1,0.40554005283064853,0.1867366488794302,0.40772329193761403,0.9999994039535522
Pinus/Saarinen2021_vh114_plot3_tree10.npy,train,8,8,1,0.4770834886576748,0.19655586309906667,0.3263606435383532,0.9999974966049194
Pinus/Saarinen2021_vh114_plot3_tree11.npy,train,8,8,1,0.4743163122869046,0.21163379074964025,0.3140498927427864,0.9999880790710449
Pinus/Saarinen2021_vh114_plot3_tree12.npy,train,8,8,1,0.43522166133486,0.24261098151388688,0.32216735278467545,0.9999964237213135
Pinus/Saarinen2021_vh114_plot3_tree13.npy,train,8,8,1,0.45894355194955005,0.1695240306148922,0.37153241284492267,0.9999985694885254
Pinus/Saarinen2021_vh114_plot3_tree14.npy,train,8,8,1,0.3897017945734807,0.2732017452289131,0.3370964552058235,0.9999985694885254
Pinus/Saarinen2021_vh114_plot3_tree15.npy,train,8,8,1,0.3827990996112847,0.172447886195557,0.44475301117102567,0.9999954700469971
Pinus/Saarinen2021_vh114_plot3_tree17.npy,train,8,8,1,0.49960654394660475,0.09399080650763987,0.4064026461260442,0.9999858140945435
Pinus/Saarinen2021_vh114_plot3_tree19.npy,train,8,8,1,0.3882299382651554,0.2394645213866127,0.37230553601855354,0.9999947547912598
Pinus/Saarinen2021_vh114_plot3_tree2.npy,train,8,8,1,0.5176421308093052,0.14445109699003447,0.3379067678273368,0.99998939037323
Pinus/Saarinen2021_vh114_plot3_tree20.npy,train,8,8,1,0.3940033940540652,0.20068645083321568,0.4053101508456132,0.9999971389770508
Pinus/Saarinen2021_vh114_plot3_tree22.npy,train,8,8,1,0.4886984814610724,0.1726103322379068,0.3386911823801588,0.9999932050704956
Pinus/Saarinen2021_vh114_plot3_tree26.npy,train,8,8,1,0.39727924357581423,0.22702406010282394,0.375696692358425,0.9999934434890747
Pinus/Saarinen2021_vh114_plot3_tree28.npy,train,8,8,1,0.45174313317177767,0.19079599610265985,0.3574608658257235,0.9999966621398926
Pinus/Saarinen2021_vh114_plot3_tree3.npy,train,8,8,1,0.44384027112367463,0.2556397308179206,0.30051999437711135,0.9999934434890747
Pinus/Saarinen2021_vh114_plot3_tree32.npy,train,8,8,1,0.5042128892028622,0.18867760223148416,0.3071095041352965,0.9999908208847046
Pinus/Saarinen2021_vh114_plot3_tree33.npy,train,8,8,1,0.40044216579501474,0.231330225007102,0.3682276036174084,0.9999982118606567
Pinus/Saarinen2021_vh114_plot3_tree34.npy,train,8,8,1,0.3928545925308275,0.2437799463025273,0.3633654571716194,0.9999953508377075
Pinus/Saarinen2021_vh114_plot3_tree35.npy,train,8,8,1,0.4106761883411488,0.25347940376877265,0.33584440398548,0.9999920129776001
Pinus/Saarinen2021_vh114_plot3_tree36.npy,train,8,8,1,0.42925208284883876,0.19073336804962013,0.38001454321173944,0.9999983310699463
Pinus/Saarinen2021_vh114_plot3_tree38.npy,train,8,8,1,0.39452162046346606,0.1662752876257307,0.4392030875652747,0.9999920129776001
Pinus/Saarinen2021_vh114_plot3_tree4.npy,train,8,8,1,0.5155509764349475,0.11601715847362457,0.3684318600067488,0.9999954700469971
Pinus/Saarinen2021_vh114_plot3_tree5.npy,train,8,8,1,0.43543358110695,0.2366914351364364,0.3278749796243235,0.9999966621398926
Pinus/Saarinen2021_vh114_plot3_tree7.npy,train,8,8,1,0.41768327837852276,0.213712625110334,0.3686040911759483,0.9999992847442627
Pinus/Saarinen2021_vh114_plot3_tree9.npy,train,8,8,1,0.4407052986382956,0.24060479672861726,0.3186898999088966,0.9999974966049194
Pinus/Saarinen2021_vh114_plot4_tree1.npy,train,8,8,1,0.4897685373957123,0.1858934960437254,0.32433796288230926,0.9999935626983643
Pinus/Saarinen2021_vh114_plot4_tree12.npy,train,8,8,1,0.4601200511365124,0.19468687783710628,0.34519306722405485,0.9999966621398926
Pinus/Saarinen2021_vh114_plot4_tree13.npy,train,8,8,1,0.4372029136454298,0.1685829770208804,0.3942141054598487,0.9999942779541016
Pinus/Saarinen2021_vh114_plot4_tree14.npy,train,8,8,1,0.4588163978979635,0.2070130168537411,0.334170581028565,0.9999959468841553
Pinus/Saarinen2021_vh114_plot4_tree15.npy,train,8,8,1,0.4228358250377362,0.16091977936998414,0.4162443913697836,0.9999939203262329
Pinus/Saarinen2021_vh114_plot4_tree17.npy,train,8,8,1,0.4531062761981494,0.16872415526066453,0.3781695649209574,0.9999927282333374
Pinus/Saarinen2021_vh114_plot4_tree18.npy,train,8,8,1,0.5428511753325374,0.11377020193397351,0.3433786180621903,0.9999979734420776
Pinus/Saarinen2021_vh114_plot4_tree19.npy,train,8,8,1,0.5240539428103045,0.19003324776762098,0.28591280540636804,0.9999816417694092
Pinus/Saarinen2021_vh114_plot4_tree2.npy,train,8,8,1,0.5392839954376281,0.14832703300909952,0.31238896805544736,0.9999622106552124
Pinus/Saarinen2021_vh114_plot4_tree20.npy,train,8,8,1,0.43920832769554086,0.17583988874911613,0.38495177855295887,0.9999982118606567
Pinus/Saarinen2021_vh114_plot4_tree23.npy,train,8,8,1,0.4872433159393136,0.15204113356322288,0.36071554581343446,0.9999973773956299
Pinus/Saarinen2021_vh114_plot4_tree24.npy,train,8,8,1,0.454647826252423,0.2016210031281256,0.34373116654021646,0.9999951124191284
Pinus/Saarinen2021_vh114_plot4_tree25.npy,train,8,8,1,0.4621924330207091,0.17234139815515986,0.3654661645284795,0.999995231628418
Pinus/Saarinen2021_vh114_plot4_tree27.npy,train,8,8,1,0.4651276015789551,0.21958239532362098,0.3152899982111037,0.9999979734420776
Pinus/Saarinen2021_vh114_plot4_tree3.npy,train,8,8,1,0.5269999031669382,0.18329433835002462,0.2897057544898633,0.9999945163726807
Pinus/Saarinen2021_vh114_plot4_tree30.npy,train,8,8,1,0.4650069411588594,0.21986657272266136,0.31512647957282935,0.9999984502792358
Pinus/Saarinen2021_vh114_plot4_tree33.npy,train,8,8,1,0.4978514010952186,0.14910574982643793,0.35304284398232305,0.9999954700469971
Pinus/Saarinen2021_vh114_plot4_tree34.npy,train,8,8,1,0.4605602206048606,0.17966482438144338,0.35977494944711697,0.9999978542327881
Pinus/Saarinen2021_vh114_plot4_tree37.npy,train,8,8,1,0.39656653828051297,0.26017289610552224,0.34326056060362337,0.9999988079071045
Pinus/Saarinen2021_vh114_plot4_tree38.npy,train,8,8,1,0.5350888739044602,0.14754801087533917,0.3173631105971922,0.9999933242797852
Pinus/Saarinen2021_vh114_plot4_tree39.npy,train,8,8,1,0.5243583917625203,0.22897738688943395,0.24666421803061608,0.9999819993972778
Pinus/Saarinen2021_vh114_plot4_tree4.npy,train,8,8,1,0.4115048383517513,0.27947845346727607,0.30901670311498514,0.9999982118606567
Pinus/Saarinen2021_vh114_plot4_tree43.npy,train,8,8,1,0.44049118525710784,0.1521607553044121,0.40734805424147924,0.9999982118606567
Pinus/Saarinen2021_vh114_plot4_tree45.npy,train,8,8,1,0.46655287512908916,0.2538318402964601,0.2796152795537641,0.9999879598617554
Pinus/Saarinen2021_vh114_plot4_tree46.npy,train,8,8,1,0.4555584411298362,0.20074286137956143,0.3436986925868188,0.999996542930603
Pinus/Saarinen2021_vh114_plot4_tree47.npy,train,8,8,1,0.4856187119103269,0.20691127234462237,0.30747001091130366,0.9999966621398926
Pinus/Saarinen2021_vh114_plot4_tree5.npy,train,8,8,1,0.506844926958212,0.18420231539579135,0.30895275294828467,0.9999915361404419
Pinus/Saarinen2021_vh114_plot4_tree51.npy,train,8,8,1,0.4723483294463763,0.23510028672585376,0.2925513795401253,0.999992847442627
Pinus/Saarinen2021_vh114_plot4_tree54.npy,train,8,8,1,0.4705387877992673,0.17950030494773245,0.34996090155372483,0.9999946355819702
Pinus/Saarinen2021_vh114_plot4_tree57.npy,train,8,8,1,0.4487923618715679,0.16901452073289008,0.38219311412331997,0.9999637603759766
Pinus/Saarinen2021_vh114_plot4_tree58.npy,train,8,8,1,0.427824380121883,0.21314374090348023,0.3590318744359251,0.999995231628418
Pinus/Saarinen2021_vh114_plot4_tree59.npy,train,8,8,1,0.4398422990891816,0.22887685719348572,0.33128083853885965,0.9999983310699463
Pinus/Saarinen2021_vh114_plot4_tree6.npy,train,8,8,1,0.40548255191929944,0.24722683149808306,0.34729061109460196,0.9999988079071045
Pinus/Saarinen2021_vh114_plot4_tree60.npy,train,8,8,1,0.5031044613841398,0.1873799308774401,0.3095156027018056,0.9999908208847046
Pinus/Saarinen2021_vh114_plot4_tree61.npy,train,8,8,1,0.4257069101064829,0.19567701011526073,0.37861607616534637,0.9999914169311523
Pinus/Saarinen2021_vh114_plot4_tree62.npy,train,8,8,1,0.5114743300334524,0.16377510835427794,0.3247505582631685,0.9999864101409912
Pinus/Saarinen2021_vh114_plot4_tree63.npy,train,8,8,1,0.4770458008168198,0.16384190772665752,0.3591122863116582,0.9999954700469971
Pinus/Saarinen2021_vh114_plot4_tree64.npy,train,8,8,1,0.4021931410806291,0.2851792727577183,0.3126275820899508,0.9999934434890747
Pinus/Saarinen2021_vh114_plot4_tree65.npy,train,8,8,1,0.5170663056949143,0.1574156974096465,0.32551799100235046,0.9999980926513672
Pinus/Saarinen2021_vh114_plot4_tree66.npy,train,8,8,1,0.4459556250849775,0.25831764379510075,0.2957267267219485,0.9999948740005493
Pinus/Saarinen2021_vh114_plot4_tree68.npy,train,8,8,1,0.48320578826584415,0.14778051248402527,0.36901369466736,0.9999856948852539
Pinus/Saarinen2021_vh114_plot4_tree69.npy,train,8,8,1,0.5285902494053009,0.21022974329892685,0.2611800036762464,0.999995231628418
Pinus/Saarinen2021_vh114_plot4_tree71.npy,train,8,8,1,0.5056439126108193,0.18500501358207652,0.30935106940919527,0.9999946355819702
Pinus/Saarinen2021_vh114_plot4_tree73.npy,train,8,8,1,0.45360022566094554,0.17095358568425248,0.375446184752029,0.9999803304672241
Pinus/Saarinen2021_vh114_plot4_tree74.npy,train,8,8,1,0.4570545343682323,0.24720441493020884,0.2957410455880236,0.9999977350234985
Pinus/Saarinen2021_vh114_plot4_tree79.npy,train,8,8,1,0.4626769982658343,0.13239544545914772,0.4049275522220908,0.9999936819076538
Pinus/Saarinen2021_vh114_plot4_tree8.npy,train,8,8,1,0.4363333694795298,0.25080171388248124,0.3128649126781617,0.9999849796295166
Pinus/Saarinen2021_vh114_plot4_tree80.npy,train,8,8,1,0.40333495411333004,0.1795162221276553,0.4171488195546241,0.9999958276748657
Pinus/Saarinen2021_vh114_plot4_tree81.npy,train,8,8,1,0.46139022835680904,0.19603445458875535,0.34257531233868865,0.9999958276748657
Pinus/Saarinen2021_vh114_plot4_tree82.npy,train,8,8,1,0.5497095079409681,0.16534769274490232,0.28494279649699894,0.9998156428337097
Pinus/Saarinen2021_vh114_plot4_tree85.npy,train,8,8,1,0.6298717132290427,0.06591457630766502,0.30421370482316673,0.9999980926513672
Pinus/Saarinen2021_vh114_plot4_tree86.npy,train,8,8,1,0.45591241124707615,0.17673268552339613,0.36735489875178395,0.9999935626983643
Pinus/Saarinen2021_vh114_plot4_tree87.npy,train,8,8,1,0.4878193378764354,0.12331655831850721,0.3888640983842637,0.999996542930603
Pinus/Saarinen2021_vh114_plot4_tree88.npy,train,8,8,1,0.47527614568113946,0.16373213877548828,0.36099171186782214,0.9999920129776001
Pinus/Saarinen2021_vh114_plot4_tree89.npy,train,8,8,1,0.43231013914281796,0.19323553845219674,0.37445431706020527,0.9999936819076538
Pinus/Saarinen2021_vh114_plot4_tree9.npy,train,8,8,1,0.4732226645167152,0.1659845953816445,0.3607927361658044,0.9999871253967285
Pinus/Saarinen2021_vh114_plot4_tree90.npy,train,8,8,1,0.48842724566804363,0.19532858404734585,0.3162441652968019,0.9999939203262329
Pinus/Saarinen2021_vh114_plot5_tree10.npy,train,8,8,1,0.4449989535082258,0.21676264913770102,0.33823839258887267,0.9999943971633911
Pinus/Saarinen2021_vh114_plot5_tree11.npy,train,8,8,1,0.4673706271654343,0.21101373990009017,0.3216156294549517,0.9999961853027344
Pinus/Saarinen2021_vh114_plot5_tree12.npy,train,8,8,1,0.43631540405895497,0.2382845837810096,0.3254000078412258,0.9999980926513672
Pinus/Saarinen2021_vh114_plot5_tree14.npy,train,8,8,1,0.4282957707867993,0.25135005939320426,0.32035416544341017,0.9999940395355225
Pinus/Saarinen2021_vh114_plot5_tree15.npy,train,8,8,1,0.41622714095536983,0.15447073979919465,0.42930211263620677,0.9999990463256836
Pinus/Saarinen2021_vh114_plot5_tree16.npy,train,8,8,1,0.3615139752620715,0.26581935100455106,0.37266666953779654,0.9999966621398926
Pinus/Saarinen2021_vh114_plot5_tree19.npy,train,8,8,1,0.40214537295319747,0.2564128673987036,0.3414417541852799,0.9999988079071045
Pinus/Saarinen2021_vh114_plot5_tree2.npy,train,8,8,1,0.4832530845647507,0.20947493757844915,0.3072719734914333,0.9999971389770508
Pinus/Saarinen2021_vh114_plot5_tree22.npy,train,8,8,1,0.4949896870157755,0.19664474267121246,0.30836556563042106,0.9999960660934448
Pinus/Saarinen2021_vh114_plot5_tree23.npy,train,8,8,1,0.4138876138721166,0.2178093397277509,0.3683030423924072,0.9999936819076538
Pinus/Saarinen2021_vh114_plot5_tree26.npy,train,8,8,1,0.41167303681355066,0.3133143770781808,0.2750125811162701,0.9999972581863403
Pinus/Saarinen2021_vh114_plot5_tree27.npy,train,8,8,1,0.5148354116193629,0.1004118944422142,0.38475269049645067,0.9999129772186279
Pinus/Saarinen2021_vh114_plot5_tree28.npy,train,8,8,1,0.5020303747513045,0.13505139507048733,0.36291822509754346,0.9999946355819702
Pinus/Saarinen2021_vh114_plot5_tree3.npy,train,8,8,1,0.4384180846490058,0.25817578325264684,0.30340612730210903,0.9999970197677612
Pinus/Saarinen2021_vh114_plot5_tree33.npy,train,8,8,1,0.5113693117283822,0.17817710070085696,0.3104535838709713,0.9999953508377075
Pinus/Saarinen2021_vh114_plot5_tree34.npy,train,8,8,1,0.4609620432134749,0.1644420829655726,0.37459586843409465,0.9999973773956299
Pinus/Saarinen2021_vh114_plot5_tree36.npy,train,8,8,1,0.4481002667460941,0.1328813472062675,0.41901838129012864,0.9999982118606567
Pinus/Saarinen2021_vh114_plot5_tree37.npy,train,8,8,1,0.4057792841395829,0.25506436823374423,0.33915634302872066,0.9999979734420776
Pinus/Saarinen2021_vh114_plot5_tree38.npy,train,8,8,1,0.39327049315822576,0.2762713237327364,0.33045817664734334,0.999998927116394
Pinus/Saarinen2021_vh114_plot5_tree4.npy,train,8,8,1,0.4207939666517811,0.2424265648325483,0.3367794641639078,0.9999972581863403
Pinus/Saarinen2021_vh114_plot5_tree40.npy,train,8,8,1,0.4772078929200401,0.24493140834026295,0.27786069443330924,0.9999945163726807
Pinus/Saarinen2021_vh114_plot5_tree42.npy,train,8,8,1,0.4016292558285182,0.23055761270597,0.3678131261846834,0.9999969005584717
Pinus/Saarinen2021_vh114_plot5_tree44.npy,train,8,8,1,0.47769351151953565,0.12753230853705633,0.3947741752193183,0.9999963045120239
Pinus/Saarinen2021_vh114_plot5_tree49.npy,train,8,8,1,0.4407099058969235,0.20820561592330578,0.3510844748450405,0.9999876022338867
Pinus/Saarinen2021_vh114_plot5_tree5.npy,train,8,8,1,0.4298957961712957,0.20285702632744845,0.36724717203985524,0.9999985694885254
Pinus/Saarinen2021_vh114_plot5_tree52.npy,train,8,8,1,0.42687336642205703,0.26591444118150387,0.30721218801215167,0.9999955892562866
Pinus/Saarinen2021_vh114_plot5_tree53.npy,train,8,8,1,0.35906265529604886,0.2749234608941209,0.36601387942800845,0.9999979734420776
Pinus/Saarinen2021_vh114_plot5_tree54.npy,train,8,8,1,0.46042525508943233,0.19410336817124976,0.34547137300482705,0.9999918937683105
Pinus/Saarinen2021_vh114_plot5_tree55.npy,train,8,8,1,0.4149957537716551,0.2210920914949974,0.3639121504072475,0.9999910593032837
Pinus/Saarinen2021_vh114_plot5_tree56.npy,train,8,8,1,0.44651265045431415,0.23628485699817886,0.31720248722116984,0.9999977350234985
Pinus/Saarinen2021_vh114_plot5_tree58.npy,train,8,8,1,0.42543203281959585,0.13626289953829682,0.43830506308609624,0.9999945163726807
Pinus/Saarinen2021_vh114_plot5_tree59.npy,train,8,8,1,0.5199273720414124,0.18139971290695026,0.2986729110460751,0.9999969005584717
Pinus/Saarinen2021_vh114_plot5_tree6.npy,train,8,8,1,0.444773739124557,0.2503540338958682,0.3048722219201845,0.9999973773956299
Pinus/Saarinen2021_vh114_plot5_tree61.npy,train,8,8,1,0.48109308445437116,0.21539556386631953,0.30351134557639553,0.9999980926513672
Pinus/Saarinen2021_vh114_plot5_tree62.npy,train,8,8,1,0.5075890122061905,0.14429641075055152,0.34811457296096837,0.9999967813491821
Pinus/Saarinen2021_vh114_plot5_tree63.npy,train,8,8,1,0.47186279904653655,0.14224781364312186,0.3858893842415254,0.9998811483383179
Pinus/Saarinen2021_vh114_plot5_tree65.npy,train,8,8,1,0.47739347728262455,0.17818499234729956,0.3444215261621486,0.9999945163726807
Pinus/Saarinen2021_vh114_plot5_tree67.npy,train,8,8,1,0.4260186244397019,0.21080949838250498,0.3631718721472608,0.9999970197677612
Pinus/Saarinen2021_vh114_plot5_tree68.npy,train,8,8,1,0.4418230682595447,0.15543737614412118,0.40273955190511085,0.9999953508377075
Pinus/Saarinen2021_vh114_plot5_tree69.npy,train,8,8,1,0.42264575499435225,0.22511520336313176,0.3522390356824667,0.9999986886978149
Pinus/Saarinen2021_vh114_plot5_tree7.npy,train,8,8,1,0.5111143165603476,0.16756649323088346,0.3213191855288869,0.9999920129776001
Pinus/Saarinen2021_vh114_plot5_tree70.npy,train,8,8,1,0.5110645433197398,0.1387949637030708,0.35014048821654836,0.9999969005584717
Pinus/Saarinen2021_vh114_plot5_tree74.npy,train,8,8,1,0.46105470887400485,0.2113716211698366,0.32757366529641274,0.999994158744812
Pinus/Saarinen2021_vh114_plot5_tree75.npy,train,8,8,1,0.4468320856988033,0.183318597425637,0.3698493124788207,0.9999983310699463
Pinus/Saarinen2021_vh114_plot5_tree76.npy,train,8,8,1,0.4895635892846519,0.16352141095365594,0.34691499393606073,0.9999983310699463
Pinus/Saarinen2021_vh114_plot5_tree78.npy,train,8,8,1,0.5260570312237263,0.09126097585647713,0.3826819883974497,0.9999970197677612
Pinus/Saarinen2021_vh114_plot5_tree8.npy,train,8,8,1,0.45055590852652944,0.23765274193229585,0.3117913450195004,0.9999923706054688
Pinus/Saarinen2021_vh114_plot5_tree80.npy,train,8,8,1,0.5147712315755821,0.22194891656563545,0.2632798480991806,0.9999933242797852
Pinus/Saarinen2021_vh114_plot5_tree81.npy,train,8,8,1,0.5022360328746186,0.18396435304089823,0.31379961021916714,0.9999899864196777
Pinus/Saarinen2021_vh114_plot5_tree82.npy,train,8,8,1,0.4136689437624297,0.27965417777287466,0.3066768750391645,0.9999755620956421
Pinus/Saarinen2021_vh114_plot5_tree9.npy,train,8,8,1,0.4696013132181257,0.17952245306818648,0.35087622899915627,0.9999915361404419
Pinus/Saarinen2021_vh114_plot6_tree1.npy,train,8,8,1,0.5029711883819856,0.14073758033635508,0.35629122645561717,0.9999958276748657
Pinus/Saarinen2021_vh114_plot6_tree10.npy,train,8,8,1,0.4320568999521021,0.184710878501725,0.3832322175088654,0.999987006187439
Pinus/Saarinen2021_vh114_plot6_tree13.npy,train,8,8,1,0.4174001264146883,0.21248646339678728,0.3701134050221475,0.9999977350234985
Pinus/Saarinen2021_vh114_plot6_tree15.npy,train,8,8,1,0.43056582817577427,0.21262070722172177,0.35681346050360985,0.999997615814209
Pinus/Saarinen2021_vh114_plot6_tree16.npy,train,8,8,1,0.46384550340584463,0.2137029335154326,0.32245155890775923,0.9999960660934448
Pinus/Saarinen2021_vh114_plot6_tree17.npy,train,8,8,1,0.36913981457625133,0.2673364928512936,0.3635236887501314,0.99998939037323
Pinus/Saarinen2021_vh114_plot6_tree19.npy,train,8,8,1,0.35613956617985953,0.2430298253165448,0.40083060326973996,0.9999982118606567
Pinus/Saarinen2021_vh114_plot6_tree2.npy,train,8,8,1,0.5250205993631307,0.17988133777206128,0.29509805849026016,0.9999942779541016
Pinus/Saarinen2021_vh114_plot6_tree20.npy,train,8,8,1,0.3742210075436504,0.2694343242378321,0.35634466467814035,0.9999791383743286
Pinus/Saarinen2021_vh114_plot6_tree21.npy,train,8,8,1,0.41578478322219975,0.2800063963885161,0.3042088162598216,0.9999961853027344
Pinus/Saarinen2021_vh114_plot6_tree22.npy,train,8,8,1,0.46831823640663234,0.2224459721493049,0.30923578669747437,0.9999939203262329
Pinus/Saarinen2021_vh114_plot6_tree23.npy,train,8,8,1,0.41438057445374743,0.2799468572069974,0.3056725623385557,0.9999991655349731
Pinus/Saarinen2021_vh114_plot6_tree24.npy,train,8,8,1,0.5564878575108648,0.17929799705004,0.26421414116306763,0.9999865293502808
Pinus/Saarinen2021_vh114_plot6_tree25.npy,train,8,8,1,0.4211767220355256,0.3007182975275273,0.278104976833832,0.9999942779541016
Pinus/Saarinen2021_vh114_plot6_tree26.npy,train,8,8,1,0.40025345986761623,0.23236488593843,0.36738164974483284,0.9999958276748657
Pinus/Saarinen2021_vh114_plot6_tree3.npy,train,8,8,1,0.39145508589549083,0.18237948583627817,0.4261654223639018,0.9999985694885254
Pinus/Saarinen2021_vh114_plot6_tree32.npy,train,8,8,1,0.4078568724712057,0.2605898249910567,0.3315532983572893,0.9999712705612183
Pinus/Saarinen2021_vh114_plot6_tree33.npy,train,8,8,1,0.5003792199167816,0.15099065389054592,0.34863012226096607,0.9999895095825195
Pinus/Saarinen2021_vh114_plot6_tree34.npy,train,8,8,1,0.46615972363600056,0.2941614422913177,0.23967883072472249,0.9999918937683105
Pinus/Saarinen2021_vh114_plot6_tree35.npy,train,8,8,1,0.44219490678258355,0.22871897453058115,0.3290861148512776,0.9999735355377197
Pinus/Saarinen2021_vh114_plot6_tree37.npy,train,8,8,1,0.42963746638607103,0.21948821508383162,0.35087431322016344,0.9999973773956299
Pinus/Saarinen2021_vh114_plot6_tree38.npy,train,8,8,1,0.38275698515874707,0.2690235802553821,0.34821942976098635,0.9999984502792358
Pinus/Saarinen2021_vh114_plot6_tree39.npy,train,8,8,1,0.3903139402348075,0.27779687065466463,0.33188918563401315,0.9999958276748657
Pinus/Saarinen2021_vh114_plot6_tree4.npy,train,8,8,1,0.38451114823099536,0.24106818860462226,0.37442065983221096,0.9998010993003845
Pinus/Saarinen2021_vh114_plot6_tree40.npy,train,8,8,1,0.464605932860844,0.23643902118151752,0.2989550403562207,0.9999977350234985
Pinus/Saarinen2021_vh114_plot7_tree1.npy,train,8,8,1,0.44454212304434737,0.23157953519979446,0.3238783369789132,0.9999990463256836
Pinus/Saarinen2021_vh114_plot7_tree10.npy,train,8,8,1,0.4668265045309489,0.22068043295488018,0.31249305752036555,0.9999986886978149
Pinus/Saarinen2021_vh114_plot7_tree100.npy,train,8,8,1,0.4803332499980629,0.31140815805258093,0.20825858676356637,0.9999978542327881
Pinus/Saarinen2021_vh114_plot7_tree102.npy,train,8,8,1,0.47497308266336663,0.2620092929461054,0.2630176206558586,0.999995231628418
Pinus/Saarinen2021_vh114_plot7_tree103.npy,train,8,8,1,0.5928508965003467,0.15878977899002086,0.24835932095922328,0.9999675750732422
Pinus/Saarinen2021_vh114_plot7_tree105.npy,train,8,8,1,0.47269348397126626,0.23531861797902745,0.29198789312414813,0.9999978542327881
Pinus/Saarinen2021_vh114_plot7_tree107.npy,train,8,8,1,0.5309376076255262,0.15423287760619447,0.3148295106758367,0.9999963045120239
Pinus/Saarinen2021_vh114_plot7_tree108.npy,train,8,8,1,0.49812285651040383,0.24310669318210051,0.25877044712295316,0.9999890327453613
Pinus/Saarinen2021_vh114_plot7_tree109.npy,train,8,8,1,0.459663988124468,0.1958146905695238,0.34452131659586827,0.999995231628418
Pinus/Saarinen2021_vh114_plot7_tree11.npy,train,8,8,1,0.5272374997493621,0.19467166483688558,0.2780908315624053,0.9999861717224121
Pinus/Saarinen2021_vh114_plot7_tree111.npy,train,8,8,1,0.46246181103881734,0.24652964779075828,0.29100853572863195,0.9999957084655762
Pinus/Saarinen2021_vh114_plot7_tree112.npy,train,8,8,1,0.47508905995632744,0.20871284263946208,0.31619809235058394,0.9999972581863403
Pinus/Saarinen2021_vh114_plot7_tree114.npy,train,8,8,1,0.5589786064926491,0.21327913106252513,0.22774225760279726,0.9999980926513672
Pinus/Saarinen2021_vh114_plot7_tree117.npy,train,8,8,1,0.5270541756336925,0.23683584874820002,0.23610997142451226,0.9999831914901733
Pinus/Saarinen2021_vh114_plot7_tree122.npy,train,8,8,1,0.4359105466642304,0.2742186507879683,0.28987079633604707,0.9999984502792358
Pinus/Saarinen2021_vh114_plot7_tree123.npy,train,8,8,1,0.5406394844318578,0.2206758282200183,0.23868468270551843,0.9999940395355225
Pinus/Saarinen2021_vh114_plot7_tree124.npy,train,8,8,1,0.41587055620205526,0.22825340318484977,0.35587603646233507,0.9999943971633911
Pinus/Saarinen2021_vh114_plot7_tree129.npy,train,8,8,1,0.5183212355795013,0.1907770227139734,0.2909017366326593,0.9999963045120239
Pinus/Saarinen2021_vh114_plot7_tree13.npy,train,8,8,1,0.4719677875904529,0.20732245216405717,0.32070975475589764,0.9999967813491821
Pinus/Saarinen2021_vh114_plot7_tree131.npy,train,8,8,1,0.5261454397129939,0.25508468276172747,0.21876987391793826,0.9999960660934448
Pinus/Saarinen2021_vh114_plot7_tree132.npy,train,8,8,1,0.5566575201011614,0.19099474075511588,0.2523477355318817,0.999993085861206
Pinus/Saarinen2021_vh114_plot7_tree133.npy,train,8,8,1,0.46241877296115014,0.2109623161843388,0.32661890903594176,0.996623158454895
Pinus/Saarinen2021_vh114_plot7_tree137.npy,train,8,8,1,0.4110136545951025,0.30400786316882544,0.2849784785903352,0.9999969005584717
Pinus/Saarinen2021_vh114_plot7_tree138.npy,train,8,8,1,0.4058379576133221,0.28110478320137117,0.31305725346845786,0.9999980926513672
Pinus/Saarinen2021_vh114_plot7_tree140.npy,train,8,8,1,0.49257982376931825,0.23267067803374228,0.27474949340098237,0.9999963045120239
Pinus/Saarinen2021_vh114_plot7_tree146.npy,train,8,8,1,0.3922767427530189,0.2926313220944443,0.31509192989370305,0.999998927116394
Pinus/Saarinen2021_vh114_plot7_tree151.npy,train,8,8,1,0.4058615410746373,0.2492434453647299,0.3448950093951119,0.999992847442627
Pinus/Saarinen2021_vh114_plot7_tree159.npy,train,8,8,1,0.39014446499051203,0.19116305423361504,0.41869247532425635,0.9999983310699463
Pinus/Saarinen2021_vh114_plot7_tree161.npy,train,8,8,1,0.502327400151096,0.2276526225947964,0.2700199728183474,0.9999947547912598
Pinus/Saarinen2021_vh114_plot7_tree162.npy,train,8,8,1,0.44212406463006637,0.2511474333980181,0.30672849680198333,0.9999986886978149
Pinus/Saarinen2021_vh114_plot7_tree163.npy,train,8,8,1,0.5364832228406619,0.14749781523829533,0.3160189569852618,0.999995231628418
Pinus/Saarinen2021_vh114_plot7_tree164.npy,train,8,8,1,0.48884880170047396,0.17216178827738246,0.3389894044988323,0.9999979734420776
Pinus/Saarinen2021_vh114_plot7_tree165.npy,train,8,8,1,0.3982649932372129,0.20160740132900515,0.4001275993924593,0.999998927116394
Pinus/Saarinen2021_vh114_plot7_tree166.npy,train,8,8,1,0.4952830853746901,0.20732053939120718,0.29739637028417154,0.9999935626983643
Pinus/Saarinen2021_vh114_plot7_tree168.npy,train,8,8,1,0.44897869138997587,0.2161180394364908,0.33490326362320344,0.9999980926513672
Pinus/Saarinen2021_vh114_plot7_tree169.npy,train,8,8,1,0.36231385458977233,0.24576574306276677,0.39192039820637853,0.999996542930603
Pinus/Saarinen2021_vh114_plot7_tree171.npy,train,8,8,1,0.5057758734289752,0.10156211022096476,0.3926620098622566,0.9999985694885254
Pinus/Saarinen2021_vh114_plot7_tree172.npy,train,8,8,1,0.5070854651169291,0.17450665261925893,0.31840787939156856,0.9999942779541016
Pinus/Saarinen2021_vh114_plot7_tree174.npy,train,8,8,1,0.4463464946759964,0.19997333853540963,0.35368016224665744,0.9999948740005493
Pinus/Saarinen2021_vh114_plot7_tree175.npy,train,8,8,1,0.4909226752002591,0.10777069866746794,0.4013066211626512,0.9999915361404419
Pinus/Saarinen2021_vh114_plot7_tree177.npy,train,8,8,1,0.47692021979914434,0.23089526951003758,0.29218450544827607,0.9999979734420776
Pinus/Saarinen2021_vh114_plot7_tree182.npy,train,8,8,1,0.5506897773976496,0.1616260694980947,0.287684148831888,0.999998927116394
Pinus/Saarinen2021_vh114_plot7_tree183.npy,train,8,8,1,0.5266407086798628,0.17346335302751623,0.2998959324952581,0.9999985694885254
Pinus/Saarinen2021_vh114_plot7_tree19.npy,train,8,8,1,0.4636625847247214,0.13061115419740102,0.4057262554653228,0.999998927116394
Pinus/Saarinen2021_vh114_plot7_tree2.npy,train,8,8,1,0.46835621845629577,0.2092651844231673,0.32237859068368097,0.9999986886978149
Pinus/Saarinen2021_vh114_plot7_tree21.npy,train,8,8,1,0.47039018601705185,0.2120883342358761,0.3175214750263331,0.999996542930603
Pinus/Saarinen2021_vh114_plot7_tree22.npy,train,8,8,1,0.4975158206908336,0.15159347339080415,0.3508907008408248,0.9999988079071045
Pinus/Saarinen2021_vh114_plot7_tree23.npy,train,8,8,1,0.4905150978351164,0.1887363116357262,0.3207485863620868,0.9999951124191284
Pinus/Saarinen2021_vh114_plot7_tree24.npy,train,8,8,1,0.4878844084166192,0.16834029029791234,0.34377529506833243,0.9999988079071045
Pinus/Saarinen2021_vh114_plot7_tree25.npy,train,8,8,1,0.41621658411968804,0.1728877750247671,0.4108956356044507,0.999998927116394
Pinus/Saarinen2021_vh114_plot7_tree28.npy,train,8,8,1,0.47090851938665085,0.2359637217001171,0.2931277539092194,0.9999903440475464
Pinus/Saarinen2021_vh114_plot7_tree3.npy,train,8,8,1,0.4601037280589994,0.24129648204039889,0.2985997862703412,0.999983549118042
Pinus/Saarinen2021_vh114_plot7_tree32.npy,train,8,8,1,0.4234373078887914,0.1938998594957505,0.3826628285822349,0.9999973773956299
Pinus/Saarinen2021_vh114_plot7_tree34.npy,train,8,8,1,0.4453728182547032,0.23640395202441541,0.31822322404138753,0.999997615814209
Pinus/Saarinen2021_vh114_plot7_tree38.npy,train,8,8,1,0.4321422650770645,0.191929463718475,0.37592826454234474,0.9999994039535522
Pinus/Saarinen2021_vh114_plot7_tree39.npy,train,8,8,1,0.4208790806963166,0.2471618625485756,0.3319590510865676,0.9999982118606567
Pinus/Saarinen2021_vh114_plot7_tree4.npy,train,8,8,1,0.4780986170447484,0.22112674337276106,0.30077463508043456,0.9999979734420776
Pinus/Saarinen2021_vh114_plot7_tree42.npy,train,8,8,1,0.476363342655463,0.2520534304624346,0.2715832224895543,0.9999969005584717
Pinus/Saarinen2021_vh114_plot7_tree45.npy,train,8,8,1,0.4535551583406017,0.21829849202919735,0.3281463437567296,0.9999992847442627
Pinus/Saarinen2021_vh114_plot7_tree46.npy,train,8,8,1,0.44966423115942866,0.1658945830664587,0.38444118078650485,0.9999967813491821
Pinus/Saarinen2021_vh114_plot7_tree47.npy,train,8,8,1,0.42546070747968223,0.2127037208641875,0.36183556695022706,0.9999988079071045
Pinus/Saarinen2021_vh114_plot7_tree48.npy,train,8,8,1,0.4418864135700246,0.22080337539288064,0.3373102057610766,0.9999984502792358
Pinus/Saarinen2021_vh114_plot7_tree50.npy,train,8,8,1,0.47358383688229655,0.26271878893249945,0.2636973691783875,0.9999948740005493
Pinus/Saarinen2021_vh114_plot7_tree51.npy,train,8,8,1,0.5340078829963689,0.3013695893313041,0.16462252432275257,0.9999892711639404
Pinus/Saarinen2021_vh114_plot7_tree56.npy,train,8,8,1,0.4111735498729198,0.2487974881674251,0.340028956927283,0.999996542930603
Pinus/Saarinen2021_vh114_plot7_tree58.npy,train,8,8,1,0.5172820499233038,0.13796558004152984,0.34475236525185105,0.9999920129776001
Pinus/Saarinen2021_vh114_plot7_tree59.npy,train,8,8,1,0.3953352077075447,0.25341473043896623,0.3512500568884959,0.9999992847442627
Pinus/Saarinen2021_vh114_plot7_tree67.npy,train,8,8,1,0.5010263311182742,0.17887397622077475,0.32009968702986186,0.9999991655349731
Pinus/Saarinen2021_vh114_plot7_tree69.npy,train,8,8,1,0.44427187026599113,0.24229366285204876,0.31343446201966946,0.9999978542327881
Pinus/Saarinen2021_vh114_plot7_tree74.npy,train,8,8,1,0.42152306625561503,0.1769617354780236,0.40151519424174453,0.999990701675415
Pinus/Saarinen2021_vh114_plot7_tree78.npy,train,8,8,1,0.4636349640864809,0.23269773231019483,0.30366729942160814,0.9999918937683105
Pinus/Saarinen2021_vh114_plot7_tree8.npy,train,8,8,1,0.4416212687557899,0.20032937670602102,0.35804935091332274,0.9999935626983643
Pinus/Saarinen2021_vh114_plot7_tree80.npy,train,8,8,1,0.4798111951789567,0.23184662812649362,0.28834217228257825,0.9999948740005493
Pinus/Saarinen2021_vh114_plot7_tree81.npy,train,8,8,1,0.4717857799849858,0.30287233379449646,0.2253418823767526,0.9999876022338867
Pinus/Saarinen2021_vh114_plot7_tree87.npy,train,8,8,1,0.556789668673612,0.16313523994598647,0.28007508519928004,0.9999988079071045
Pinus/Saarinen2021_vh114_plot7_tree88.npy,train,8,8,1,0.4705762304206153,0.2692293483181821,0.2601944175074326,0.9999947547912598
Pinus/Saarinen2021_vh114_plot7_tree92.npy,train,8,8,1,0.501449217843139,0.21673760572436654,0.28181317049289706,0.9999972581863403
Pinus/Saarinen2021_vh114_plot7_tree93.npy,train,8,8,1,0.5195105489826934,0.21625181274805355,0.2642376327880347,0.9999984502792358
Pinus/Saarinen2021_vh114_plot7_tree94.npy,train,8,8,1,0.558711000077664,0.2519961114059402,0.18929288369917305,0.9999966621398926
Pinus/Saarinen2021_vh114_plot7_tree96.npy,train,8,8,1,0.4656288161010423,0.25561513412152215,0.2787560450992752,0.9999991655349731
Pinus/Saarinen2021_vh114_plot8_tree10.npy,train,8,8,1,0.4388722634426598,0.2452977859888233,0.3158299458224663,0.999997615814209
Pinus/Saarinen2021_vh114_plot8_tree101.npy,train,8,8,1,0.43038950547134275,0.24182703888742882,0.32778345102228695,0.9999988079071045
Pinus/Saarinen2021_vh114_plot8_tree102.npy,train,8,8,1,0.5477498519366286,0.17699462510307928,0.27525552008731374,0.9999767541885376
Pinus/Saarinen2021_vh114_plot8_tree105.npy,train,8,8,1,0.5331197089863842,0.2312190091066293,0.23566127690608835,0.9999977350234985
Pinus/Saarinen2021_vh114_plot8_tree107.npy,train,8,8,1,0.5105882997129861,0.10624999213946187,0.3831617039569701,0.9999949932098389
Pinus/Saarinen2021_vh114_plot8_tree109.npy,train,8,8,1,0.4960351505235943,0.2095027298628164,0.2944621152580003,0.999995231628418
Pinus/Saarinen2021_vh114_plot8_tree110.npy,train,8,8,1,0.4811902912846083,0.18680452998229388,0.33200517496562537,0.9999896287918091
Pinus/Saarinen2021_vh114_plot8_tree113.npy,train,8,8,1,0.459758239324239,0.24509298919660794,0.2951487661309632,0.9999982118606567
Pinus/Saarinen2021_vh114_plot8_tree114.npy,train,8,8,1,0.5447112827107952,0.1286221464845947,0.3266665666599029,0.9999934434890747
Pinus/Saarinen2021_vh114_plot8_tree115.npy,train,8,8,1,0.47850424040524625,0.08737204519909508,0.4341237079663805,0.9999983310699463
Pinus/Saarinen2021_vh114_plot8_tree116.npy,train,8,8,1,0.46719767207405005,0.1790636598673664,0.3537386620552686,0.9999982118606567
Pinus/Saarinen2021_vh114_plot8_tree117.npy,train,8,8,1,0.4149561820393256,0.21625044680926112,0.36879336586399897,0.9999971389770508
Pinus/Saarinen2021_vh114_plot8_tree12.npy,train,8,8,1,0.39648000705066117,0.36824791551570335,0.2352720731607797,0.9999959468841553
Pinus/Saarinen2021_vh114_plot8_tree13.npy,train,8,8,1,0.4688368726167003,0.2169914500914375,0.31417167251600103,0.9999982118606567
Pinus/Saarinen2021_vh114_plot8_tree14.npy,train,8,8,1,0.44013830399678266,0.2892704524702661,0.2705912381580319,0.9999969005584717
Pinus/Saarinen2021_vh114_plot8_tree16.npy,train,8,8,1,0.5256469642351441,0.24486645777105914,0.22948657332661557,0.9999935626983643
Pinus/Saarinen2021_vh114_plot8_tree19.npy,train,8,8,1,0.43951009647462386,0.26386981253229114,0.29662008562098224,0.9999984502792358
Pinus/Saarinen2021_vh114_plot8_tree20.npy,train,8,8,1,0.4456926673887236,0.2582174473510641,0.2960898804374326,0.9999957084655762
Pinus/Saarinen2021_vh114_plot8_tree25.npy,train,8,8,1,0.4767733787217337,0.27089870190974014,0.2523279165792473,0.9997991919517517
Pinus/Saarinen2021_vh114_plot8_tree28.npy,train,8,8,1,0.4821218563533767,0.14354344423221446,0.3743346941233209,0.9999980926513672
Pinus/Saarinen2021_vh114_plot8_tree30.npy,train,8,8,1,0.5160441685800305,0.15252338479005245,0.3314324407168831,0.9999986886978149
Pinus/Saarinen2021_vh114_plot8_tree32.npy,train,8,8,1,0.5017007048227664,0.21023917719412602,0.28806011390927466,0.9999816417694092
Pinus/Saarinen2021_vh114_plot8_tree34.npy,train,8,8,1,0.4489288264228691,0.14659796432332672,0.4044732030419673,0.9999994039535522
Pinus/Saarinen2021_vh114_plot8_tree35.npy,train,8,8,1,0.4810742723101714,0.1606360743221969,0.35828964817862796,0.9999990463256836
Pinus/Saarinen2021_vh114_plot8_tree36.npy,train,8,8,1,0.37235634884319374,0.22128469614845114,0.4063589503147557,0.9999991655349731
Pinus/Saarinen2021_vh114_plot8_tree38.npy,train,8,8,1,0.4679794617880444,0.2671378289184569,0.2648827049017747,0.9999973773956299
Pinus/Saarinen2021_vh114_plot8_tree39.npy,train,8,8,1,0.3972041001563473,0.2769304449899306,0.32586544986642957,0.9999988079071045
Pinus/Saarinen2021_vh114_plot8_tree4.npy,train,8,8,1,0.4200823136709975,0.26557497774112215,0.3143427037053671,0.9999982118606567
Pinus/Saarinen2021_vh114_plot8_tree41.npy,train,8,8,1,0.541274489598232,0.21738964190695353,0.24133586465084847,0.999995231628418
Pinus/Saarinen2021_vh114_plot8_tree42.npy,train,8,8,1,0.4920887626733233,0.1793534884145701,0.3285577442484372,0.9999955892562866
Pinus/Saarinen2021_vh114_plot8_tree43.npy,train,8,8,1,0.4246510131467415,0.20030928509571092,0.3750396976509309,0.9999961853027344
Pinus/Saarinen2021_vh114_plot8_tree44.npy,train,8,8,1,0.37385212529211587,0.2723072158512663,0.35384065397362124,0.9999988079071045
Pinus/Saarinen2021_vh114_plot8_tree46.npy,train,8,8,1,0.4808127434084896,0.25062859975190915,0.2685586520812491,0.9999964237213135
Pinus/Saarinen2021_vh114_plot8_tree48.npy,train,8,8,1,0.4583291552524134,0.1643807787263605,0.3772900614600547,0.9999946355819702
Pinus/Saarinen2021_vh114_plot8_tree5.npy,train,8,8,1,0.4276918142267404,0.28510417204092603,0.2872040075087189,0.999998927116394
Pinus/Saarinen2021_vh114_plot8_tree53.npy,train,8,8,1,0.5616843939537668,0.25701185887980693,0.18130374487153,0.9999762773513794
Pinus/Saarinen2021_vh114_plot8_tree55.npy,train,8,8,1,0.4796175297302538,0.28791415215921806,0.2324683122804996,0.9999979734420776
Pinus/Saarinen2021_vh114_plot8_tree58.npy,train,8,8,1,0.47103733181615504,0.2279923147978536,0.30097034880465623,0.9999953508377075
Pinus/Saarinen2021_vh114_plot8_tree6.npy,train,8,8,1,0.47035748342451056,0.19311868445347996,0.3365238269173706,0.9999954700469971
Pinus/Saarinen2021_vh114_plot8_tree60.npy,train,8,8,1,0.5182130629978531,0.13476153352768067,0.3470253974654416,0.9999983310699463
Pinus/Saarinen2021_vh114_plot8_tree62.npy,train,8,8,1,0.5012316124159711,0.0937702576929772,0.40499812418894643,0.9999974966049194
Pinus/Saarinen2021_vh114_plot8_tree63.npy,train,8,8,1,0.4305593031750681,0.25146666189299505,0.31797403112161005,0.9999864101409912
Pinus/Saarinen2021_vh114_plot8_tree64.npy,train,8,8,1,0.5238756744056106,0.18915488947182357,0.2869694335644766,0.9999769926071167
Pinus/Saarinen2021_vh114_plot8_tree65.npy,train,8,8,1,0.33792916179326327,0.3084574320458368,0.3536134012444568,0.999998927116394
Pinus/Saarinen2021_vh114_plot8_tree67.npy,train,8,8,1,0.3905370052680223,0.15863899837317874,0.45082398998641476,0.9999995231628418
Pinus/Saarinen2021_vh114_plot8_tree69.npy,train,8,8,1,0.5176392100651946,0.20256881423845838,0.27979197150982493,0.9999940395355225
Pinus/Saarinen2021_vh114_plot8_tree72.npy,train,8,8,1,0.4142780618585786,0.2384720444185922,0.3472498883663376,0.9999985694885254
Pinus/Saarinen2021_vh114_plot8_tree73.npy,train,8,8,1,0.5467687008305379,0.1908574981389062,0.2623737965490583,0.9999945163726807
Pinus/Saarinen2021_vh114_plot8_tree74.npy,train,8,8,1,0.5088290775618308,0.16288014288859132,0.3282907772463932,0.9999161958694458
Pinus/Saarinen2021_vh114_plot8_tree76.npy,train,8,8,1,0.46082860836789263,0.1498971693602332,0.38927421753013197,0.9999979734420776
Pinus/Saarinen2021_vh114_plot8_tree77.npy,train,8,8,1,0.44022310069897924,0.19339726001101587,0.36637963486989056,0.9999966621398926
Pinus/Saarinen2021_vh114_plot8_tree82.npy,train,8,8,1,0.40270014045467106,0.21548641854203573,0.38181343583502847,0.999997615814209
Pinus/Saarinen2021_vh114_plot8_tree83.npy,train,8,8,1,0.4184191410880106,0.21117305760345753,0.37040779620000164,0.9999992847442627
Pinus/Saarinen2021_vh114_plot8_tree85.npy,train,8,8,1,0.4408817982641344,0.2592942648351464,0.29982393174528493,0.9999990463256836
Pinus/Saarinen2021_vh114_plot8_tree87.npy,train,8,8,1,0.4246234990262058,0.2952985399505624,0.2800779556674465,0.9999986886978149
Pinus/Saarinen2021_vh114_plot8_tree89.npy,train,8,8,1,0.5750267383640415,0.1449257109554486,0.2800475463794117,0.9999808073043823
Pinus/Saarinen2021_vh114_plot8_tree9.npy,train,8,8,1,0.5019259306026123,0.21428304707029122,0.2837910179916166,0.9999912977218628
Pinus/Saarinen2021_vh114_plot8_tree90.npy,train,8,8,1,0.49333279823905185,0.21893926937755817,0.2877279272464362,0.9999958276748657
Pinus/Saarinen2021_vh114_plot8_tree94.npy,train,8,8,1,0.4423460490502432,0.22625820835883564,0.3313957386128722,0.9999512434005737
Pinus/Saarinen2021_vh114_plot8_tree95.npy,train,8,8,1,0.4657510744073738,0.26430637425267217,0.26994254596341916,0.9999973773956299
Pinus/Saarinen2021_vh114_plot8_tree96.npy,train,8,8,1,0.4233662631015537,0.2334238247377212,0.34320990667448886,0.999998927116394
Pinus/Saarinen2021_vh114_plot8_tree97.npy,train,8,8,1,0.506703713784974,0.14982413790935567,0.3434721419144473,0.9999990463256836
Pinus/Saarinen2021_vh114_plot8_tree98.npy,train,8,8,1,0.5146423819357604,0.2559150242826404,0.22944258915208088,0.9999984502792358
Pinus/Saarinen2021_vh114_plot8_tree99.npy,train,8,8,1,0.5640390099167588,0.08263794211885313,0.35332304483687693,0.9999793767929077
Pinus/Saarinen2021_vh114_plot9_tree12.npy,train,8,8,1,0.4550321276717355,0.25482655666189624,0.29014130995130166,0.9999990463256836
Pinus/Saarinen2021_vh114_plot9_tree15.npy,train,8,8,1,0.3948822085633532,0.17848156195826717,0.42663622334121476,0.9999994039535522
Pinus/Saarinen2021_vh114_plot9_tree17.npy,train,8,8,1,0.4557520675549083,0.23362352000241635,0.3106244064947351,0.9999979734420776
Pinus/Saarinen2021_vh114_plot9_tree18.npy,train,8,8,1,0.49256147242328535,0.15527646435383416,0.3521620598356227,0.9999477863311768
Pinus/Saarinen2021_vh114_plot9_tree19.npy,train,8,8,1,0.39694703781046253,0.2283646510923985,0.3746883056360193,0.9999986886978149
Pinus/Saarinen2021_vh114_plot9_tree2.npy,train,8,8,1,0.3761178046601668,0.24556131650084642,0.3783208738753974,0.9999983310699463
Pinus/Saarinen2021_vh114_plot9_tree22.npy,train,8,8,1,0.39917671137623323,0.2392516999621977,0.36157158348417606,0.9999971389770508
Pinus/Saarinen2021_vh114_plot9_tree23.npy,train,8,8,1,0.43519060758571937,0.08271844875298351,0.4820909386453414,0.9999991655349731
Pinus/Saarinen2021_vh114_plot9_tree24.npy,train,8,8,1,0.4254504471347966,0.21917908306885045,0.35537046588166954,0.9999946355819702
Pinus/Saarinen2021_vh114_plot9_tree27.npy,train,8,8,1,0.47642043786162136,0.16897331034102292,0.354606247360877,0.9999940395355225
Pinus/Saarinen2021_vh114_plot9_tree28.npy,train,8,8,1,0.5226540355404361,0.13380501310640755,0.34354094767728866,0.999990701675415
Pinus/Saarinen2021_vh114_plot9_tree29.npy,train,8,8,1,0.4390528376958902,0.2365412239612983,0.32440593656372135,0.9994747042655945
Pinus/Saarinen2021_vh114_plot9_tree32.npy,train,8,8,1,0.4242227380665523,0.23149534553894208,0.3442819122170167,0.9999958276748657
Pinus/Saarinen2021_vh114_plot9_tree34.npy,train,8,8,1,0.43159523340167916,0.2588202252956412,0.3095845384665375,0.9999768733978271
Pinus/Saarinen2021_vh114_plot9_tree35.npy,train,8,8,1,0.41374513927196455,0.2983311173334335,0.2879237398373247,0.9999948740005493
Pinus/Saarinen2021_vh114_plot9_tree36.npy,train,8,8,1,0.42877524555436963,0.21176416277636634,0.359460586040686,0.9999957084655762
Pinus/Saarinen2021_vh114_plot9_tree4.npy,train,8,8,1,0.4341514571657875,0.15650545410765054,0.40934308337118713,0.9999979734420776
Pinus/Saarinen2021_vh114_plot9_tree43.npy,train,8,8,1,0.511569808356781,0.2246441685977239,0.2637860191566805,0.9999960660934448
Pinus/Saarinen2021_vh114_plot9_tree45.npy,train,8,8,1,0.41546292410587665,0.2266379994047738,0.35789907099260376,0.9999978542327881
Pinus/Saarinen2021_vh114_plot9_tree46.npy,train,8,8,1,0.38078187120017204,0.2718683960430808,0.34734972867828495,0.9999978542327881
Pinus/Saarinen2021_vh114_plot9_tree47.npy,train,8,8,1,0.4428306844876918,0.2597462665553715,0.29742304354771454,0.9999985694885254
Pinus/Saarinen2021_vh114_plot9_tree5.npy,train,8,8,1,0.4399015511466784,0.2228950472369095,0.33720339805913674,0.9999909400939941
Pinus/Saarinen2021_vh114_plot9_tree51.npy,train,8,8,1,0.4603698821278481,0.20770388824570857,0.33192622332801397,0.9999986886978149
Pinus/Saarinen2021_vh114_plot9_tree52.npy,train,8,8,1,0.4332022485569569,0.2497317116258598,0.31706603640737485,0.9999586343765259
Pinus/Saarinen2021_vh114_plot9_tree53.npy,train,8,8,1,0.4179001475899112,0.23831559129175203,0.3437842553896136,0.9999994039535522
Pinus/Saarinen2021_vh114_plot9_tree54.npy,train,8,8,1,0.34961345109631675,0.26423745971893503,0.3861490866809648,0.9998632669448853
Pinus/Saarinen2021_vh114_plot9_tree55.npy,train,8,8,1,0.423022422693539,0.22843147860977245,0.3485460936806934,0.9999978542327881
Pinus/Saarinen2021_vh114_plot9_tree56.npy,train,8,8,1,0.3899742273860536,0.2535331815326031,0.3564925857791345,0.9999969005584717
Pinus/Saarinen2021_vh114_plot9_tree57.npy,train,8,8,1,0.48581990569706185,0.14124795236113522,0.3729321377380369,0.9999856948852539
Pinus/Saarinen2021_vh114_plot9_tree9.npy,train,8,8,1,0.4365680701362773,0.18556238942213418,0.3778695369869862,0.9999951124191284
